Provider,inpatient_claim_count,inpatient_total_reimbursement,inpatient_avg_reimbursement,inpatient_unique_beneficiaries,outpatient_claim_count,outpatient_total_reimbursement,outpatient_avg_reimbursement,outpatient_unique_beneficiaries,avg_bene_chronic_count,max_bene_chronic_count,avg_bene_age,death_rate,bene_count,n_unique_diag_codes,n_unique_proc_codes,total_claim_count,ip_claim_ratio,avg_reimbursement_overall,Fraud
PRV51001,5.0,97000.0,19400.0,5.0,20.0,7640.0,382.0,19.0,16.458333333333332,21,78.125,0.0,24,72.0,3.0,25.0,0.2,4185.6,0
PRV51003,62.0,573000.0,9241.935483870968,53.0,70.0,32670.0,466.7142857142857,66.0,17.632478632478634,22,68.95726495726495,0.008547008547008548,117,365.0,39.0,132.0,0.4696969696969697,4588.409090909091,1
PRV51004,0.0,0.0,0.0,0.0,149.0,52170.0,350.13422818791946,138.0,17.681159420289855,22,72.48550724637681,0.007246376811594203,138,267.0,0.0,149.0,0.0,350.13422818791946,0
PRV51005,0.0,0.0,0.0,0.0,1165.0,280910.0,241.1244635193133,495.0,18.115151515151513,22,69.98787878787878,0.006060606060606061,495,1294.0,0.0,1165.0,0.0,241.1244635193133,1
PRV51007,3.0,19000.0,6333.333333333333,3.0,69.0,14710.0,213.18840579710144,56.0,18.120689655172413,22,67.98275862068965,0.017241379310344827,58,165.0,1.0,72.0,0.041666666666666664,468.19444444444446,0
PRV51008,2.0,25000.0,12500.0,2.0,41.0,10630.0,259.2682926829268,34.0,17.916666666666668,22,74.66666666666667,0.0,36,98.0,2.0,43.0,0.046511627906976744,828.6046511627907,0
PRV51011,1.0,5000.0,5000.0,1.0,57.0,11630.0,204.03508771929825,52.0,17.471698113207548,22,73.16981132075472,0.018867924528301886,53,120.0,0.0,58.0,0.017241379310344827,286.7241379310345,0
PRV51012,0.0,0.0,0.0,0.0,48.0,16890.0,351.875,31.0,17.612903225806452,22,75.54838709677419,0.0,31,105.0,0.0,48.0,0.0,351.875,0
PRV51013,0.0,0.0,0.0,0.0,46.0,14880.0,323.4782608695652,44.0,17.613636363636363,22,74.0909090909091,0.0,44,103.0,0.0,46.0,0.0,323.4782608695652,0
PRV51014,0.0,0.0,0.0,0.0,30.0,10480.0,349.3333333333333,25.0,18.0,22,71.84,0.04,25,93.0,0.0,30.0,0.0,349.3333333333333,0
PRV51015,0.0,0.0,0.0,0.0,8.0,700.0,87.5,7.0,15.428571428571429,20,71.85714285714286,0.0,7,22.0,0.0,8.0,0.0,87.5,0
PRV51016,0.0,0.0,0.0,0.0,6.0,170.0,28.333333333333332,6.0,16.5,18,70.5,0.0,6,21.0,0.0,6.0,0.0,28.333333333333332,0
PRV51017,0.0,0.0,0.0,0.0,515.0,142720.0,277.126213592233,420.0,17.752380952380953,22,72.27142857142857,0.011904761904761904,420,723.0,2.0,515.0,0.0,277.126213592233,0
PRV51021,29.0,269000.0,9275.862068965518,23.0,228.0,79830.0,350.13157894736844,187.0,17.53846153846154,22,73.27403846153847,0.004807692307692308,208,520.0,18.0,257.0,0.11284046692607004,1357.3151750972763,1
PRV51023,9.0,54000.0,6000.0,9.0,27.0,11610.0,430.0,27.0,17.571428571428573,22,72.34285714285714,0.0,35,130.0,5.0,36.0,0.25,1822.5,0
PRV51024,9.0,61000.0,6777.777777777777,9.0,30.0,3050.0,101.66666666666667,29.0,17.236842105263158,22,67.71052631578948,0.0,38,112.0,7.0,39.0,0.23076923076923078,1642.3076923076924,0
PRV51025,13.0,86000.0,6615.384615384615,12.0,74.0,32350.0,437.1621621621622,66.0,17.67105263157895,22,73.22368421052632,0.0,76,222.0,11.0,87.0,0.14942528735632185,1360.344827586207,0
PRV51026,0.0,0.0,0.0,0.0,76.0,19840.0,261.05263157894734,56.0,17.946428571428573,22,69.0,0.017857142857142856,56,142.0,0.0,76.0,0.0,261.05263157894734,0
PRV51027,0.0,0.0,0.0,0.0,53.0,29840.0,563.0188679245283,44.0,17.34090909090909,22,71.77272727272727,0.022727272727272728,44,106.0,0.0,53.0,0.0,563.0188679245283,0
PRV51029,0.0,0.0,0.0,0.0,93.0,30660.0,329.6774193548387,79.0,18.227848101265824,22,70.92405063291139,0.012658227848101266,79,202.0,0.0,93.0,0.0,329.6774193548387,0
PRV51030,82.0,705600.0,8604.878048780487,71.0,89.0,34160.0,383.82022471910113,78.0,17.30344827586207,22,71.32413793103449,0.013793103448275862,145,465.0,48.0,171.0,0.47953216374269003,4326.081871345029,0
PRV51031,28.0,329000.0,11750.0,26.0,157.0,30720.0,195.6687898089172,135.0,17.178343949044585,22,72.54140127388536,0.006369426751592357,157,384.0,23.0,185.0,0.15135135135135136,1944.4324324324325,0
PRV51032,0.0,0.0,0.0,0.0,23.0,5420.0,235.65217391304347,21.0,17.428571428571427,21,70.61904761904762,0.047619047619047616,21,47.0,0.0,23.0,0.0,235.65217391304347,0
PRV51035,1.0,29000.0,29000.0,1.0,29.0,3560.0,122.75862068965517,24.0,17.36,22,74.64,0.0,25,59.0,1.0,30.0,0.03333333333333333,1085.3333333333333,0
PRV51036,0.0,0.0,0.0,0.0,278.0,74880.0,269.3525179856115,131.0,18.12213740458015,22,71.68702290076335,0.0,131,463.0,0.0,278.0,0.0,269.3525179856115,0
PRV51037,23.0,214000.0,9304.347826086956,21.0,431.0,128230.0,297.51740139211137,202.0,17.854368932038835,22,71.49029126213593,0.014563106796116505,206,690.0,12.0,454.0,0.05066079295154185,753.8105726872246,1
PRV51038,30.0,229600.0,7653.333333333333,26.0,111.0,35890.0,323.3333333333333,83.0,17.327102803738317,22,70.97196261682242,0.009345794392523364,107,323.0,14.0,141.0,0.2127659574468085,1882.9078014184397,0
PRV51040,9.0,63000.0,7000.0,8.0,77.0,11470.0,148.96103896103895,62.0,17.91304347826087,22,71.07246376811594,0.014492753623188406,69,206.0,7.0,86.0,0.10465116279069768,865.9302325581396,0
PRV51041,0.0,0.0,0.0,0.0,34.0,7410.0,217.94117647058823,31.0,17.967741935483872,22,69.96774193548387,0.0,31,76.0,0.0,34.0,0.0,217.94117647058823,0
PRV51042,0.0,0.0,0.0,0.0,142.0,48050.0,338.38028169014086,128.0,18.03125,22,73.015625,0.0,128,258.0,0.0,142.0,0.0,338.38028169014086,0
PRV51043,0.0,0.0,0.0,0.0,23.0,4480.0,194.7826086956522,20.0,17.6,20,72.8,0.0,20,42.0,0.0,23.0,0.0,194.7826086956522,0
PRV51044,0.0,0.0,0.0,0.0,59.0,21330.0,361.52542372881356,39.0,17.76923076923077,22,69.82051282051282,0.0,39,118.0,0.0,59.0,0.0,361.52542372881356,0
PRV51045,0.0,0.0,0.0,0.0,31.0,8390.0,270.64516129032256,29.0,17.724137931034484,22,71.37931034482759,0.0,29,71.0,0.0,31.0,0.0,270.64516129032256,0
PRV51046,8.0,101000.0,12625.0,7.0,30.0,8370.0,279.0,19.0,17.346153846153847,22,71.03846153846153,0.0,26,111.0,5.0,38.0,0.21052631578947367,2878.157894736842,0
PRV51047,0.0,0.0,0.0,0.0,11.0,2530.0,230.0,11.0,18.09090909090909,22,70.54545454545455,0.0,11,22.0,0.0,11.0,0.0,230.0,0
PRV51048,4.0,19000.0,4750.0,4.0,34.0,8700.0,255.88235294117646,30.0,17.09090909090909,20,71.24242424242425,0.0,33,97.0,3.0,38.0,0.10526315789473684,728.9473684210526,0
PRV51049,0.0,0.0,0.0,0.0,71.0,21720.0,305.9154929577465,65.0,17.584615384615386,22,70.04615384615384,0.0,65,147.0,0.0,71.0,0.0,305.9154929577465,0
PRV51052,2.0,14000.0,7000.0,2.0,44.0,16800.0,381.8181818181818,36.0,17.864864864864863,22,70.27027027027027,0.0,37,116.0,1.0,46.0,0.043478260869565216,669.5652173913044,1
PRV51053,1.0,8000.0,8000.0,1.0,0.0,0.0,0.0,0.0,18.0,18,68.0,0.0,1,9.0,1.0,1.0,1.0,8000.0,0
PRV51054,0.0,0.0,0.0,0.0,57.0,15130.0,265.43859649122805,40.0,18.425,22,70.425,0.0,40,124.0,0.0,57.0,0.0,265.43859649122805,0
PRV51055,2.0,16700.0,8350.0,2.0,20.0,4940.0,247.0,20.0,17.318181818181817,20,68.72727272727273,0.0,22,72.0,2.0,22.0,0.09090909090909091,983.6363636363636,0
PRV51056,2.0,8000.0,4000.0,2.0,20.0,6700.0,335.0,19.0,16.571428571428573,21,76.52380952380952,0.0,21,61.0,2.0,22.0,0.09090909090909091,668.1818181818181,0
PRV51057,0.0,0.0,0.0,0.0,5.0,6830.0,1366.0,4.0,19.0,21,78.25,0.0,4,20.0,0.0,5.0,0.0,1366.0,0
PRV51058,5.0,91000.0,18200.0,5.0,78.0,16030.0,205.51282051282053,71.0,17.52,22,73.14666666666666,0.0,75,200.0,5.0,83.0,0.060240963855421686,1289.5180722891566,0
PRV51059,25.0,401000.0,16040.0,23.0,71.0,20060.0,282.53521126760563,60.0,17.975609756097562,22,73.4390243902439,0.0,82,266.0,22.0,96.0,0.2604166666666667,4386.041666666667,1
PRV51060,5.0,35000.0,7000.0,5.0,37.0,8710.0,235.40540540540542,37.0,17.476190476190474,22,71.47619047619048,0.0,42,116.0,0.0,42.0,0.11904761904761904,1040.7142857142858,0
PRV51061,1.0,3000.0,3000.0,1.0,144.0,51940.0,360.69444444444446,66.0,17.955223880597014,22,74.31343283582089,0.0,67,260.0,2.0,145.0,0.006896551724137931,378.8965517241379,0
PRV51062,3.0,45000.0,15000.0,3.0,394.0,108380.0,275.0761421319797,164.0,18.0,22,71.74698795180723,0.0,166,634.0,5.0,397.0,0.007556675062972292,386.3476070528967,0
PRV51063,0.0,0.0,0.0,0.0,149.0,51110.0,343.02013422818794,115.0,17.57391304347826,22,69.13913043478261,0.008695652173913044,115,286.0,0.0,149.0,0.0,343.02013422818794,0
PRV51064,36.0,280000.0,7777.777777777777,34.0,267.0,80320.0,300.8239700374532,198.0,17.47136563876652,22,72.68722466960352,0.004405286343612335,227,573.0,20.0,303.0,0.1188118811881188,1189.1749174917493,1
PRV51065,10.0,75000.0,7500.0,10.0,18.0,1570.0,87.22222222222223,16.0,17.384615384615383,22,75.57692307692308,0.0,26,108.0,9.0,28.0,0.35714285714285715,2734.6428571428573,0
PRV51066,2.0,19000.0,9500.0,2.0,22.0,5790.0,263.1818181818182,19.0,18.19047619047619,21,68.52380952380952,0.047619047619047616,21,70.0,2.0,24.0,0.08333333333333333,1032.9166666666667,0
PRV51067,12.0,326000.0,27166.666666666668,11.0,46.0,8520.0,185.2173913043478,39.0,17.775510204081634,22,67.83673469387755,0.0,49,173.0,11.0,58.0,0.20689655172413793,5767.586206896552,1
PRV51068,9.0,77000.0,8555.555555555555,9.0,252.0,66260.0,262.93650793650795,206.0,17.845794392523363,22,69.94392523364486,0.014018691588785047,214,495.0,3.0,261.0,0.034482758620689655,548.8888888888889,0
PRV51070,10.0,101000.0,10100.0,10.0,89.0,24410.0,274.2696629213483,61.0,17.92753623188406,22,70.69565217391305,0.0,69,222.0,6.0,99.0,0.10101010101010101,1266.7676767676767,0
PRV51071,0.0,0.0,0.0,0.0,24.0,8550.0,356.25,24.0,17.125,21,68.41666666666667,0.0,24,55.0,0.0,24.0,0.0,356.25,0
PRV51072,12.0,72000.0,6000.0,12.0,200.0,47170.0,235.85,150.0,17.59375,22,70.8875,0.025,160,417.0,6.0,212.0,0.05660377358490566,562.122641509434,0
PRV51074,5.0,31000.0,6200.0,5.0,34.0,10170.0,299.11764705882354,34.0,17.384615384615383,22,72.8974358974359,0.0,39,114.0,1.0,39.0,0.1282051282051282,1055.6410256410256,0
PRV51075,0.0,0.0,0.0,0.0,17.0,8550.0,502.94117647058823,13.0,17.384615384615383,22,74.92307692307692,0.0,13,38.0,0.0,17.0,0.0,502.94117647058823,0
PRV51076,0.0,0.0,0.0,0.0,29.0,10230.0,352.7586206896552,27.0,17.11111111111111,21,75.66666666666667,0.037037037037037035,27,67.0,0.0,29.0,0.0,352.7586206896552,0
PRV51077,16.0,199000.0,12437.5,13.0,17.0,5350.0,314.70588235294116,17.0,16.533333333333335,21,71.23333333333333,0.0,30,127.0,8.0,33.0,0.48484848484848486,6192.424242424242,1
PRV51078,9.0,76000.0,8444.444444444445,9.0,14.0,2270.0,162.14285714285714,14.0,17.782608695652176,22,70.6086956521739,0.0,23,91.0,8.0,23.0,0.391304347826087,3403.0434782608695,0
PRV51081,6.0,79000.0,13166.666666666666,6.0,194.0,45080.0,232.37113402061857,125.0,17.519083969465647,22,70.81679389312977,0.007633587786259542,131,395.0,8.0,200.0,0.03,620.4,0
PRV51082,0.0,0.0,0.0,0.0,34.0,5470.0,160.88235294117646,31.0,18.06451612903226,22,72.25806451612904,0.0,31,69.0,0.0,34.0,0.0,160.88235294117646,0
PRV51083,0.0,0.0,0.0,0.0,90.0,18100.0,201.11111111111111,81.0,17.395061728395063,22,74.23456790123457,0.0,81,183.0,0.0,90.0,0.0,201.11111111111111,0
PRV51084,20.0,191000.0,9550.0,19.0,90.0,24580.0,273.1111111111111,67.0,17.55294117647059,22,72.14117647058823,0.0,85,247.0,11.0,110.0,0.18181818181818182,1959.8181818181818,1
PRV51086,31.0,413000.0,13322.58064516129,30.0,108.0,33170.0,307.1296296296296,86.0,17.57391304347826,22,74.32173913043478,0.017391304347826087,115,356.0,24.0,139.0,0.22302158273381295,3209.856115107914,0
PRV51089,18.0,177000.0,9833.333333333334,18.0,210.0,53900.0,256.6666666666667,179.0,17.614213197969544,22,71.23857868020305,0.01015228426395939,197,452.0,16.0,228.0,0.07894736842105263,1012.719298245614,0
PRV51090,0.0,0.0,0.0,0.0,7.0,5830.0,832.8571428571429,7.0,17.714285714285715,22,71.71428571428571,0.0,7,15.0,0.0,7.0,0.0,832.8571428571429,0
PRV51091,0.0,0.0,0.0,0.0,44.0,9270.0,210.6818181818182,44.0,17.5,22,69.04545454545455,0.022727272727272728,44,104.0,0.0,44.0,0.0,210.6818181818182,0
PRV51093,2.0,11000.0,5500.0,2.0,7.0,2710.0,387.14285714285717,7.0,17.333333333333332,21,75.55555555555556,0.0,9,32.0,2.0,9.0,0.2222222222222222,1523.3333333333333,0
PRV51096,0.0,0.0,0.0,0.0,5.0,3200.0,640.0,5.0,17.2,19,85.2,0.0,5,8.0,0.0,5.0,0.0,640.0,0
PRV51097,0.0,0.0,0.0,0.0,125.0,44420.0,355.36,71.0,18.323943661971832,22,69.92957746478874,0.0,71,247.0,0.0,125.0,0.0,355.36,0
PRV51098,0.0,0.0,0.0,0.0,4.0,300.0,75.0,4.0,16.0,17,81.75,0.0,4,13.0,0.0,4.0,0.0,75.0,0
PRV51100,5.0,78000.0,15600.0,5.0,0.0,0.0,0.0,0.0,18.4,21,70.6,0.2,5,41.0,4.0,5.0,1.0,15600.0,0
PRV51101,3.0,16600.0,5533.333333333333,3.0,0.0,0.0,0.0,0.0,15.666666666666666,18,57.0,0.0,3,22.0,1.0,3.0,1.0,5533.333333333333,0
PRV51102,12.0,148000.0,12333.333333333334,11.0,0.0,0.0,0.0,0.0,17.363636363636363,21,80.72727272727273,0.0,11,88.0,10.0,12.0,1.0,12333.333333333334,0
PRV51103,0.0,0.0,0.0,0.0,6.0,440.0,73.33333333333333,4.0,14.75,15,74.0,0.0,4,8.0,0.0,6.0,0.0,73.33333333333333,1
PRV51104,0.0,0.0,0.0,0.0,12.0,1900.0,158.33333333333334,9.0,17.22222222222222,21,76.77777777777777,0.0,9,28.0,0.0,12.0,0.0,158.33333333333334,0
PRV51105,0.0,0.0,0.0,0.0,12.0,6540.0,545.0,12.0,16.916666666666668,20,76.08333333333333,0.0,12,28.0,0.0,12.0,0.0,545.0,0
PRV51108,19.0,156000.0,8210.526315789473,19.0,0.0,0.0,0.0,0.0,16.05263157894737,21,71.89473684210526,0.0,19,107.0,6.0,19.0,1.0,8210.526315789473,0
PRV51109,3.0,18000.0,6000.0,3.0,0.0,0.0,0.0,0.0,13.666666666666666,15,56.0,0.0,3,25.0,4.0,3.0,1.0,6000.0,0
PRV51110,5.0,27000.0,5400.0,5.0,0.0,0.0,0.0,0.0,16.4,19,67.6,0.0,5,42.0,4.0,5.0,1.0,5400.0,0
PRV51111,0.0,0.0,0.0,0.0,132.0,54860.0,415.6060606060606,85.0,17.694117647058825,22,72.52941176470588,0.0,85,278.0,0.0,132.0,0.0,415.6060606060606,0
PRV51112,0.0,0.0,0.0,0.0,304.0,105250.0,346.2171052631579,195.0,17.866666666666667,22,70.70769230769231,0.015384615384615385,195,465.0,0.0,304.0,0.0,346.2171052631579,0
PRV51113,0.0,0.0,0.0,0.0,132.0,46390.0,351.43939393939394,78.0,18.102564102564102,22,72.41025641025641,0.01282051282051282,78,255.0,1.0,132.0,0.0,351.43939393939394,0
PRV51114,0.0,0.0,0.0,0.0,262.0,76720.0,292.82442748091603,160.0,17.76875,22,70.3375,0.0125,160,376.0,0.0,262.0,0.0,292.82442748091603,0
PRV51115,0.0,0.0,0.0,0.0,7.0,980.0,140.0,6.0,17.5,21,72.5,0.0,6,13.0,0.0,7.0,0.0,140.0,0
PRV51117,0.0,0.0,0.0,0.0,12.0,1950.0,162.5,10.0,16.2,19,67.3,0.0,10,28.0,0.0,12.0,0.0,162.5,0
PRV51118,16.0,136000.0,8500.0,16.0,0.0,0.0,0.0,0.0,16.9375,21,67.1875,0.0,16,106.0,14.0,16.0,1.0,8500.0,0
PRV51119,94.0,985000.0,10478.72340425532,81.0,1.0,95580.0,95580.0,1.0,16.876543209876544,21,74.74074074074075,0.012345679012345678,81,357.0,51.0,95.0,0.9894736842105263,11374.526315789473,1
PRV51120,7.0,52000.0,7428.571428571428,7.0,0.0,0.0,0.0,0.0,17.0,21,60.857142857142854,0.0,7,51.0,5.0,7.0,1.0,7428.571428571428,0
PRV51121,6.0,81000.0,13500.0,6.0,1.0,80.0,80.0,1.0,17.571428571428573,20,66.42857142857143,0.14285714285714285,7,41.0,5.0,7.0,0.8571428571428571,11582.857142857143,0
PRV51122,0.0,0.0,0.0,0.0,7.0,1120.0,160.0,7.0,19.142857142857142,22,66.71428571428571,0.0,7,14.0,0.0,7.0,0.0,160.0,0
PRV51123,2.0,9000.0,4500.0,2.0,29.0,17910.0,617.5862068965517,28.0,17.857142857142858,21,69.5,0.0,28,88.0,1.0,31.0,0.06451612903225806,868.0645161290323,0
PRV51125,12.0,110000.0,9166.666666666666,12.0,36.0,21310.0,591.9444444444445,20.0,17.90625,22,68.65625,0.0,32,140.0,10.0,48.0,0.25,2735.625,0
PRV51126,20.0,177000.0,8850.0,14.0,0.0,0.0,0.0,0.0,16.785714285714285,20,69.42857142857143,0.0,14,110.0,12.0,20.0,1.0,8850.0,1
PRV51128,5.0,90000.0,18000.0,3.0,45.0,12220.0,271.55555555555554,37.0,17.473684210526315,21,67.89473684210526,0.0,38,153.0,3.0,50.0,0.1,2044.4,0
PRV51129,0.0,0.0,0.0,0.0,96.0,22920.0,238.75,65.0,17.846153846153847,22,73.55384615384615,0.0,65,194.0,0.0,96.0,0.0,238.75,0
PRV51130,0.0,0.0,0.0,0.0,7.0,4970.0,710.0,7.0,17.285714285714285,21,61.857142857142854,0.0,7,19.0,0.0,7.0,0.0,710.0,0
PRV51131,0.0,0.0,0.0,0.0,8.0,1160.0,145.0,8.0,17.875,21,74.375,0.0,8,30.0,0.0,8.0,0.0,145.0,0
PRV51132,1.0,4000.0,4000.0,1.0,7.0,1330.0,190.0,5.0,19.5,22,72.0,0.0,6,18.0,1.0,8.0,0.125,666.25,0
PRV51134,0.0,0.0,0.0,0.0,15.0,7610.0,507.3333333333333,12.0,18.333333333333332,22,67.16666666666667,0.0,12,28.0,0.0,15.0,0.0,507.3333333333333,0
PRV51135,0.0,0.0,0.0,0.0,5.0,300.0,60.0,2.0,17.5,18,69.5,0.0,2,8.0,0.0,5.0,0.0,60.0,0
PRV51136,1.0,20000.0,20000.0,1.0,0.0,0.0,0.0,0.0,20.0,20,71.0,0.0,1,9.0,2.0,1.0,1.0,20000.0,0
PRV51137,1.0,6000.0,6000.0,1.0,54.0,10050.0,186.11111111111111,50.0,17.294117647058822,22,72.52941176470588,0.0196078431372549,51,129.0,1.0,55.0,0.01818181818181818,291.8181818181818,0
PRV51138,1.0,6000.0,6000.0,1.0,25.0,7430.0,297.2,20.0,18.428571428571427,22,73.0952380952381,0.0,21,60.0,1.0,26.0,0.038461538461538464,516.5384615384615,0
PRV51139,7.0,41300.0,5900.0,7.0,36.0,11280.0,313.3333333333333,35.0,17.595238095238095,22,74.5,0.0,42,115.0,1.0,43.0,0.16279069767441862,1222.7906976744187,0
PRV51140,47.0,307400.0,6540.425531914893,45.0,440.0,145730.0,331.20454545454544,363.0,17.728426395939085,22,72.83502538071066,0.0,394,758.0,19.0,487.0,0.09650924024640657,930.4517453798768,0
PRV51141,0.0,0.0,0.0,0.0,71.0,19490.0,274.50704225352115,37.0,18.405405405405407,22,75.94594594594595,0.0,37,160.0,0.0,71.0,0.0,274.50704225352115,0
PRV51142,7.0,97000.0,13857.142857142857,5.0,44.0,7570.0,172.04545454545453,35.0,17.842105263157894,22,72.8157894736842,0.0,38,131.0,6.0,51.0,0.13725490196078433,2050.392156862745,0
PRV51143,0.0,0.0,0.0,0.0,77.0,20450.0,265.5844155844156,68.0,18.044117647058822,22,72.41176470588235,0.014705882352941176,68,160.0,0.0,77.0,0.0,265.5844155844156,0
PRV51144,4.0,53000.0,13250.0,4.0,26.0,8220.0,316.15384615384613,25.0,17.75862068965517,22,76.58620689655173,0.034482758620689655,29,83.0,3.0,30.0,0.13333333333333333,2040.6666666666667,0
PRV51145,161.0,1600600.0,9941.614906832297,125.0,41.0,5750.0,140.2439024390244,39.0,17.273291925465838,22,73.07453416149069,0.006211180124223602,161,549.0,80.0,202.0,0.7970297029702971,7952.227722772277,1
PRV51146,162.0,1618200.0,9988.888888888889,157.0,190.0,62710.0,330.05263157894734,177.0,17.251497005988025,22,73.52395209580838,0.008982035928143712,334,710.0,74.0,352.0,0.4602272727272727,4775.3125,1
PRV51147,0.0,0.0,0.0,0.0,32.0,8860.0,276.875,32.0,18.34375,22,71.59375,0.0,32,76.0,0.0,32.0,0.0,276.875,0
PRV51148,34.0,398400.0,11717.64705882353,33.0,296.0,90260.0,304.93243243243245,230.0,17.627376425855513,22,73.95437262357414,0.0,263,599.0,26.0,330.0,0.10303030303030303,1480.7878787878788,1
PRV51149,116.0,1113000.0,9594.827586206897,108.0,32.0,7680.0,240.0,28.0,16.66176470588235,22,71.67647058823529,0.0,136,476.0,61.0,148.0,0.7837837837837838,7572.1621621621625,1
PRV51151,22.0,142000.0,6454.545454545455,22.0,211.0,59300.0,281.042654028436,203.0,17.377777777777776,22,73.56444444444445,0.0044444444444444444,225,451.0,12.0,233.0,0.0944206008583691,863.9484978540772,0
PRV51152,0.0,0.0,0.0,0.0,83.0,25770.0,310.48192771084337,39.0,17.871794871794872,22,73.28205128205128,0.0,39,179.0,0.0,83.0,0.0,310.48192771084337,0
PRV51153,4.0,51000.0,12750.0,4.0,83.0,20490.0,246.86746987951807,79.0,17.542168674698797,22,73.3012048192771,0.024096385542168676,83,188.0,5.0,87.0,0.04597701149425287,821.7241379310345,0
PRV51154,0.0,0.0,0.0,0.0,161.0,45750.0,284.16149068322983,147.0,17.666666666666668,22,74.5374149659864,0.006802721088435374,147,297.0,0.0,161.0,0.0,284.16149068322983,0
PRV51155,0.0,0.0,0.0,0.0,115.0,26330.0,228.95652173913044,110.0,17.9,22,73.02727272727273,0.00909090909090909,110,212.0,0.0,115.0,0.0,228.95652173913044,0
PRV51156,0.0,0.0,0.0,0.0,542.0,140640.0,259.48339483394835,425.0,18.04470588235294,22,73.45411764705882,0.002352941176470588,425,742.0,0.0,542.0,0.0,259.48339483394835,0
PRV51159,65.0,635660.0,9779.384615384615,60.0,504.0,162130.0,321.68650793650795,448.0,17.73715415019763,22,73.82411067193677,0.003952569169960474,506,860.0,35.0,569.0,0.11423550087873462,1402.091388400703,1
PRV51160,90.0,866000.0,9622.222222222223,87.0,24.0,6020.0,250.83333333333334,24.0,16.6,22,73.13636363636364,0.0,110,403.0,51.0,114.0,0.7894736842105263,7649.298245614035,0
PRV51164,41.0,443000.0,10804.878048780487,40.0,350.0,113980.0,325.65714285714284,298.0,17.70059880239521,22,73.23952095808383,0.0,334,660.0,23.0,391.0,0.10485933503836317,1424.5012787723786,0
PRV51165,26.0,306000.0,11769.23076923077,26.0,72.0,23700.0,329.1666666666667,71.0,17.61855670103093,22,75.10309278350516,0.0,97,281.0,21.0,98.0,0.2653061224489796,3364.285714285714,0
PRV51166,1.0,22000.0,22000.0,1.0,4.0,2870.0,717.5,4.0,18.2,20,71.4,0.0,5,17.0,1.0,5.0,0.2,4974.0,0
PRV51167,0.0,0.0,0.0,0.0,190.0,51980.0,273.57894736842104,182.0,17.53846153846154,22,74.57142857142857,0.005494505494505495,182,348.0,0.0,190.0,0.0,273.57894736842104,0
PRV51168,9.0,63000.0,7000.0,9.0,78.0,17470.0,223.97435897435898,77.0,17.58139534883721,22,73.45348837209302,0.011627906976744186,86,188.0,6.0,87.0,0.10344827586206896,924.9425287356322,0
PRV51169,0.0,0.0,0.0,0.0,77.0,19380.0,251.6883116883117,74.0,17.594594594594593,22,74.64864864864865,0.0,74,163.0,0.0,77.0,0.0,251.6883116883117,0
PRV51170,8.0,145000.0,18125.0,8.0,8.0,820.0,102.5,8.0,16.8125,21,72.8125,0.0,16,70.0,8.0,16.0,0.5,9113.75,1
PRV51171,0.0,0.0,0.0,0.0,59.0,13820.0,234.23728813559322,59.0,17.54237288135593,22,72.88135593220339,0.0,59,129.0,0.0,59.0,0.0,234.23728813559322,0
PRV51173,7.0,90000.0,12857.142857142857,7.0,15.0,6290.0,419.3333333333333,14.0,18.095238095238095,22,72.76190476190476,0.0,21,78.0,8.0,22.0,0.3181818181818182,4376.818181818182,1
PRV51175,0.0,0.0,0.0,0.0,41.0,9650.0,235.3658536585366,39.0,17.307692307692307,21,71.51282051282051,0.0,39,94.0,0.0,41.0,0.0,235.3658536585366,0
PRV51176,0.0,0.0,0.0,0.0,445.0,145980.0,328.0449438202247,399.0,17.506265664160402,22,73.0827067669173,0.005012531328320802,399,637.0,0.0,445.0,0.0,328.0449438202247,0
PRV51178,34.0,422000.0,12411.764705882353,33.0,31.0,9180.0,296.1290322580645,31.0,17.328125,22,70.90625,0.0,64,239.0,24.0,65.0,0.5230769230769231,6633.538461538462,1
PRV51179,0.0,0.0,0.0,0.0,26.0,5000.0,192.30769230769232,26.0,17.807692307692307,22,70.26923076923077,0.0,26,76.0,0.0,26.0,0.0,192.30769230769232,0
PRV51180,2.0,47000.0,23500.0,2.0,127.0,47240.0,371.9685039370079,84.0,17.74418604651163,22,74.22093023255815,0.0,86,273.0,1.0,129.0,0.015503875968992248,730.5426356589147,0
PRV51181,0.0,0.0,0.0,0.0,10.0,2150.0,215.0,10.0,17.3,22,77.4,0.1,10,18.0,0.0,10.0,0.0,215.0,0
PRV51183,41.0,336800.0,8214.634146341463,41.0,72.0,18990.0,263.75,65.0,17.457142857142856,22,72.6952380952381,0.009523809523809525,105,321.0,22.0,113.0,0.36283185840707965,3148.5840707964603,0
PRV51185,0.0,0.0,0.0,0.0,8.0,1590.0,198.75,8.0,18.125,21,72.75,0.0,8,16.0,0.0,8.0,0.0,198.75,0
PRV51186,0.0,0.0,0.0,0.0,2.0,100.0,50.0,2.0,19.0,20,74.5,0.0,2,7.0,0.0,2.0,0.0,50.0,0
PRV51189,0.0,0.0,0.0,0.0,56.0,8740.0,156.07142857142858,51.0,18.294117647058822,22,74.84313725490196,0.0,51,122.0,0.0,56.0,0.0,156.07142857142858,0
PRV51190,3.0,24000.0,8000.0,3.0,63.0,15310.0,243.015873015873,61.0,17.265625,22,73.265625,0.0,64,133.0,2.0,66.0,0.045454545454545456,595.6060606060606,0
PRV51191,0.0,0.0,0.0,0.0,32.0,10990.0,343.4375,30.0,18.333333333333332,22,70.36666666666666,0.0,30,83.0,0.0,32.0,0.0,343.4375,0
PRV51194,2.0,18000.0,9000.0,2.0,7.0,540.0,77.14285714285714,7.0,18.444444444444443,22,72.44444444444444,0.0,9,29.0,1.0,9.0,0.2222222222222222,2060.0,0
PRV51196,0.0,0.0,0.0,0.0,720.0,197060.0,273.69444444444446,432.0,18.099537037037038,22,74.12037037037037,0.004629629629629629,432,911.0,0.0,720.0,0.0,273.69444444444446,0
PRV51198,0.0,0.0,0.0,0.0,6.0,360.0,60.0,3.0,19.333333333333332,21,77.66666666666667,0.0,3,10.0,0.0,6.0,0.0,60.0,0
PRV51200,0.0,0.0,0.0,0.0,19.0,4420.0,232.6315789473684,16.0,17.75,21,71.5625,0.0,16,49.0,0.0,19.0,0.0,232.6315789473684,0
PRV51201,0.0,0.0,0.0,0.0,45.0,10660.0,236.88888888888889,41.0,17.829268292682926,22,73.48780487804878,0.0,41,104.0,0.0,45.0,0.0,236.88888888888889,0
PRV51202,0.0,0.0,0.0,0.0,12.0,5010.0,417.5,12.0,17.833333333333332,21,70.08333333333333,0.0,12,22.0,0.0,12.0,0.0,417.5,0
PRV51203,0.0,0.0,0.0,0.0,21.0,15340.0,730.4761904761905,20.0,17.9,22,66.1,0.0,20,45.0,0.0,21.0,0.0,730.4761904761905,0
PRV51204,0.0,0.0,0.0,0.0,499.0,155180.0,310.9819639278557,398.0,17.979899497487438,22,73.06532663316582,0.007537688442211055,398,684.0,0.0,499.0,0.0,310.9819639278557,0
PRV51205,0.0,0.0,0.0,0.0,10.0,4660.0,466.0,10.0,17.7,22,74.9,0.0,10,29.0,0.0,10.0,0.0,466.0,0
PRV51206,0.0,0.0,0.0,0.0,10.0,1560.0,156.0,10.0,17.3,21,74.6,0.0,10,20.0,0.0,10.0,0.0,156.0,0
PRV51207,3.0,51000.0,17000.0,3.0,0.0,0.0,0.0,0.0,17.666666666666668,21,69.66666666666667,0.0,3,23.0,3.0,3.0,1.0,17000.0,0
PRV51209,0.0,0.0,0.0,0.0,42.0,9910.0,235.95238095238096,38.0,17.63157894736842,22,74.44736842105263,0.0,38,91.0,0.0,42.0,0.0,235.95238095238096,0
PRV51210,0.0,0.0,0.0,0.0,9.0,2890.0,321.1111111111111,9.0,18.555555555555557,22,80.66666666666667,0.0,9,17.0,0.0,9.0,0.0,321.1111111111111,0
PRV51211,0.0,0.0,0.0,0.0,2.0,100.0,50.0,2.0,18.0,19,70.5,0.0,2,4.0,0.0,2.0,0.0,50.0,0
PRV51212,0.0,0.0,0.0,0.0,15.0,6260.0,417.3333333333333,15.0,16.933333333333334,19,71.66666666666667,0.0,15,48.0,0.0,15.0,0.0,417.3333333333333,0
PRV51213,0.0,0.0,0.0,0.0,2.0,50.0,25.0,2.0,18.5,19,73.5,0.0,2,4.0,0.0,2.0,0.0,25.0,0
PRV51214,0.0,0.0,0.0,0.0,8.0,3200.0,400.0,8.0,17.625,20,70.125,0.0,8,28.0,0.0,8.0,0.0,400.0,0
PRV51215,0.0,0.0,0.0,0.0,10.0,1610.0,161.0,10.0,17.9,20,80.8,0.0,10,23.0,0.0,10.0,0.0,161.0,0
PRV51216,0.0,0.0,0.0,0.0,71.0,15560.0,219.1549295774648,66.0,17.772727272727273,22,73.46969696969697,0.015151515151515152,66,136.0,0.0,71.0,0.0,219.1549295774648,0
PRV51217,0.0,0.0,0.0,0.0,5.0,2930.0,586.0,5.0,18.6,21,71.0,0.0,5,11.0,0.0,5.0,0.0,586.0,0
PRV51218,0.0,0.0,0.0,0.0,7.0,520.0,74.28571428571429,7.0,18.571428571428573,22,63.0,0.0,7,16.0,0.0,7.0,0.0,74.28571428571429,0
PRV51219,0.0,0.0,0.0,0.0,8.0,5330.0,666.25,8.0,17.625,22,71.25,0.0,8,16.0,0.0,8.0,0.0,666.25,0
PRV51221,0.0,0.0,0.0,0.0,1.0,70.0,70.0,1.0,17.0,17,80.0,0.0,1,1.0,0.0,1.0,0.0,70.0,0
PRV51222,0.0,0.0,0.0,0.0,5.0,860.0,172.0,3.0,19.666666666666668,21,78.66666666666667,0.0,3,11.0,0.0,5.0,0.0,172.0,0
PRV51224,0.0,0.0,0.0,0.0,7.0,3130.0,447.14285714285717,7.0,18.0,19,76.14285714285714,0.0,7,13.0,0.0,7.0,0.0,447.14285714285717,0
PRV51225,0.0,0.0,0.0,0.0,8.0,1190.0,148.75,8.0,18.625,21,74.125,0.0,8,18.0,0.0,8.0,0.0,148.75,0
PRV51226,0.0,0.0,0.0,0.0,20.0,7430.0,371.5,19.0,18.157894736842106,22,75.63157894736842,0.0,19,46.0,0.0,20.0,0.0,371.5,0
PRV51228,0.0,0.0,0.0,0.0,5.0,430.0,86.0,5.0,19.2,22,69.4,0.0,5,18.0,0.0,5.0,0.0,86.0,0
PRV51229,0.0,0.0,0.0,0.0,47.0,12410.0,264.0425531914894,44.0,18.15909090909091,22,72.38636363636364,0.0,44,91.0,0.0,47.0,0.0,264.0425531914894,0
PRV51230,0.0,0.0,0.0,0.0,30.0,12490.0,416.3333333333333,30.0,17.2,22,70.36666666666666,0.0,30,65.0,0.0,30.0,0.0,416.3333333333333,0
PRV51231,2.0,16000.0,8000.0,2.0,0.0,0.0,0.0,0.0,16.5,17,69.5,0.0,2,15.0,3.0,2.0,1.0,8000.0,0
PRV51232,1.0,26000.0,26000.0,1.0,0.0,0.0,0.0,0.0,15.0,15,90.0,0.0,1,9.0,1.0,1.0,1.0,26000.0,0
PRV51233,3.0,27000.0,9000.0,3.0,0.0,0.0,0.0,0.0,18.666666666666668,21,67.66666666666667,0.0,3,17.0,2.0,3.0,1.0,9000.0,0
PRV51234,5.0,29000.0,5800.0,5.0,0.0,0.0,0.0,0.0,18.4,21,71.2,0.0,5,37.0,6.0,5.0,1.0,5800.0,0
PRV51235,2.0,10000.0,5000.0,2.0,0.0,0.0,0.0,0.0,17.0,20,54.5,0.0,2,12.0,1.0,2.0,1.0,5000.0,0
PRV51236,1.0,12000.0,12000.0,1.0,0.0,0.0,0.0,0.0,18.0,18,36.0,0.0,1,6.0,0.0,1.0,1.0,12000.0,0
PRV51237,1.0,19000.0,19000.0,1.0,0.0,0.0,0.0,0.0,15.0,15,90.0,0.0,1,4.0,1.0,1.0,1.0,19000.0,0
PRV51238,8.0,132000.0,16500.0,8.0,0.0,0.0,0.0,0.0,15.625,19,73.875,0.0,8,64.0,5.0,8.0,1.0,16500.0,0
PRV51239,1.0,5000.0,5000.0,1.0,0.0,0.0,0.0,0.0,18.0,18,82.0,0.0,1,9.0,0.0,1.0,1.0,5000.0,0
PRV51240,11.0,81000.0,7363.636363636364,11.0,49.0,13020.0,265.7142857142857,29.0,17.92105263157895,21,73.76315789473684,0.0,38,170.0,8.0,60.0,0.18333333333333332,1567.0,0
PRV51241,10.0,78000.0,7800.0,9.0,50.0,12210.0,244.2,38.0,16.95744680851064,22,73.19148936170212,0.0,47,152.0,5.0,60.0,0.16666666666666666,1503.5,0
PRV51242,11.0,88000.0,8000.0,10.0,100.0,29200.0,292.0,79.0,17.517241379310345,22,72.28735632183908,0.011494252873563218,87,252.0,8.0,111.0,0.0990990990990991,1055.855855855856,1
PRV51243,0.0,0.0,0.0,0.0,36.0,6330.0,175.83333333333334,15.0,18.2,21,74.8,0.06666666666666667,15,69.0,0.0,36.0,0.0,175.83333333333334,0
PRV51244,200.0,1796100.0,8980.5,166.0,1215.0,357890.0,294.559670781893,587.0,17.965098634294385,22,71.57966616084977,0.009104704097116844,659,1609.0,79.0,1415.0,0.1413427561837456,1522.2544169611308,1
PRV51245,4.0,20000.0,5000.0,4.0,169.0,63630.0,376.50887573964496,55.0,17.79310344827586,22,71.32758620689656,0.0,58,319.0,3.0,173.0,0.023121387283236993,483.4104046242775,0
PRV51247,10.0,74000.0,7400.0,7.0,24.0,2240.0,93.33333333333333,19.0,17.846153846153847,22,73.88461538461539,0.0,26,126.0,6.0,34.0,0.29411764705882354,2242.3529411764707,0
PRV51248,1.0,23000.0,23000.0,1.0,1.0,500.0,500.0,1.0,15.5,16,83.5,0.0,2,12.0,1.0,2.0,0.5,11750.0,0
PRV51249,51.0,506000.0,9921.56862745098,40.0,75.0,15330.0,204.4,66.0,17.742574257425744,22,72.94059405940594,0.0,101,372.0,25.0,126.0,0.40476190476190477,4137.539682539683,1
PRV51250,0.0,0.0,0.0,0.0,85.0,22560.0,265.4117647058824,71.0,18.12676056338028,22,70.94366197183099,0.014084507042253521,71,164.0,0.0,85.0,0.0,265.4117647058824,0
PRV51251,0.0,0.0,0.0,0.0,11.0,3590.0,326.3636363636364,10.0,17.2,22,70.3,0.0,10,43.0,0.0,11.0,0.0,326.3636363636364,0
PRV51252,18.0,142000.0,7888.888888888889,18.0,69.0,12930.0,187.3913043478261,60.0,17.526315789473685,22,70.19736842105263,0.013157894736842105,76,236.0,10.0,87.0,0.20689655172413793,1780.8045977011495,0
PRV51253,0.0,0.0,0.0,0.0,85.0,21740.0,255.76470588235293,76.0,17.38157894736842,22,72.02631578947368,0.0,76,181.0,0.0,85.0,0.0,255.76470588235293,0
PRV51255,2.0,11000.0,5500.0,2.0,72.0,29570.0,410.69444444444446,61.0,17.64516129032258,22,72.75806451612904,0.0,62,156.0,2.0,74.0,0.02702702702702703,548.2432432432432,0
PRV51256,0.0,0.0,0.0,0.0,95.0,38550.0,405.7894736842105,80.0,17.7625,22,72.3625,0.0125,80,191.0,0.0,95.0,0.0,405.7894736842105,0
PRV51258,8.0,98000.0,12250.0,7.0,6.0,1660.0,276.6666666666667,6.0,16.916666666666668,21,75.66666666666667,0.0,12,72.0,6.0,14.0,0.5714285714285714,7118.571428571428,0
PRV51259,4.0,150000.0,37500.0,3.0,17.0,1960.0,115.29411764705883,16.0,17.842105263157894,22,77.78947368421052,0.0,19,52.0,4.0,21.0,0.19047619047619047,7236.190476190476,0
PRV51260,3.0,78000.0,26000.0,3.0,59.0,14390.0,243.89830508474577,52.0,17.618181818181817,22,68.27272727272727,0.0,55,129.0,2.0,62.0,0.04838709677419355,1490.1612903225807,0
PRV51261,26.0,245000.0,9423.076923076924,25.0,116.0,25170.0,216.98275862068965,101.0,17.308943089430894,22,71.8780487804878,0.008130081300813009,123,319.0,20.0,142.0,0.18309859154929578,1902.605633802817,0
PRV51262,0.0,0.0,0.0,0.0,60.0,16270.0,271.1666666666667,52.0,17.173076923076923,21,73.57692307692308,0.0,52,123.0,0.0,60.0,0.0,271.1666666666667,0
PRV51263,18.0,210000.0,11666.666666666666,15.0,26.0,8170.0,314.2307692307692,25.0,17.62162162162162,22,71.51351351351352,0.0,37,163.0,11.0,44.0,0.4090909090909091,4958.409090909091,1
PRV51264,0.0,0.0,0.0,0.0,39.0,5270.0,135.12820512820514,35.0,18.02857142857143,22,73.08571428571429,0.0,35,74.0,0.0,39.0,0.0,135.12820512820514,0
PRV51265,0.0,0.0,0.0,0.0,160.0,45770.0,286.0625,84.0,18.142857142857142,22,69.89285714285714,0.011904761904761904,84,330.0,1.0,160.0,0.0,286.0625,0
PRV51266,10.0,78300.0,7830.0,10.0,82.0,24600.0,300.0,72.0,17.4390243902439,22,74.39024390243902,0.0,82,230.0,4.0,92.0,0.10869565217391304,1118.4782608695652,0
PRV51267,2.0,9000.0,4500.0,2.0,12.0,3870.0,322.5,12.0,17.0,22,76.0,0.0,14,51.0,2.0,14.0,0.14285714285714285,919.2857142857143,0
PRV51271,2.0,17000.0,8500.0,2.0,121.0,26180.0,216.36363636363637,89.0,17.9,22,73.58888888888889,0.0,90,237.0,0.0,123.0,0.016260162601626018,351.0569105691057,0
PRV51272,2.0,22000.0,11000.0,2.0,77.0,28760.0,373.5064935064935,29.0,17.35483870967742,21,72.7741935483871,0.0,31,191.0,0.0,79.0,0.02531645569620253,642.5316455696203,0
PRV51273,0.0,0.0,0.0,0.0,553.0,131340.0,237.50452079566003,387.0,17.77777777777778,22,72.31266149870801,0.002583979328165375,387,740.0,0.0,553.0,0.0,237.50452079566003,0
PRV51274,10.0,165000.0,16500.0,10.0,48.0,10720.0,223.33333333333334,39.0,18.041666666666668,22,75.91666666666667,0.020833333333333332,48,158.0,6.0,58.0,0.1724137931034483,3029.655172413793,0
PRV51276,14.0,116000.0,8285.714285714286,12.0,53.0,17980.0,339.24528301886795,49.0,17.883333333333333,22,68.4,0.0,60,173.0,7.0,67.0,0.208955223880597,1999.7014925373135,0
PRV51277,10.0,121000.0,12100.0,10.0,49.0,20190.0,412.0408163265306,46.0,17.425925925925927,22,71.27777777777777,0.0,54,144.0,9.0,59.0,0.1694915254237288,2393.0508474576272,0
PRV51279,0.0,0.0,0.0,0.0,224.0,59840.0,267.14285714285717,186.0,17.70967741935484,22,70.45698924731182,0.0,186,372.0,0.0,224.0,0.0,267.14285714285717,0
PRV51280,0.0,0.0,0.0,0.0,39.0,20250.0,519.2307692307693,34.0,18.176470588235293,22,75.23529411764706,0.058823529411764705,34,84.0,0.0,39.0,0.0,519.2307692307693,0
PRV51281,0.0,0.0,0.0,0.0,259.0,89470.0,345.44401544401546,200.0,18.01,22,71.155,0.01,200,470.0,0.0,259.0,0.0,345.44401544401546,0
PRV51282,8.0,66000.0,8250.0,8.0,51.0,11330.0,222.15686274509804,43.0,17.431372549019606,21,72.45098039215686,0.0,51,164.0,5.0,59.0,0.13559322033898305,1310.677966101695,0
PRV51284,17.0,182000.0,10705.882352941177,17.0,360.0,97860.0,271.8333333333333,218.0,17.982062780269057,22,71.85201793721973,0.0,223,627.0,8.0,377.0,0.04509283819628647,742.3342175066313,0
PRV51285,15.0,161000.0,10733.333333333334,13.0,153.0,35120.0,229.54248366013073,98.0,17.63302752293578,22,71.97247706422019,0.009174311926605505,109,345.0,7.0,168.0,0.08928571428571429,1167.3809523809523,0
PRV51286,15.0,136000.0,9066.666666666666,12.0,55.0,9170.0,166.72727272727272,51.0,17.35483870967742,22,75.48387096774194,0.0,62,183.0,11.0,70.0,0.21428571428571427,2073.8571428571427,0
PRV51287,0.0,0.0,0.0,0.0,78.0,25700.0,329.4871794871795,46.0,17.67391304347826,22,73.95652173913044,0.0,46,174.0,0.0,78.0,0.0,329.4871794871795,0
PRV51288,3.0,37000.0,12333.333333333334,3.0,5.0,360.0,72.0,5.0,18.25,22,74.0,0.0,8,36.0,2.0,8.0,0.375,4670.0,0
PRV51289,0.0,0.0,0.0,0.0,92.0,46300.0,503.2608695652174,38.0,16.894736842105264,22,75.13157894736842,0.02631578947368421,38,159.0,0.0,92.0,0.0,503.2608695652174,0
PRV51290,0.0,0.0,0.0,0.0,113.0,14990.0,132.65486725663717,81.0,17.91358024691358,22,74.64197530864197,0.012345679012345678,81,220.0,0.0,113.0,0.0,132.65486725663717,0
PRV51292,0.0,0.0,0.0,0.0,22.0,3970.0,180.45454545454547,16.0,18.125,21,69.25,0.0625,16,39.0,0.0,22.0,0.0,180.45454545454547,0
PRV51293,0.0,0.0,0.0,0.0,88.0,21200.0,240.9090909090909,64.0,18.078125,22,69.59375,0.0,64,194.0,0.0,88.0,0.0,240.9090909090909,0
PRV51295,0.0,0.0,0.0,0.0,7.0,1950.0,278.57142857142856,6.0,17.5,19,66.66666666666667,0.0,6,16.0,0.0,7.0,0.0,278.57142857142856,0
PRV51296,3.0,33000.0,11000.0,3.0,27.0,5630.0,208.5185185185185,24.0,17.77777777777778,22,75.07407407407408,0.037037037037037035,27,86.0,1.0,30.0,0.1,1287.6666666666667,0
PRV51297,5.0,51000.0,10200.0,4.0,65.0,26090.0,401.38461538461536,44.0,17.565217391304348,21,72.6304347826087,0.021739130434782608,46,170.0,5.0,70.0,0.07142857142857142,1101.2857142857142,0
PRV51298,0.0,0.0,0.0,0.0,100.0,31120.0,311.2,53.0,18.433962264150942,22,71.58490566037736,0.03773584905660377,53,224.0,0.0,100.0,0.0,311.2,0
PRV51299,0.0,0.0,0.0,0.0,37.0,6230.0,168.3783783783784,27.0,17.333333333333332,22,67.81481481481481,0.0,27,96.0,0.0,37.0,0.0,168.3783783783784,0
PRV51300,7.0,93000.0,13285.714285714286,5.0,45.0,14540.0,323.1111111111111,29.0,17.5625,22,70.3125,0.0,32,140.0,4.0,52.0,0.1346153846153846,2068.076923076923,0
PRV51301,6.0,108000.0,18000.0,6.0,106.0,28910.0,272.7358490566038,59.0,17.746031746031747,22,72.03174603174604,0.0,63,244.0,6.0,112.0,0.05357142857142857,1222.4107142857142,0
PRV51302,10.0,76000.0,7600.0,10.0,33.0,4710.0,142.72727272727272,24.0,17.852941176470587,22,73.32352941176471,0.08823529411764706,34,130.0,7.0,43.0,0.23255813953488372,1876.9767441860465,0
PRV51303,0.0,0.0,0.0,0.0,93.0,36110.0,388.2795698924731,49.0,17.448979591836736,22,72.36734693877551,0.02040816326530612,49,188.0,0.0,93.0,0.0,388.2795698924731,0
PRV51304,2.0,28000.0,14000.0,2.0,49.0,11350.0,231.6326530612245,38.0,18.076923076923077,22,72.2051282051282,0.02564102564102564,39,104.0,1.0,51.0,0.0392156862745098,771.5686274509804,0
PRV51305,11.0,98000.0,8909.09090909091,9.0,38.0,15400.0,405.2631578947368,23.0,17.586206896551722,22,73.62068965517241,0.034482758620689655,29,152.0,4.0,49.0,0.22448979591836735,2314.285714285714,0
PRV51306,0.0,0.0,0.0,0.0,17.0,3700.0,217.64705882352942,13.0,18.23076923076923,21,72.92307692307692,0.0,13,37.0,0.0,17.0,0.0,217.64705882352942,0
PRV51307,0.0,0.0,0.0,0.0,37.0,6940.0,187.56756756756758,21.0,17.761904761904763,22,73.76190476190476,0.09523809523809523,21,88.0,0.0,37.0,0.0,187.56756756756758,0
PRV51308,0.0,0.0,0.0,0.0,35.0,13790.0,394.0,31.0,18.258064516129032,22,68.6774193548387,0.06451612903225806,31,73.0,0.0,35.0,0.0,394.0,0
PRV51309,0.0,0.0,0.0,0.0,18.0,3790.0,210.55555555555554,17.0,16.941176470588236,22,75.82352941176471,0.0,17,43.0,0.0,18.0,0.0,210.55555555555554,0
PRV51311,3.0,13000.0,4333.333333333333,3.0,18.0,3010.0,167.22222222222223,15.0,18.0,22,73.61111111111111,0.05555555555555555,18,52.0,1.0,21.0,0.14285714285714285,762.3809523809524,0
PRV51312,4.0,19000.0,4750.0,3.0,42.0,9790.0,233.0952380952381,26.0,17.20689655172414,22,76.0,0.034482758620689655,29,109.0,1.0,46.0,0.08695652173913043,625.8695652173913,0
PRV51313,0.0,0.0,0.0,0.0,19.0,4970.0,261.57894736842104,16.0,17.625,21,65.4375,0.0,16,45.0,0.0,19.0,0.0,261.57894736842104,0
PRV51314,0.0,0.0,0.0,0.0,30.0,6460.0,215.33333333333334,20.0,18.05,22,71.95,0.0,20,65.0,0.0,30.0,0.0,215.33333333333334,0
PRV51315,0.0,0.0,0.0,0.0,47.0,7210.0,153.40425531914894,22.0,18.09090909090909,22,74.45454545454545,0.09090909090909091,22,104.0,0.0,47.0,0.0,153.40425531914894,0
PRV51316,3.0,21000.0,7000.0,3.0,0.0,0.0,0.0,0.0,19.0,21,79.0,0.0,3,27.0,3.0,3.0,1.0,7000.0,0
PRV51318,3.0,13000.0,4333.333333333333,3.0,0.0,0.0,0.0,0.0,14.666666666666666,17,79.0,0.0,3,21.0,2.0,3.0,1.0,4333.333333333333,0
PRV51322,0.0,0.0,0.0,0.0,12.0,850.0,70.83333333333333,11.0,18.363636363636363,21,70.0,0.0,11,35.0,0.0,12.0,0.0,70.83333333333333,0
PRV51323,0.0,0.0,0.0,0.0,76.0,20860.0,274.4736842105263,32.0,18.84375,22,70.84375,0.0,32,128.0,0.0,76.0,0.0,274.4736842105263,0
PRV51324,0.0,0.0,0.0,0.0,28.0,9330.0,333.2142857142857,25.0,17.76,22,71.64,0.0,25,58.0,0.0,28.0,0.0,333.2142857142857,0
PRV51325,0.0,0.0,0.0,0.0,15.0,15140.0,1009.3333333333334,5.0,17.4,20,73.8,0.0,5,35.0,0.0,15.0,0.0,1009.3333333333334,0
PRV51326,0.0,0.0,0.0,0.0,44.0,14000.0,318.1818181818182,22.0,18.636363636363637,21,67.9090909090909,0.0,22,130.0,0.0,44.0,0.0,318.1818181818182,0
PRV51327,0.0,0.0,0.0,0.0,41.0,8990.0,219.26829268292684,27.0,18.74074074074074,22,73.22222222222223,0.0,27,92.0,0.0,41.0,0.0,219.26829268292684,0
PRV51328,0.0,0.0,0.0,0.0,7.0,550.0,78.57142857142857,5.0,20.0,22,71.8,0.0,5,21.0,0.0,7.0,0.0,78.57142857142857,0
PRV51329,0.0,0.0,0.0,0.0,74.0,19360.0,261.6216216216216,28.0,18.321428571428573,22,69.32142857142857,0.03571428571428571,28,155.0,0.0,74.0,0.0,261.6216216216216,0
PRV51330,0.0,0.0,0.0,0.0,19.0,3810.0,200.52631578947367,9.0,18.11111111111111,22,72.66666666666667,0.0,9,44.0,0.0,19.0,0.0,200.52631578947367,0
PRV51331,0.0,0.0,0.0,0.0,5.0,320.0,64.0,4.0,15.75,19,75.25,0.0,4,24.0,0.0,5.0,0.0,64.0,0
PRV51334,2.0,15000.0,7500.0,2.0,0.0,0.0,0.0,0.0,19.5,20,56.5,0.0,2,16.0,1.0,2.0,1.0,7500.0,0
PRV51335,0.0,0.0,0.0,0.0,142.0,46080.0,324.50704225352115,92.0,17.97826086956522,22,74.53260869565217,0.010869565217391304,92,272.0,0.0,142.0,0.0,324.50704225352115,0
PRV51336,10.0,116000.0,11600.0,10.0,59.0,13450.0,227.96610169491527,59.0,17.463768115942027,22,71.7536231884058,0.028985507246376812,69,188.0,8.0,69.0,0.14492753623188406,1876.0869565217392,0
PRV51337,40.0,350000.0,8750.0,37.0,128.0,29100.0,227.34375,120.0,17.490322580645163,22,73.20645161290322,0.025806451612903226,155,366.0,20.0,168.0,0.23809523809523808,2256.5476190476193,1
PRV51338,7.0,73000.0,10428.57142857143,7.0,121.0,40860.0,337.68595041322317,118.0,17.516129032258064,22,75.54838709677419,0.008064516129032258,124,293.0,4.0,128.0,0.0546875,889.53125,1
PRV51340,0.0,0.0,0.0,0.0,151.0,43210.0,286.158940397351,141.0,17.404255319148938,22,74.77304964539007,0.0,141,285.0,0.0,151.0,0.0,286.158940397351,0
PRV51341,0.0,0.0,0.0,0.0,71.0,14530.0,204.64788732394365,70.0,18.32857142857143,22,74.08571428571429,0.014285714285714285,70,159.0,0.0,71.0,0.0,204.64788732394365,0
PRV51342,28.0,319000.0,11392.857142857143,28.0,179.0,37780.0,211.0614525139665,154.0,17.56983240223464,22,75.39106145251397,0.027932960893854747,179,447.0,20.0,207.0,0.13526570048309178,1723.574879227053,0
PRV51344,2.0,19000.0,9500.0,2.0,31.0,7250.0,233.8709677419355,31.0,18.0,22,73.78787878787878,0.0,33,71.0,0.0,33.0,0.06060606060606061,795.4545454545455,0
PRV51345,0.0,0.0,0.0,0.0,49.0,15120.0,308.57142857142856,47.0,17.595744680851062,22,72.0,0.0,47,97.0,0.0,49.0,0.0,308.57142857142856,0
PRV51346,5.0,41000.0,8200.0,5.0,261.0,63490.0,243.25670498084293,241.0,17.414634146341463,22,73.79268292682927,0.012195121951219513,246,470.0,8.0,266.0,0.018796992481203006,392.81954887218046,0
PRV51347,0.0,0.0,0.0,0.0,2067.0,596900.0,288.7760038703435,947.0,18.050686378035902,22,73.4857444561774,0.013727560718057022,947,1863.0,1.0,2067.0,0.0,288.7760038703435,1
PRV51348,19.0,146000.0,7684.210526315789,19.0,36.0,6330.0,175.83333333333334,36.0,16.814814814814813,22,74.9074074074074,0.0,54,175.0,12.0,55.0,0.34545454545454546,2769.6363636363635,0
PRV51349,5.0,37000.0,7400.0,5.0,25.0,3480.0,139.2,23.0,17.357142857142858,21,76.46428571428571,0.0,28,89.0,2.0,30.0,0.16666666666666666,1349.3333333333333,0
PRV51350,21.0,142000.0,6761.9047619047615,20.0,218.0,71380.0,327.43119266055044,212.0,17.38362068965517,22,75.46120689655173,0.004310344827586207,232,452.0,13.0,239.0,0.08786610878661087,892.8033472803347,0
PRV51351,0.0,0.0,0.0,0.0,32.0,10840.0,338.75,32.0,17.28125,22,76.03125,0.0,32,86.0,0.0,32.0,0.0,338.75,0
PRV51352,0.0,0.0,0.0,0.0,4.0,5900.0,1475.0,4.0,19.0,21,85.0,0.0,4,13.0,0.0,4.0,0.0,1475.0,0
PRV51353,5.0,50000.0,10000.0,5.0,13.0,1210.0,93.07692307692308,12.0,17.941176470588236,20,70.47058823529412,0.0,17,57.0,7.0,18.0,0.2777777777777778,2845.0,0
PRV51354,1.0,10000.0,10000.0,1.0,3.0,440.0,146.66666666666666,3.0,18.0,20,73.75,0.0,4,20.0,2.0,4.0,0.25,2610.0,0
PRV51355,15.0,134100.0,8940.0,12.0,59.0,10960.0,185.76271186440678,57.0,17.72463768115942,22,74.5072463768116,0.0,69,176.0,10.0,74.0,0.20270270270270271,1960.2702702702702,0
PRV51356,17.0,167000.0,9823.529411764706,17.0,78.0,20800.0,266.6666666666667,75.0,17.692307692307693,22,73.78021978021978,0.01098901098901099,91,204.0,12.0,95.0,0.17894736842105263,1976.842105263158,0
PRV51357,13.0,170000.0,13076.923076923076,13.0,148.0,35130.0,237.36486486486487,136.0,17.691275167785236,22,72.75167785234899,0.006711409395973154,149,327.0,14.0,161.0,0.08074534161490683,1274.0993788819876,1
PRV51358,7.0,60000.0,8571.42857142857,7.0,10.0,1210.0,121.0,10.0,17.294117647058822,22,79.11764705882354,0.0,17,67.0,6.0,17.0,0.4117647058823529,3600.5882352941176,0
PRV51360,9.0,86000.0,9555.555555555555,9.0,20.0,8230.0,411.5,20.0,18.413793103448278,22,70.75862068965517,0.034482758620689655,29,91.0,9.0,29.0,0.3103448275862069,3249.310344827586,0
PRV51361,0.0,0.0,0.0,0.0,32.0,7870.0,245.9375,32.0,17.8125,22,80.0625,0.0,32,76.0,0.0,32.0,0.0,245.9375,0
PRV51362,6.0,141000.0,23500.0,6.0,38.0,10320.0,271.57894736842104,38.0,17.204545454545453,22,77.25,0.022727272727272728,44,118.0,4.0,44.0,0.13636363636363635,3439.090909090909,0
PRV51363,0.0,0.0,0.0,0.0,3.0,150.0,50.0,3.0,18.0,19,78.33333333333333,0.0,3,12.0,0.0,3.0,0.0,50.0,0
PRV51364,6.0,52000.0,8666.666666666666,6.0,17.0,3830.0,225.2941176470588,17.0,16.565217391304348,20,72.0,0.0,23,87.0,5.0,23.0,0.2608695652173913,2427.391304347826,0
PRV51366,0.0,0.0,0.0,0.0,57.0,18340.0,321.7543859649123,53.0,17.169811320754718,22,69.71698113207547,0.0,53,116.0,0.0,57.0,0.0,321.7543859649123,0
PRV51368,0.0,0.0,0.0,0.0,4.0,570.0,142.5,4.0,17.75,21,70.25,0.0,4,14.0,0.0,4.0,0.0,142.5,0
PRV51369,0.0,0.0,0.0,0.0,2083.0,601910.0,288.96303408545367,963.0,18.07268951194185,22,74.10280373831776,0.010384215991692628,963,1850.0,2.0,2083.0,0.0,288.96303408545367,1
PRV51371,11.0,83400.0,7581.818181818182,11.0,35.0,9730.0,278.0,34.0,17.511111111111113,22,75.0,0.022222222222222223,45,132.0,7.0,46.0,0.2391304347826087,2024.5652173913043,0
PRV51376,0.0,0.0,0.0,0.0,51.0,19420.0,380.7843137254902,48.0,17.833333333333332,22,74.39583333333333,0.0,48,117.0,0.0,51.0,0.0,380.7843137254902,0
PRV51377,3.0,102000.0,34000.0,3.0,92.0,21950.0,238.58695652173913,91.0,17.77659574468085,22,73.08510638297872,0.010638297872340425,94,191.0,3.0,95.0,0.031578947368421054,1304.7368421052631,0
PRV51378,108.0,1202000.0,11129.62962962963,85.0,53.0,13370.0,252.26415094339623,53.0,17.112781954887218,22,73.75187969924812,0.007518796992481203,133,498.0,57.0,161.0,0.6708074534161491,7548.88198757764,1
PRV51379,2.0,13000.0,6500.0,2.0,20.0,6340.0,317.0,20.0,17.59090909090909,21,71.63636363636364,0.0,22,56.0,0.0,22.0,0.09090909090909091,879.0909090909091,0
PRV51380,4.0,51000.0,12750.0,4.0,4.0,560.0,140.0,4.0,17.625,21,75.0,0.0,8,41.0,5.0,8.0,0.5,6445.0,0
PRV51382,0.0,0.0,0.0,0.0,16.0,6840.0,427.5,16.0,17.3125,21,72.5,0.0,16,42.0,0.0,16.0,0.0,427.5,0
PRV51383,9.0,89000.0,9888.888888888889,9.0,68.0,19490.0,286.61764705882354,68.0,16.805194805194805,22,72.81818181818181,0.0,77,200.0,3.0,77.0,0.11688311688311688,1408.9610389610389,0
PRV51386,0.0,0.0,0.0,0.0,382.0,99320.0,260.0,274.0,17.868613138686133,22,73.63868613138686,0.010948905109489052,274,575.0,0.0,382.0,0.0,260.0,0
PRV51387,13.0,96000.0,7384.615384615385,13.0,46.0,18420.0,400.4347826086956,40.0,16.725490196078432,22,72.74509803921569,0.0196078431372549,51,162.0,10.0,59.0,0.22033898305084745,1939.322033898305,0
PRV51388,14.0,159000.0,11357.142857142857,14.0,72.0,32010.0,444.5833333333333,67.0,17.308641975308642,22,70.74074074074075,0.012345679012345678,81,199.0,8.0,86.0,0.16279069767441862,2221.046511627907,0
PRV51389,18.0,136000.0,7555.555555555556,18.0,61.0,17470.0,286.39344262295083,60.0,17.883116883116884,22,72.53246753246754,0.0,77,224.0,12.0,79.0,0.22784810126582278,1942.6582278481012,0
PRV51390,164.0,1577600.0,9619.512195121952,146.0,111.0,29660.0,267.2072072072072,107.0,17.035573122529645,22,73.6798418972332,0.015810276679841896,253,647.0,72.0,275.0,0.5963636363636363,5844.581818181819,1
PRV51391,13.0,79500.0,6115.384615384615,13.0,164.0,64900.0,395.7317073170732,153.0,17.6144578313253,22,73.45180722891567,0.006024096385542169,166,347.0,6.0,177.0,0.07344632768361582,815.819209039548,0
PRV51392,0.0,0.0,0.0,0.0,17.0,1660.0,97.6470588235294,15.0,17.0,22,75.8,0.0,15,37.0,0.0,17.0,0.0,97.6470588235294,0
PRV51393,68.0,715000.0,10514.70588235294,57.0,842.0,191370.0,227.28028503562945,312.0,18.048632218844986,22,73.9209726443769,0.0121580547112462,329,1161.0,39.0,910.0,0.07472527472527472,996.010989010989,1
PRV51394,0.0,0.0,0.0,0.0,4.0,460.0,115.0,4.0,19.5,22,72.75,0.0,4,6.0,0.0,4.0,0.0,115.0,0
PRV51395,0.0,0.0,0.0,0.0,20.0,10400.0,520.0,20.0,17.5,22,71.8,0.0,20,57.0,0.0,20.0,0.0,520.0,0
PRV51396,3.0,11000.0,3666.6666666666665,3.0,41.0,6520.0,159.02439024390245,40.0,18.069767441860463,22,73.44186046511628,0.046511627906976744,43,105.0,0.0,44.0,0.06818181818181818,398.1818181818182,0
PRV51397,0.0,0.0,0.0,0.0,40.0,17870.0,446.75,40.0,17.725,22,75.825,0.0,40,95.0,0.0,40.0,0.0,446.75,0
PRV51398,1.0,4000.0,4000.0,1.0,85.0,27040.0,318.11764705882354,58.0,17.610169491525422,22,75.03389830508475,0.0,59,190.0,0.0,86.0,0.011627906976744186,360.93023255813955,0
PRV51399,65.0,711400.0,10944.615384615385,58.0,146.0,133670.0,915.5479452054794,143.0,17.281407035175878,22,72.67336683417085,0.005025125628140704,199,475.0,32.0,211.0,0.3080568720379147,4005.071090047393,1
PRV51401,8.0,78000.0,9750.0,8.0,34.0,13520.0,397.6470588235294,34.0,17.023809523809526,22,70.11904761904762,0.0,42,118.0,8.0,42.0,0.19047619047619047,2179.0476190476193,1
PRV51403,10.0,254000.0,25400.0,8.0,104.0,23010.0,221.25,93.0,17.425742574257427,22,75.25742574257426,0.009900990099009901,101,235.0,14.0,114.0,0.08771929824561403,2429.9122807017543,0
PRV51404,1.0,12000.0,12000.0,1.0,58.0,17350.0,299.13793103448273,58.0,17.76271186440678,22,72.91525423728814,0.01694915254237288,59,139.0,1.0,59.0,0.01694915254237288,497.45762711864404,0
PRV51405,2.0,9000.0,4500.0,2.0,47.0,14710.0,312.97872340425533,46.0,17.829787234042552,22,71.61702127659575,0.0,47,109.0,0.0,49.0,0.04081632653061224,483.8775510204082,0
PRV51406,8.0,95000.0,11875.0,8.0,21.0,9260.0,440.95238095238096,21.0,17.103448275862068,21,72.44827586206897,0.0,29,113.0,5.0,29.0,0.27586206896551724,3595.1724137931033,0
PRV51408,0.0,0.0,0.0,0.0,15.0,1390.0,92.66666666666667,15.0,18.533333333333335,22,76.06666666666666,0.0,15,28.0,0.0,15.0,0.0,92.66666666666667,0
PRV51409,0.0,0.0,0.0,0.0,4.0,300.0,75.0,4.0,17.0,19,59.0,0.0,4,9.0,0.0,4.0,0.0,75.0,0
PRV51410,0.0,0.0,0.0,0.0,628.0,177550.0,282.7229299363057,186.0,17.9247311827957,22,75.05376344086021,0.021505376344086023,186,826.0,1.0,628.0,0.0,282.7229299363057,1
PRV51412,0.0,0.0,0.0,0.0,5.0,440.0,88.0,5.0,17.6,20,85.4,0.0,5,13.0,0.0,5.0,0.0,88.0,0
PRV51414,3.0,28000.0,9333.333333333334,3.0,25.0,2230.0,89.2,25.0,16.75,21,71.82142857142857,0.0,28,97.0,2.0,28.0,0.10714285714285714,1079.642857142857,0
PRV51415,7.0,48000.0,6857.142857142857,7.0,44.0,15690.0,356.59090909090907,43.0,17.5,22,72.04,0.0,50,135.0,6.0,51.0,0.13725490196078433,1248.8235294117646,0
PRV51416,0.0,0.0,0.0,0.0,81.0,25640.0,316.5432098765432,79.0,17.88607594936709,22,72.0506329113924,0.012658227848101266,79,148.0,0.0,81.0,0.0,316.5432098765432,0
PRV51418,17.0,176000.0,10352.941176470587,17.0,44.0,13340.0,303.1818181818182,44.0,17.18032786885246,22,71.80327868852459,0.01639344262295082,61,189.0,14.0,61.0,0.2786885245901639,3103.934426229508,0
PRV51419,2.0,17000.0,8500.0,2.0,63.0,14250.0,226.1904761904762,62.0,17.65625,22,75.234375,0.0,64,138.0,1.0,65.0,0.03076923076923077,480.7692307692308,0
PRV51421,84.0,864000.0,10285.714285714286,80.0,55.0,20780.0,377.8181818181818,55.0,17.155555555555555,22,73.74814814814815,0.0,135,411.0,45.0,139.0,0.60431654676259,6365.323741007194,1
PRV51422,4.0,39000.0,9750.0,4.0,21.0,9930.0,472.85714285714283,21.0,16.4,20,75.32,0.0,25,78.0,4.0,25.0,0.16,1957.2,0
PRV51423,0.0,0.0,0.0,0.0,1.0,50.0,50.0,1.0,16.0,16,98.0,0.0,1,5.0,0.0,1.0,0.0,50.0,0
PRV51424,1.0,6000.0,6000.0,1.0,85.0,23670.0,278.47058823529414,81.0,17.658536585365855,22,73.7439024390244,0.0,82,165.0,0.0,86.0,0.011627906976744186,345.0,0
PRV51425,3.0,11000.0,3666.6666666666665,3.0,30.0,14990.0,499.6666666666667,30.0,17.21212121212121,22,73.0,0.0,33,97.0,1.0,33.0,0.09090909090909091,787.5757575757576,0
PRV51426,6.0,106000.0,17666.666666666668,6.0,200.0,39100.0,195.5,89.0,17.604395604395606,22,72.3956043956044,0.02197802197802198,91,379.0,4.0,206.0,0.02912621359223301,704.3689320388349,1
PRV51427,5.0,38000.0,7600.0,5.0,53.0,20770.0,391.8867924528302,51.0,17.625,22,72.48214285714286,0.0,56,140.0,3.0,58.0,0.08620689655172414,1013.2758620689655,0
PRV51428,4.0,31000.0,7750.0,4.0,62.0,17040.0,274.83870967741933,62.0,17.363636363636363,22,75.57575757575758,0.0,66,167.0,1.0,66.0,0.06060606060606061,727.8787878787879,0
PRV51429,0.0,0.0,0.0,0.0,10.0,1100.0,110.0,10.0,19.3,21,66.5,0.0,10,22.0,0.0,10.0,0.0,110.0,0
PRV51430,17.0,186000.0,10941.176470588236,17.0,95.0,27700.0,291.57894736842104,85.0,17.73267326732673,22,75.31683168316832,0.0,101,250.0,11.0,112.0,0.15178571428571427,1908.0357142857142,0
PRV51431,25.0,220000.0,8800.0,22.0,24.0,16720.0,696.6666666666666,23.0,17.19047619047619,22,76.07142857142857,0.0,42,182.0,13.0,49.0,0.5102040816326531,4831.0204081632655,0
PRV51432,7.0,56000.0,8000.0,7.0,16.0,3270.0,204.375,16.0,17.652173913043477,21,71.69565217391305,0.0,23,71.0,8.0,23.0,0.30434782608695654,2576.9565217391305,0
PRV51433,0.0,0.0,0.0,0.0,1610.0,454630.0,282.37888198757764,862.0,17.89327146171694,22,73.21461716937355,0.008120649651972157,862,1597.0,1.0,1610.0,0.0,282.37888198757764,1
PRV51434,24.0,259000.0,10791.666666666666,22.0,78.0,21490.0,275.5128205128205,75.0,17.2680412371134,22,73.76288659793815,0.020618556701030927,97,277.0,19.0,102.0,0.23529411764705882,2749.901960784314,1
PRV51435,6.0,28200.0,4700.0,6.0,17.0,5420.0,318.8235294117647,17.0,18.26086956521739,22,77.34782608695652,0.0,23,72.0,2.0,23.0,0.2608695652173913,1461.7391304347825,0
PRV51436,25.0,171000.0,6840.0,25.0,95.0,22410.0,235.89473684210526,93.0,17.301724137931036,22,74.94827586206897,0.0,116,312.0,14.0,120.0,0.20833333333333334,1611.75,0
PRV51437,0.0,0.0,0.0,0.0,2.0,880.0,440.0,2.0,16.5,18,75.0,0.0,2,4.0,0.0,2.0,0.0,440.0,0
PRV51438,2.0,15000.0,7500.0,2.0,7.0,4510.0,644.2857142857143,7.0,17.555555555555557,22,73.88888888888889,0.0,9,30.0,0.0,9.0,0.2222222222222222,2167.777777777778,0
PRV51439,0.0,0.0,0.0,0.0,42.0,15040.0,358.0952380952381,41.0,17.634146341463413,22,75.95121951219512,0.024390243902439025,41,100.0,0.0,42.0,0.0,358.0952380952381,0
PRV51440,7.0,80000.0,11428.57142857143,7.0,64.0,26380.0,412.1875,64.0,17.802816901408452,22,77.11267605633803,0.014084507042253521,71,182.0,5.0,71.0,0.09859154929577464,1498.3098591549297,0
PRV51441,0.0,0.0,0.0,0.0,85.0,29130.0,342.70588235294116,79.0,18.126582278481013,22,74.62025316455696,0.0,79,174.0,0.0,85.0,0.0,342.70588235294116,0
PRV51442,2.0,25000.0,12500.0,2.0,4.0,970.0,242.5,4.0,18.166666666666668,22,77.5,0.0,6,20.0,0.0,6.0,0.3333333333333333,4328.333333333333,0
PRV51443,2.0,12000.0,6000.0,2.0,71.0,21900.0,308.4507042253521,70.0,17.444444444444443,22,72.76388888888889,0.027777777777777776,72,143.0,2.0,73.0,0.0273972602739726,464.3835616438356,0
PRV51444,4.0,64000.0,16000.0,4.0,38.0,9920.0,261.05263157894734,36.0,17.3,21,72.725,0.0,40,117.0,4.0,42.0,0.09523809523809523,1760.0,0
PRV51446,12.0,94000.0,7833.333333333333,12.0,12.0,3390.0,282.5,12.0,17.291666666666668,22,71.91666666666667,0.0,24,107.0,13.0,24.0,0.5,4057.9166666666665,0
PRV51447,16.0,246000.0,15375.0,16.0,73.0,23390.0,320.4109589041096,65.0,17.625,22,73.925,0.0125,80,231.0,13.0,89.0,0.1797752808988764,3026.85393258427,1
PRV51448,11.0,102000.0,9272.727272727272,11.0,40.0,13550.0,338.75,36.0,17.106382978723403,21,73.51063829787235,0.02127659574468085,47,140.0,8.0,51.0,0.21568627450980393,2265.6862745098038,0
PRV51449,9.0,69000.0,7666.666666666667,9.0,8.0,780.0,97.5,8.0,16.823529411764707,22,72.76470588235294,0.0,17,78.0,6.0,17.0,0.5294117647058824,4104.705882352941,0
PRV51451,0.0,0.0,0.0,0.0,6.0,1170.0,195.0,6.0,17.666666666666668,20,71.5,0.0,6,13.0,0.0,6.0,0.0,195.0,0
PRV51453,0.0,0.0,0.0,0.0,12.0,7080.0,590.0,12.0,16.666666666666668,21,76.75,0.0,12,29.0,0.0,12.0,0.0,590.0,0
PRV51454,0.0,0.0,0.0,0.0,34.0,10630.0,312.6470588235294,32.0,17.34375,20,77.84375,0.0625,32,74.0,0.0,34.0,0.0,312.6470588235294,0
PRV51455,9.0,106800.0,11866.666666666666,9.0,25.0,6850.0,274.0,25.0,17.41176470588235,21,72.11764705882354,0.0,34,109.0,7.0,34.0,0.2647058823529412,3342.6470588235293,0
PRV51456,112.0,1036690.0,9256.160714285714,103.0,23.0,2300.0,100.0,21.0,16.766129032258064,22,74.64516129032258,0.0,124,427.0,55.0,135.0,0.8296296296296296,7696.222222222223,0
PRV51458,0.0,0.0,0.0,0.0,56.0,12440.0,222.14285714285714,55.0,17.581818181818182,22,74.76363636363637,0.01818181818181818,55,113.0,0.0,56.0,0.0,222.14285714285714,0
PRV51459,0.0,0.0,0.0,0.0,8240.0,2321890.0,281.78276699029124,2857.0,18.259712985649283,22,74.11865593279664,0.007000350017500875,2857,3859.0,6.0,8240.0,0.0,281.78276699029124,1
PRV51460,17.0,212000.0,12470.588235294117,16.0,435.0,122480.0,281.5632183908046,399.0,17.85230024213075,22,73.3680387409201,0.002421307506053269,413,661.0,12.0,452.0,0.03761061946902655,740.0,0
PRV51462,0.0,0.0,0.0,0.0,30.0,9430.0,314.3333333333333,29.0,17.137931034482758,22,77.03448275862068,0.034482758620689655,29,68.0,0.0,30.0,0.0,314.3333333333333,0
PRV51464,0.0,0.0,0.0,0.0,145.0,38530.0,265.7241379310345,143.0,17.902097902097903,22,74.79020979020979,0.0,143,241.0,0.0,145.0,0.0,265.7241379310345,0
PRV51465,1.0,3000.0,3000.0,1.0,6.0,900.0,150.0,6.0,17.285714285714285,22,68.57142857142857,0.0,7,26.0,0.0,7.0,0.14285714285714285,557.1428571428571,0
PRV51466,5.0,42000.0,8400.0,5.0,69.0,15860.0,229.85507246376812,66.0,17.169014084507044,21,76.61971830985915,0.0,71,170.0,5.0,74.0,0.06756756756756757,781.8918918918919,0
PRV51467,7.0,70800.0,10114.285714285714,7.0,18.0,3460.0,192.22222222222223,18.0,17.52,21,72.64,0.0,25,83.0,3.0,25.0,0.28,2970.4,0
PRV51468,15.0,103000.0,6866.666666666667,15.0,144.0,35670.0,247.70833333333334,137.0,17.6158940397351,22,73.58940397350993,0.019867549668874173,151,315.0,6.0,159.0,0.09433962264150944,872.1383647798742,0
PRV51469,0.0,0.0,0.0,0.0,28.0,9350.0,333.92857142857144,28.0,16.75,20,75.82142857142857,0.0,28,77.0,0.0,28.0,0.0,333.92857142857144,0
PRV51470,3.0,24000.0,8000.0,3.0,24.0,11590.0,482.9166666666667,24.0,17.185185185185187,22,72.92592592592592,0.0,27,68.0,3.0,27.0,0.1111111111111111,1318.148148148148,0
PRV51471,161.0,1594300.0,9902.48447204969,155.0,19.0,7910.0,416.3157894736842,18.0,16.404624277456648,22,74.1271676300578,0.005780346820809248,173,516.0,74.0,180.0,0.8944444444444445,8901.166666666666,1
PRV51472,0.0,0.0,0.0,0.0,16.0,2170.0,135.625,16.0,17.6875,22,74.5625,0.0,16,30.0,0.0,16.0,0.0,135.625,0
PRV51474,41.0,400400.0,9765.853658536585,37.0,30.0,10860.0,362.0,28.0,17.046153846153846,21,70.58461538461539,0.015384615384615385,65,249.0,28.0,71.0,0.5774647887323944,5792.394366197183,0
PRV51475,11.0,63200.0,5745.454545454545,11.0,32.0,9930.0,310.3125,32.0,17.333333333333332,22,72.47619047619048,0.023809523809523808,42,132.0,4.0,43.0,0.2558139534883721,1700.6976744186047,0
PRV51476,3.0,11000.0,3666.6666666666665,3.0,15.0,9180.0,612.0,15.0,17.666666666666668,22,73.72222222222223,0.05555555555555555,18,67.0,3.0,18.0,0.16666666666666666,1121.111111111111,0
PRV51477,0.0,0.0,0.0,0.0,22.0,9940.0,451.8181818181818,22.0,18.227272727272727,21,72.9090909090909,0.045454545454545456,22,56.0,0.0,22.0,0.0,451.8181818181818,0
PRV51478,0.0,0.0,0.0,0.0,17.0,3930.0,231.1764705882353,16.0,17.5,22,70.75,0.0,16,50.0,0.0,17.0,0.0,231.1764705882353,0
PRV51479,13.0,81000.0,6230.7692307692305,13.0,215.0,53630.0,249.4418604651163,204.0,17.557603686635943,22,73.17050691244239,0.009216589861751152,217,445.0,15.0,228.0,0.05701754385964912,590.4824561403509,0
PRV51480,0.0,0.0,0.0,0.0,1924.0,557880.0,289.95841995841994,759.0,18.080368906455863,22,73.09486166007905,0.01844532279314888,759,1826.0,0.0,1924.0,0.0,289.95841995841994,1
PRV51482,11.0,188000.0,17090.909090909092,11.0,80.0,30470.0,380.875,79.0,17.466666666666665,22,75.77777777777777,0.022222222222222223,90,222.0,4.0,91.0,0.12087912087912088,2400.769230769231,1
PRV51483,6.0,42000.0,7000.0,6.0,71.0,18400.0,259.15492957746477,69.0,17.12,22,74.82666666666667,0.013333333333333334,75,182.0,4.0,77.0,0.07792207792207792,784.4155844155844,0
PRV51484,2.0,10000.0,5000.0,2.0,84.0,13570.0,161.54761904761904,74.0,17.24,22,73.28,0.0,75,192.0,0.0,86.0,0.023255813953488372,274.06976744186045,0
PRV51486,0.0,0.0,0.0,0.0,214.0,53660.0,250.74766355140187,132.0,18.098484848484848,22,75.34848484848484,0.007575757575757576,132,390.0,0.0,214.0,0.0,250.74766355140187,0
PRV51487,0.0,0.0,0.0,0.0,13.0,9240.0,710.7692307692307,12.0,17.0,21,72.83333333333333,0.0,12,32.0,0.0,13.0,0.0,710.7692307692307,0
PRV51488,3.0,15000.0,5000.0,3.0,269.0,93930.0,349.182156133829,257.0,17.446153846153845,22,74.20769230769231,0.011538461538461539,260,449.0,2.0,272.0,0.011029411764705883,400.4779411764706,0
PRV51490,48.0,433000.0,9020.833333333334,40.0,16.0,9070.0,566.875,16.0,16.875,22,72.75,0.0,56,254.0,24.0,64.0,0.75,6907.34375,1
PRV51491,8.0,47000.0,5875.0,8.0,63.0,20480.0,325.07936507936506,55.0,17.650793650793652,22,73.06349206349206,0.0,63,162.0,3.0,71.0,0.11267605633802817,950.4225352112676,0
PRV51492,14.0,133000.0,9500.0,14.0,67.0,17550.0,261.94029850746267,66.0,17.2875,22,74.5375,0.0125,80,212.0,10.0,81.0,0.1728395061728395,1858.641975308642,0
PRV51494,0.0,0.0,0.0,0.0,38.0,17450.0,459.2105263157895,37.0,17.91891891891892,21,73.89189189189189,0.0,37,75.0,0.0,38.0,0.0,459.2105263157895,0
PRV51495,90.0,835000.0,9277.777777777777,77.0,51.0,10690.0,209.6078431372549,50.0,17.20472440944882,22,74.36220472440945,0.015748031496062992,127,413.0,43.0,141.0,0.6382978723404256,5997.801418439716,1
PRV51496,0.0,0.0,0.0,0.0,123.0,29250.0,237.8048780487805,105.0,17.542857142857144,22,71.63809523809523,0.009523809523809525,105,231.0,0.0,123.0,0.0,237.8048780487805,0
PRV51497,4.0,102000.0,25500.0,4.0,11.0,2190.0,199.0909090909091,11.0,17.066666666666666,22,74.86666666666666,0.06666666666666667,15,58.0,5.0,15.0,0.26666666666666666,6946.0,0
PRV51499,2.0,15000.0,7500.0,2.0,472.0,122840.0,260.2542372881356,339.0,17.979472140762464,22,74.05865102639297,0.005865102639296188,341,716.0,1.0,474.0,0.004219409282700422,290.80168776371306,0
PRV51500,0.0,0.0,0.0,0.0,8.0,1100.0,137.5,8.0,16.25,20,78.0,0.0,8,21.0,0.0,8.0,0.0,137.5,0
PRV51501,223.0,2070480.0,9284.663677130045,207.0,10.0,830.0,83.0,10.0,16.705069124423964,22,75.47465437788019,0.004608294930875576,217,657.0,96.0,233.0,0.9570815450643777,8889.742489270386,1
PRV51502,0.0,0.0,0.0,0.0,31.0,8390.0,270.64516129032256,31.0,17.35483870967742,21,75.35483870967742,0.0,31,66.0,0.0,31.0,0.0,270.64516129032256,0
PRV51503,0.0,0.0,0.0,0.0,57.0,24070.0,422.280701754386,52.0,17.48076923076923,22,74.65384615384616,0.0,52,116.0,0.0,57.0,0.0,422.280701754386,0
PRV51504,0.0,0.0,0.0,0.0,128.0,35290.0,275.703125,123.0,17.902439024390244,22,74.3821138211382,0.008130081300813009,123,243.0,0.0,128.0,0.0,275.703125,0
PRV51505,0.0,0.0,0.0,0.0,15.0,2430.0,162.0,15.0,16.6,20,73.6,0.0,15,44.0,0.0,15.0,0.0,162.0,0
PRV51507,6.0,43000.0,7166.666666666667,6.0,1007.0,294340.0,292.29394240317777,721.0,17.758953168044076,22,73.1831955922865,0.004132231404958678,726,1209.0,5.0,1013.0,0.005923000987166831,333.01085883514315,1
PRV51508,12.0,179100.0,14925.0,11.0,190.0,59950.0,315.5263157894737,180.0,17.75392670157068,22,71.4869109947644,0.0,191,395.0,9.0,202.0,0.0594059405940594,1183.4158415841584,0
PRV51509,0.0,0.0,0.0,0.0,1030.0,322130.0,312.747572815534,493.0,17.961460446247465,22,73.9026369168357,0.008113590263691683,493,1186.0,0.0,1030.0,0.0,312.747572815534,0
PRV51510,0.0,0.0,0.0,0.0,57.0,20020.0,351.2280701754386,52.0,17.21153846153846,22,71.4423076923077,0.019230769230769232,52,105.0,0.0,57.0,0.0,351.2280701754386,0
PRV51511,0.0,0.0,0.0,0.0,16.0,8760.0,547.5,16.0,17.5625,21,74.375,0.0625,16,34.0,0.0,16.0,0.0,547.5,0
PRV51514,21.0,220200.0,10485.714285714286,18.0,72.0,19020.0,264.1666666666667,70.0,17.636363636363637,22,76.20454545454545,0.022727272727272728,88,273.0,15.0,93.0,0.22580645161290322,2572.2580645161293,0
PRV51515,5.0,40000.0,8000.0,5.0,43.0,12800.0,297.6744186046512,43.0,17.395833333333332,22,72.20833333333333,0.0,48,147.0,4.0,48.0,0.10416666666666667,1100.0,0
PRV51516,3.0,25000.0,8333.333333333334,3.0,37.0,8260.0,223.24324324324326,36.0,18.076923076923077,22,68.84615384615384,0.0,39,102.0,2.0,40.0,0.075,831.5,0
PRV51517,0.0,0.0,0.0,0.0,11.0,5990.0,544.5454545454545,11.0,17.90909090909091,22,75.36363636363636,0.0,11,18.0,0.0,11.0,0.0,544.5454545454545,0
PRV51518,5.0,33000.0,6600.0,5.0,48.0,10920.0,227.5,43.0,17.229166666666668,22,75.41666666666667,0.041666666666666664,48,126.0,3.0,53.0,0.09433962264150944,828.6792452830189,0
PRV51521,0.0,0.0,0.0,0.0,46.0,8070.0,175.43478260869566,39.0,17.692307692307693,22,70.56410256410257,0.02564102564102564,39,81.0,0.0,46.0,0.0,175.43478260869566,0
PRV51522,12.0,139000.0,11583.333333333334,12.0,178.0,67780.0,380.7865168539326,157.0,17.497041420118343,22,72.9585798816568,0.01775147928994083,169,374.0,6.0,190.0,0.06315789473684211,1088.3157894736842,0
PRV51523,60.0,733000.0,12216.666666666666,60.0,5.0,810.0,162.0,5.0,16.846153846153847,21,74.36923076923077,0.0,65,277.0,37.0,65.0,0.9230769230769231,11289.384615384615,0
PRV51525,5.0,56000.0,11200.0,5.0,56.0,19770.0,353.0357142857143,56.0,18.016393442622952,22,73.1639344262295,0.01639344262295082,61,140.0,7.0,61.0,0.08196721311475409,1242.1311475409836,0
PRV51526,7.0,35400.0,5057.142857142857,7.0,13.0,7750.0,596.1538461538462,13.0,17.4,21,74.25,0.0,20,70.0,7.0,20.0,0.35,2157.5,0
PRV51527,0.0,0.0,0.0,0.0,41.0,12410.0,302.6829268292683,40.0,17.45,22,72.55,0.0,40,79.0,0.0,41.0,0.0,302.6829268292683,0
PRV51528,0.0,0.0,0.0,0.0,17.0,6670.0,392.3529411764706,17.0,17.176470588235293,22,74.94117647058823,0.0,17,29.0,0.0,17.0,0.0,392.3529411764706,0
PRV51529,0.0,0.0,0.0,0.0,23.0,5800.0,252.17391304347825,23.0,17.304347826086957,21,76.73913043478261,0.0,23,57.0,0.0,23.0,0.0,252.17391304347825,0
PRV51531,0.0,0.0,0.0,0.0,34.0,9870.0,290.29411764705884,23.0,17.73913043478261,22,72.17391304347827,0.0,23,70.0,0.0,34.0,0.0,290.29411764705884,0
PRV51532,6.0,60000.0,10000.0,6.0,26.0,10930.0,420.38461538461536,25.0,17.033333333333335,22,72.06666666666666,0.0,30,92.0,3.0,32.0,0.1875,2216.5625,0
PRV51533,13.0,92000.0,7076.923076923077,13.0,23.0,4350.0,189.1304347826087,23.0,17.47222222222222,22,74.83333333333333,0.0,36,132.0,12.0,36.0,0.3611111111111111,2676.3888888888887,0
PRV51534,0.0,0.0,0.0,0.0,1.0,50.0,50.0,1.0,15.0,15,75.0,0.0,1,1.0,0.0,1.0,0.0,50.0,0
PRV51535,2.0,28000.0,14000.0,2.0,386.0,93350.0,241.83937823834196,304.0,17.931372549019606,22,74.04575163398692,0.0032679738562091504,306,590.0,1.0,388.0,0.005154639175257732,312.75773195876286,0
PRV51536,4.0,37000.0,9250.0,4.0,12.0,4550.0,379.1666666666667,12.0,17.875,22,73.9375,0.0,16,44.0,4.0,16.0,0.25,2596.875,0
PRV51539,69.0,733020.0,10623.478260869566,68.0,469.0,121220.0,258.4648187633262,425.0,17.641393442622952,22,73.90983606557377,0.012295081967213115,488,845.0,47.0,538.0,0.12825278810408922,1587.806691449814,1
PRV51540,7.0,57000.0,8142.857142857143,7.0,48.0,9940.0,207.08333333333334,47.0,17.185185185185187,21,75.20370370370371,0.0,54,124.0,6.0,55.0,0.12727272727272726,1217.090909090909,0
PRV51541,0.0,0.0,0.0,0.0,51.0,12140.0,238.0392156862745,51.0,17.58823529411765,22,73.03921568627452,0.0196078431372549,51,113.0,0.0,51.0,0.0,238.0392156862745,0
PRV51542,93.0,950500.0,10220.430107526881,78.0,20.0,14160.0,708.0,20.0,16.783505154639176,22,74.1340206185567,0.010309278350515464,97,407.0,51.0,113.0,0.8230088495575221,8536.814159292035,1
PRV51544,45.0,429000.0,9533.333333333334,45.0,188.0,51150.0,272.0744680851064,184.0,17.24229074889868,22,75.01321585903084,0.00881057268722467,227,466.0,31.0,233.0,0.19313304721030042,2060.7296137339054,0
PRV51546,9.0,104000.0,11555.555555555555,9.0,27.0,6930.0,256.6666666666667,26.0,17.542857142857144,21,72.57142857142857,0.0,35,127.0,6.0,36.0,0.25,3081.3888888888887,0
PRV51547,0.0,0.0,0.0,0.0,13.0,2640.0,203.07692307692307,13.0,17.0,21,76.23076923076923,0.0,13,25.0,0.0,13.0,0.0,203.07692307692307,0
PRV51549,8.0,75000.0,9375.0,8.0,13.0,7110.0,546.9230769230769,13.0,17.476190476190474,22,74.52380952380952,0.047619047619047616,21,76.0,6.0,21.0,0.38095238095238093,3910.0,0
PRV51550,16.0,106000.0,6625.0,16.0,45.0,18040.0,400.8888888888889,40.0,17.20754716981132,22,75.73584905660377,0.0,53,168.0,15.0,61.0,0.26229508196721313,2033.4426229508197,0
PRV51551,5.0,106000.0,21200.0,5.0,23.0,6800.0,295.6521739130435,22.0,17.40740740740741,22,70.25925925925925,0.0,27,83.0,3.0,28.0,0.17857142857142858,4028.5714285714284,0
PRV51552,10.0,83000.0,8300.0,10.0,52.0,11040.0,212.30769230769232,52.0,17.693548387096776,22,72.58064516129032,0.04838709677419355,62,164.0,6.0,62.0,0.16129032258064516,1516.774193548387,0
PRV51553,6.0,36000.0,6000.0,6.0,15.0,4990.0,332.6666666666667,15.0,18.095238095238095,22,75.57142857142857,0.047619047619047616,21,70.0,6.0,21.0,0.2857142857142857,1951.904761904762,0
PRV51554,1.0,9000.0,9000.0,1.0,5.0,640.0,128.0,5.0,16.666666666666668,19,78.16666666666667,0.0,6,19.0,1.0,6.0,0.16666666666666666,1606.6666666666667,0
PRV51555,0.0,0.0,0.0,0.0,15.0,2910.0,194.0,15.0,17.666666666666668,22,78.46666666666667,0.0,15,30.0,0.0,15.0,0.0,194.0,0
PRV51556,10.0,118000.0,11800.0,10.0,46.0,20250.0,440.2173913043478,46.0,17.410714285714285,22,74.28571428571429,0.017857142857142856,56,173.0,8.0,56.0,0.17857142857142858,2468.75,0
PRV51557,1.0,11000.0,11000.0,1.0,9.0,5740.0,637.7777777777778,9.0,17.3,20,80.3,0.0,10,19.0,1.0,10.0,0.1,1674.0,0
PRV51558,5.0,22000.0,4400.0,5.0,21.0,3870.0,184.28571428571428,20.0,17.12,21,72.84,0.04,25,85.0,1.0,26.0,0.19230769230769232,995.0,0
PRV51560,200.0,1944600.0,9723.0,167.0,38.0,11590.0,305.0,37.0,16.88235294117647,22,75.30392156862744,0.00980392156862745,204,623.0,88.0,238.0,0.8403361344537815,8219.285714285714,1
PRV51562,0.0,0.0,0.0,0.0,24.0,5820.0,242.5,24.0,17.0,22,73.66666666666667,0.0,24,80.0,0.0,24.0,0.0,242.5,0
PRV51563,0.0,0.0,0.0,0.0,19.0,4280.0,225.26315789473685,19.0,17.263157894736842,20,76.0,0.0,19,63.0,0.0,19.0,0.0,225.26315789473685,0
PRV51564,0.0,0.0,0.0,0.0,24.0,9100.0,379.1666666666667,24.0,17.875,22,70.66666666666667,0.041666666666666664,24,59.0,0.0,24.0,0.0,379.1666666666667,0
PRV51566,15.0,87000.0,5800.0,14.0,11.0,3030.0,275.45454545454544,11.0,16.0,22,72.6,0.0,25,116.0,9.0,26.0,0.5769230769230769,3462.6923076923076,0
PRV51567,0.0,0.0,0.0,0.0,1632.0,465400.0,285.171568627451,827.0,18.012091898428054,22,73.19105199516324,0.010882708585247884,827,1571.0,0.0,1632.0,0.0,285.171568627451,1
PRV51568,9.0,88000.0,9777.777777777777,9.0,49.0,17010.0,347.14285714285717,49.0,17.649122807017545,22,75.75438596491227,0.017543859649122806,57,146.0,10.0,58.0,0.15517241379310345,1810.5172413793102,0
PRV51569,0.0,0.0,0.0,0.0,5.0,1500.0,300.0,5.0,17.6,20,76.8,0.0,5,25.0,0.0,5.0,0.0,300.0,0
PRV51570,0.0,0.0,0.0,0.0,1.0,0.0,0.0,1.0,15.0,15,70.0,0.0,1,5.0,0.0,1.0,0.0,0.0,0
PRV51571,0.0,0.0,0.0,0.0,22.0,4640.0,210.9090909090909,22.0,17.227272727272727,21,72.18181818181819,0.0,22,44.0,0.0,22.0,0.0,210.9090909090909,0
PRV51572,1.0,5000.0,5000.0,1.0,3.0,710.0,236.66666666666666,3.0,16.75,19,75.25,0.0,4,16.0,1.0,4.0,0.25,1427.5,0
PRV51573,5.0,41000.0,8200.0,5.0,87.0,25730.0,295.7471264367816,71.0,17.789473684210527,22,72.28947368421052,0.02631578947368421,76,196.0,5.0,92.0,0.05434782608695652,725.3260869565217,0
PRV51574,0.0,0.0,0.0,0.0,4444.0,1281810.0,288.4360936093609,1715.0,18.04198250728863,22,73.53586005830904,0.00816326530612245,1715,2899.0,1.0,4444.0,0.0,288.4360936093609,1
PRV51576,5.0,63000.0,12600.0,5.0,60.0,34780.0,579.6666666666666,60.0,17.523076923076925,22,74.36923076923077,0.015384615384615385,65,173.0,4.0,65.0,0.07692307692307693,1504.3076923076924,0
PRV51577,0.0,0.0,0.0,0.0,1.0,2100.0,2100.0,1.0,16.0,16,63.0,0.0,1,2.0,0.0,1.0,0.0,2100.0,0
PRV51578,122.0,1269000.0,10401.639344262296,117.0,1378.0,393920.0,285.86357039187226,1168.0,17.71953125,22,73.2046875,0.00703125,1280,1621.0,54.0,1500.0,0.08133333333333333,1108.6133333333332,1
PRV51579,18.0,236000.0,13111.111111111111,17.0,54.0,11680.0,216.2962962962963,50.0,17.106060606060606,22,76.66666666666667,0.015151515151515152,66,179.0,12.0,72.0,0.25,3440.0,0
PRV51580,0.0,0.0,0.0,0.0,3.0,1710.0,570.0,3.0,18.0,20,74.33333333333333,0.0,3,10.0,0.0,3.0,0.0,570.0,0
PRV51582,1.0,12000.0,12000.0,1.0,3.0,2370.0,790.0,3.0,17.25,21,78.0,0.0,4,14.0,0.0,4.0,0.25,3592.5,0
PRV51583,2.0,15000.0,7500.0,2.0,45.0,17430.0,387.3333333333333,44.0,17.956521739130434,22,73.8695652173913,0.021739130434782608,46,100.0,0.0,47.0,0.0425531914893617,690.0,0
PRV51584,13.0,159000.0,12230.76923076923,13.0,69.0,12930.0,187.3913043478261,65.0,17.602564102564102,22,72.88461538461539,0.0,78,209.0,11.0,82.0,0.15853658536585366,2096.7073170731705,1
PRV51585,4.0,77000.0,19250.0,4.0,2.0,80.0,40.0,2.0,18.666666666666668,22,71.5,0.0,6,37.0,3.0,6.0,0.6666666666666666,12846.666666666666,0
PRV51586,6.0,72000.0,12000.0,6.0,2.0,510.0,255.0,2.0,17.25,22,70.0,0.0,8,51.0,7.0,8.0,0.75,9063.75,1
PRV51587,0.0,0.0,0.0,0.0,5.0,1500.0,300.0,5.0,16.2,18,65.8,0.0,5,14.0,0.0,5.0,0.0,300.0,0
PRV51588,3.0,58000.0,19333.333333333332,2.0,7.0,430.0,61.42857142857143,7.0,17.444444444444443,22,65.88888888888889,0.0,9,45.0,4.0,10.0,0.3,5843.0,0
PRV51590,81.0,781000.0,9641.975308641975,79.0,3.0,380.0,126.66666666666667,3.0,16.9390243902439,21,74.91463414634147,0.012195121951219513,82,315.0,43.0,84.0,0.9642857142857143,9302.142857142857,1
PRV51592,0.0,0.0,0.0,0.0,3.0,30.0,10.0,3.0,16.333333333333332,18,71.33333333333333,0.0,3,6.0,0.0,3.0,0.0,10.0,0
PRV51593,12.0,139000.0,11583.333333333334,12.0,42.0,11000.0,261.9047619047619,42.0,17.314814814814813,22,73.98148148148148,0.018518518518518517,54,150.0,7.0,54.0,0.2222222222222222,2777.777777777778,1
PRV51595,1.0,5000.0,5000.0,1.0,23.0,9660.0,420.0,21.0,17.59090909090909,22,78.13636363636364,0.0,22,77.0,0.0,24.0,0.041666666666666664,610.8333333333334,0
PRV51596,3.0,32000.0,10666.666666666666,3.0,47.0,9830.0,209.14893617021278,47.0,18.08,22,73.5,0.0,50,139.0,1.0,50.0,0.06,836.6,0
PRV51598,61.0,678000.0,11114.754098360656,61.0,361.0,101530.0,281.2465373961219,340.0,17.6265664160401,22,74.20050125313283,0.007518796992481203,399,740.0,40.0,422.0,0.14454976303317535,1847.2274881516587,0
PRV51599,3.0,16000.0,5333.333333333333,3.0,2.0,210.0,105.0,2.0,16.6,22,78.4,0.0,5,30.0,0.0,5.0,0.6,3242.0,0
PRV51600,3.0,9000.0,3000.0,3.0,106.0,27050.0,255.18867924528303,100.0,17.21359223300971,22,72.85436893203884,0.0,103,229.0,3.0,109.0,0.027522935779816515,330.73394495412845,0
PRV51601,0.0,0.0,0.0,0.0,14.0,3690.0,263.57142857142856,14.0,18.0,21,69.78571428571429,0.0,14,39.0,0.0,14.0,0.0,263.57142857142856,0
PRV51602,12.0,72000.0,6000.0,12.0,27.0,5480.0,202.96296296296296,26.0,16.63157894736842,22,76.10526315789474,0.02631578947368421,38,127.0,8.0,39.0,0.3076923076923077,1986.6666666666667,0
PRV51604,50.0,617000.0,12340.0,44.0,279.0,80510.0,288.5663082437276,222.0,17.817120622568094,22,73.52140077821012,0.0038910505836575876,257,622.0,34.0,329.0,0.1519756838905775,2120.091185410334,1
PRV51605,5.0,27000.0,5400.0,5.0,67.0,19990.0,298.35820895522386,65.0,18.0,22,73.78571428571429,0.0,70,150.0,5.0,72.0,0.06944444444444445,652.6388888888889,0
PRV51606,10.0,57000.0,5700.0,10.0,36.0,9100.0,252.77777777777777,35.0,17.466666666666665,21,73.04444444444445,0.0,45,135.0,6.0,46.0,0.21739130434782608,1436.9565217391305,0
PRV51607,1.0,14000.0,14000.0,1.0,14.0,1410.0,100.71428571428571,14.0,17.0,20,73.26666666666667,0.06666666666666667,15,31.0,1.0,15.0,0.06666666666666667,1027.3333333333333,0
PRV51608,9.0,71000.0,7888.888888888889,9.0,28.0,7140.0,255.0,28.0,17.324324324324323,21,72.67567567567568,0.02702702702702703,37,102.0,5.0,37.0,0.24324324324324326,2111.891891891892,0
PRV51609,12.0,102000.0,8500.0,12.0,63.0,8790.0,139.52380952380952,59.0,17.15714285714286,22,75.2,0.0,70,197.0,12.0,75.0,0.16,1477.2,0
PRV51610,3.0,43000.0,14333.333333333334,3.0,3.0,150.0,50.0,3.0,16.833333333333332,20,76.0,0.0,6,32.0,4.0,6.0,0.5,7191.666666666667,0
PRV51611,0.0,0.0,0.0,0.0,8.0,2780.0,347.5,8.0,18.875,22,73.25,0.0,8,12.0,0.0,8.0,0.0,347.5,0
PRV51612,6.0,66000.0,11000.0,6.0,7.0,770.0,110.0,7.0,17.692307692307693,20,76.15384615384616,0.07692307692307693,13,51.0,6.0,13.0,0.46153846153846156,5136.153846153846,0
PRV51613,4.0,18000.0,4500.0,4.0,17.0,2450.0,144.11764705882354,17.0,17.142857142857142,21,69.80952380952381,0.0,21,57.0,2.0,21.0,0.19047619047619047,973.8095238095239,0
PRV51614,148.0,1446000.0,9770.27027027027,129.0,120.0,26150.0,217.91666666666666,114.0,17.320987654320987,22,73.70370370370371,0.012345679012345678,243,605.0,68.0,268.0,0.5522388059701493,5493.0970149253735,1
PRV51616,0.0,0.0,0.0,0.0,26.0,6120.0,235.3846153846154,26.0,17.346153846153847,22,71.07692307692308,0.0,26,56.0,0.0,26.0,0.0,235.3846153846154,0
PRV51617,11.0,109000.0,9909.09090909091,11.0,11.0,2270.0,206.36363636363637,11.0,17.5,22,80.4090909090909,0.0,22,82.0,5.0,22.0,0.5,5057.727272727273,0
PRV51618,1.0,2000.0,2000.0,1.0,0.0,0.0,0.0,0.0,22.0,22,66.0,0.0,1,9.0,1.0,1.0,1.0,2000.0,0
PRV51619,8.0,75000.0,9375.0,7.0,11.0,3150.0,286.3636363636364,11.0,16.72222222222222,22,77.33333333333333,0.05555555555555555,18,68.0,5.0,19.0,0.42105263157894735,4113.1578947368425,0
PRV51620,3.0,20000.0,6666.666666666667,3.0,5.0,1190.0,238.0,5.0,16.75,21,76.125,0.0,8,42.0,3.0,8.0,0.375,2648.75,0
PRV51621,0.0,0.0,0.0,0.0,9.0,530.0,58.888888888888886,9.0,17.88888888888889,22,70.88888888888889,0.0,9,23.0,0.0,9.0,0.0,58.888888888888886,0
PRV51622,9.0,53000.0,5888.888888888889,9.0,94.0,48690.0,517.9787234042553,85.0,17.595744680851062,22,70.58510638297872,0.0,94,234.0,7.0,103.0,0.08737864077669903,987.2815533980582,0
PRV51623,7.0,53000.0,7571.428571428572,7.0,14.0,3350.0,239.28571428571428,14.0,16.904761904761905,22,70.52380952380952,0.0,21,82.0,5.0,21.0,0.3333333333333333,2683.3333333333335,0
PRV51624,0.0,0.0,0.0,0.0,5.0,320.0,64.0,5.0,17.8,21,66.0,0.0,5,14.0,0.0,5.0,0.0,64.0,0
PRV51625,4.0,19000.0,4750.0,4.0,3.0,420.0,140.0,3.0,17.428571428571427,21,75.71428571428571,0.0,7,35.0,1.0,7.0,0.5714285714285714,2774.285714285714,0
PRV51626,1.0,35000.0,35000.0,1.0,8.0,1920.0,240.0,8.0,18.77777777777778,22,78.22222222222223,0.0,9,22.0,2.0,9.0,0.1111111111111111,4102.222222222223,0
PRV51627,3.0,39000.0,13000.0,3.0,23.0,5860.0,254.7826086956522,23.0,17.846153846153847,22,75.23076923076923,0.0,26,78.0,6.0,26.0,0.11538461538461539,1725.3846153846155,0
PRV51628,2.0,13000.0,6500.0,2.0,4.0,320.0,80.0,4.0,15.833333333333334,21,77.83333333333333,0.0,6,18.0,3.0,6.0,0.3333333333333333,2220.0,0
PRV51629,22.0,213000.0,9681.818181818182,20.0,0.0,0.0,0.0,0.0,17.15,20,78.25,0.0,20,125.0,16.0,22.0,1.0,9681.818181818182,0
PRV51630,1.0,0.0,0.0,1.0,4.0,1860.0,465.0,4.0,17.4,19,77.0,0.0,5,18.0,1.0,5.0,0.2,372.0,0
PRV51631,0.0,0.0,0.0,0.0,6.0,1500.0,250.0,6.0,18.833333333333332,21,83.5,0.0,6,18.0,0.0,6.0,0.0,250.0,0
PRV51632,4.0,19000.0,4750.0,4.0,22.0,7850.0,356.8181818181818,21.0,17.92,22,74.8,0.0,25,77.0,2.0,26.0,0.15384615384615385,1032.6923076923076,0
PRV51634,5.0,21000.0,4200.0,5.0,114.0,50090.0,439.3859649122807,111.0,17.517241379310345,22,73.6896551724138,0.017241379310344827,116,239.0,4.0,119.0,0.04201680672268908,597.3949579831933,0
PRV51635,1.0,24000.0,24000.0,1.0,28.0,4120.0,147.14285714285714,28.0,17.689655172413794,21,70.62068965517241,0.0,29,65.0,1.0,29.0,0.034482758620689655,969.6551724137931,0
PRV51636,3.0,73000.0,24333.333333333332,3.0,313.0,107020.0,341.91693290734827,186.0,17.71657754010695,22,72.25133689839572,0.016042780748663103,187,497.0,3.0,316.0,0.00949367088607595,569.6835443037975,0
PRV51637,7.0,38000.0,5428.571428571428,7.0,27.0,5440.0,201.4814814814815,27.0,17.794117647058822,22,77.47058823529412,0.0,34,85.0,4.0,34.0,0.20588235294117646,1277.6470588235295,0
PRV51638,2.0,18000.0,9000.0,2.0,2.0,2490.0,1245.0,2.0,17.25,20,63.75,0.0,4,18.0,1.0,4.0,0.5,5122.5,0
PRV51639,12.0,108000.0,9000.0,12.0,17.0,4520.0,265.88235294117646,17.0,16.413793103448278,19,75.17241379310344,0.0,29,115.0,7.0,29.0,0.41379310344827586,3880.0,0
PRV51640,3.0,16000.0,5333.333333333333,3.0,4.0,1490.0,372.5,4.0,17.857142857142858,20,75.0,0.0,7,30.0,0.0,7.0,0.42857142857142855,2498.5714285714284,0
PRV51641,0.0,0.0,0.0,0.0,14.0,1700.0,121.42857142857143,13.0,16.53846153846154,20,79.23076923076923,0.0,13,41.0,0.0,14.0,0.0,121.42857142857143,0
PRV51642,1.0,5000.0,5000.0,1.0,28.0,5460.0,195.0,24.0,17.84,22,74.48,0.0,25,64.0,1.0,29.0,0.034482758620689655,360.6896551724138,0
PRV51644,1.0,7000.0,7000.0,1.0,23.0,9490.0,412.60869565217394,23.0,18.041666666666668,22,71.95833333333333,0.0,24,57.0,1.0,24.0,0.041666666666666664,687.0833333333334,0
PRV51645,0.0,0.0,0.0,0.0,5.0,280.0,56.0,5.0,17.2,21,71.4,0.0,5,13.0,0.0,5.0,0.0,56.0,0
PRV51647,6.0,43700.0,7283.333333333333,6.0,6.0,1240.0,206.66666666666666,6.0,16.916666666666668,20,77.0,0.0,12,61.0,5.0,12.0,0.5,3745.0,0
PRV51650,0.0,0.0,0.0,0.0,24.0,13290.0,553.75,23.0,18.565217391304348,22,69.43478260869566,0.0,23,54.0,0.0,24.0,0.0,553.75,0
PRV51652,0.0,0.0,0.0,0.0,64.0,17600.0,275.0,49.0,17.20408163265306,22,72.65306122448979,0.0,49,148.0,0.0,64.0,0.0,275.0,0
PRV51653,0.0,0.0,0.0,0.0,24.0,8530.0,355.4166666666667,24.0,17.791666666666668,22,75.58333333333333,0.0,24,46.0,0.0,24.0,0.0,355.4166666666667,0
PRV51654,0.0,0.0,0.0,0.0,2.0,220.0,110.0,2.0,15.5,17,61.0,0.0,2,3.0,0.0,2.0,0.0,110.0,0
PRV51655,0.0,0.0,0.0,0.0,3.0,70.0,23.333333333333332,3.0,18.666666666666668,20,76.66666666666667,0.0,3,18.0,0.0,3.0,0.0,23.333333333333332,0
PRV51656,0.0,0.0,0.0,0.0,23.0,4860.0,211.30434782608697,23.0,17.47826086956522,22,70.08695652173913,0.0,23,48.0,0.0,23.0,0.0,211.30434782608697,0
PRV51657,0.0,0.0,0.0,0.0,4.0,3760.0,940.0,4.0,15.5,19,71.25,0.0,4,11.0,0.0,4.0,0.0,940.0,0
PRV51658,0.0,0.0,0.0,0.0,5.0,1770.0,354.0,5.0,18.4,22,68.8,0.0,5,14.0,0.0,5.0,0.0,354.0,0
PRV51660,0.0,0.0,0.0,0.0,3.0,180.0,60.0,3.0,17.0,19,59.0,0.0,3,10.0,0.0,3.0,0.0,60.0,0
PRV51661,0.0,0.0,0.0,0.0,134.0,47570.0,355.0,89.0,17.651685393258425,22,73.95505617977528,0.0,89,281.0,1.0,134.0,0.0,355.0,0
PRV51664,0.0,0.0,0.0,0.0,10.0,790.0,79.0,10.0,17.4,20,73.3,0.0,10,23.0,0.0,10.0,0.0,79.0,0
PRV51665,0.0,0.0,0.0,0.0,15.0,3810.0,254.0,15.0,18.2,22,76.13333333333334,0.0,15,35.0,0.0,15.0,0.0,254.0,0
PRV51666,0.0,0.0,0.0,0.0,1.0,50.0,50.0,1.0,22.0,22,49.0,0.0,1,3.0,0.0,1.0,0.0,50.0,0
PRV51668,0.0,0.0,0.0,0.0,38.0,9020.0,237.3684210526316,27.0,17.22222222222222,22,78.11111111111111,0.0,27,93.0,0.0,38.0,0.0,237.3684210526316,0
PRV51669,0.0,0.0,0.0,0.0,76.0,21060.0,277.10526315789474,74.0,17.64864864864865,22,72.85135135135135,0.04054054054054054,74,150.0,0.0,76.0,0.0,277.10526315789474,0
PRV51670,1.0,6000.0,6000.0,1.0,435.0,116850.0,268.62068965517244,285.0,18.178321678321677,22,74.24825174825175,0.01048951048951049,286,685.0,2.0,436.0,0.0022935779816513763,281.76605504587155,0
PRV51671,0.0,0.0,0.0,0.0,39.0,8490.0,217.69230769230768,39.0,17.666666666666668,22,73.74358974358974,0.0,39,88.0,0.0,39.0,0.0,217.69230769230768,0
PRV51672,0.0,0.0,0.0,0.0,6.0,2270.0,378.3333333333333,6.0,19.333333333333332,22,68.33333333333333,0.0,6,25.0,0.0,6.0,0.0,378.3333333333333,0
PRV51673,0.0,0.0,0.0,0.0,183.0,51180.0,279.672131147541,77.0,18.31168831168831,22,72.36363636363636,0.012987012987012988,77,322.0,0.0,183.0,0.0,279.672131147541,0
PRV51674,0.0,0.0,0.0,0.0,4.0,1400.0,350.0,4.0,17.5,19,78.75,0.0,4,18.0,0.0,4.0,0.0,350.0,0
PRV51675,0.0,0.0,0.0,0.0,28.0,7690.0,274.64285714285717,28.0,17.5,21,70.14285714285714,0.0,28,65.0,0.0,28.0,0.0,274.64285714285717,0
PRV51676,3.0,50000.0,16666.666666666668,2.0,135.0,41920.0,310.51851851851853,124.0,17.682539682539684,22,74.52380952380952,0.0,126,262.0,3.0,138.0,0.021739130434782608,666.0869565217391,0
PRV51678,0.0,0.0,0.0,0.0,66.0,25540.0,386.969696969697,64.0,17.546875,22,74.78125,0.0,64,139.0,0.0,66.0,0.0,386.969696969697,0
PRV51679,2.0,30000.0,15000.0,2.0,36.0,9420.0,261.6666666666667,15.0,17.4375,21,75.9375,0.0,16,88.0,2.0,38.0,0.05263157894736842,1037.3684210526317,0
PRV51681,1.0,51000.0,51000.0,1.0,25.0,18130.0,725.2,25.0,17.192307692307693,21,70.84615384615384,0.0,26,65.0,2.0,26.0,0.038461538461538464,2658.846153846154,0
PRV51682,0.0,0.0,0.0,0.0,16.0,9110.0,569.375,16.0,16.0,20,79.8125,0.0,16,34.0,0.0,16.0,0.0,569.375,0
PRV51685,0.0,0.0,0.0,0.0,55.0,11830.0,215.0909090909091,40.0,17.75,22,73.825,0.05,40,114.0,0.0,55.0,0.0,215.0909090909091,0
PRV51687,0.0,0.0,0.0,0.0,10.0,2530.0,253.0,6.0,17.5,21,71.83333333333333,0.0,6,34.0,0.0,10.0,0.0,253.0,0
PRV51688,2.0,22000.0,11000.0,2.0,7.0,660.0,94.28571428571429,7.0,16.77777777777778,19,72.11111111111111,0.0,9,25.0,0.0,9.0,0.2222222222222222,2517.777777777778,0
PRV51689,0.0,0.0,0.0,0.0,1.0,1700.0,1700.0,1.0,19.0,19,67.0,0.0,1,2.0,0.0,1.0,0.0,1700.0,0
PRV51690,7.0,52000.0,7428.571428571428,7.0,248.0,73280.0,295.48387096774195,214.0,17.619909502262445,22,74.96832579185521,0.004524886877828055,221,438.0,5.0,255.0,0.027450980392156862,491.29411764705884,0
PRV51691,0.0,0.0,0.0,0.0,88.0,26790.0,304.4318181818182,49.0,18.163265306122447,22,72.36734693877551,0.0,49,181.0,0.0,88.0,0.0,304.4318181818182,0
PRV51692,0.0,0.0,0.0,0.0,11.0,970.0,88.18181818181819,11.0,17.454545454545453,20,71.54545454545455,0.0,11,37.0,0.0,11.0,0.0,88.18181818181819,0
PRV51693,0.0,0.0,0.0,0.0,113.0,21100.0,186.72566371681415,51.0,18.50980392156863,22,72.72549019607843,0.0,51,203.0,0.0,113.0,0.0,186.72566371681415,0
PRV51694,0.0,0.0,0.0,0.0,26.0,5940.0,228.46153846153845,21.0,18.0,21,70.14285714285714,0.0,21,46.0,0.0,26.0,0.0,228.46153846153845,0
PRV51695,0.0,0.0,0.0,0.0,429.0,113180.0,263.8228438228438,177.0,18.073446327683616,22,72.13559322033899,0.011299435028248588,177,607.0,0.0,429.0,0.0,263.8228438228438,0
PRV51696,0.0,0.0,0.0,0.0,9.0,730.0,81.11111111111111,9.0,17.666666666666668,22,67.66666666666667,0.0,9,15.0,0.0,9.0,0.0,81.11111111111111,0
PRV51697,0.0,0.0,0.0,0.0,63.0,21600.0,342.85714285714283,54.0,17.314814814814813,22,74.18518518518519,0.037037037037037035,54,154.0,0.0,63.0,0.0,342.85714285714283,0
PRV51698,0.0,0.0,0.0,0.0,13.0,1910.0,146.92307692307693,13.0,17.53846153846154,22,72.0,0.0,13,26.0,0.0,13.0,0.0,146.92307692307693,0
PRV51699,0.0,0.0,0.0,0.0,209.0,53760.0,257.2248803827751,131.0,18.015267175572518,22,72.49618320610686,0.007633587786259542,131,382.0,1.0,209.0,0.0,257.2248803827751,0
PRV51702,0.0,0.0,0.0,0.0,10.0,3230.0,323.0,10.0,17.5,21,70.3,0.0,10,17.0,0.0,10.0,0.0,323.0,0
PRV51703,0.0,0.0,0.0,0.0,2.0,80.0,40.0,2.0,18.0,18,69.5,0.0,2,7.0,0.0,2.0,0.0,40.0,0
PRV51704,0.0,0.0,0.0,0.0,1.0,600.0,600.0,1.0,16.0,16,67.0,0.0,1,1.0,0.0,1.0,0.0,600.0,0
PRV51705,0.0,0.0,0.0,0.0,1.0,400.0,400.0,1.0,18.0,18,79.0,0.0,1,3.0,0.0,1.0,0.0,400.0,0
PRV51706,0.0,0.0,0.0,0.0,2.0,330.0,165.0,2.0,17.5,19,79.5,0.0,2,6.0,0.0,2.0,0.0,165.0,0
PRV51707,0.0,0.0,0.0,0.0,12.0,270.0,22.5,12.0,16.916666666666668,21,75.91666666666667,0.0,12,24.0,0.0,12.0,0.0,22.5,0
PRV51708,0.0,0.0,0.0,0.0,4.0,410.0,102.5,4.0,17.25,19,82.0,0.0,4,9.0,0.0,4.0,0.0,102.5,0
PRV51709,0.0,0.0,0.0,0.0,10.0,1610.0,161.0,10.0,18.2,22,70.7,0.0,10,23.0,0.0,10.0,0.0,161.0,0
PRV51710,14.0,121000.0,8642.857142857143,14.0,3.0,80.0,26.666666666666668,3.0,15.941176470588236,21,77.05882352941177,0.0,17,83.0,9.0,17.0,0.8235294117647058,7122.35294117647,0
PRV51711,1.0,4000.0,4000.0,1.0,0.0,0.0,0.0,0.0,20.0,20,66.0,0.0,1,6.0,0.0,1.0,1.0,4000.0,0
PRV51712,0.0,0.0,0.0,0.0,3.0,860.0,286.6666666666667,3.0,19.333333333333332,21,79.0,0.0,3,7.0,0.0,3.0,0.0,286.6666666666667,0
PRV51713,0.0,0.0,0.0,0.0,13.0,1380.0,106.15384615384616,13.0,17.846153846153847,22,72.07692307692308,0.0,13,28.0,0.0,13.0,0.0,106.15384615384616,0
PRV51715,3.0,66000.0,22000.0,3.0,9.0,1340.0,148.88888888888889,9.0,18.166666666666668,21,74.58333333333333,0.0,12,47.0,4.0,12.0,0.25,5611.666666666667,0
PRV51716,0.0,0.0,0.0,0.0,82.0,23030.0,280.8536585365854,64.0,17.8125,22,73.71875,0.03125,64,156.0,0.0,82.0,0.0,280.8536585365854,0
PRV51718,0.0,0.0,0.0,0.0,8.0,2170.0,271.25,8.0,18.5,20,83.0,0.0,8,17.0,0.0,8.0,0.0,271.25,0
PRV51719,0.0,0.0,0.0,0.0,4.0,4740.0,1185.0,4.0,18.5,22,72.75,0.0,4,10.0,0.0,4.0,0.0,1185.0,0
PRV51720,0.0,0.0,0.0,0.0,4.0,720.0,180.0,4.0,15.5,18,74.25,0.0,4,9.0,0.0,4.0,0.0,180.0,0
PRV51721,0.0,0.0,0.0,0.0,5.0,680.0,136.0,5.0,17.4,22,83.6,0.0,5,16.0,0.0,5.0,0.0,136.0,0
PRV51722,0.0,0.0,0.0,0.0,1.0,30.0,30.0,1.0,21.0,21,70.0,0.0,1,0.0,0.0,1.0,0.0,30.0,0
PRV51723,0.0,0.0,0.0,0.0,16.0,5340.0,333.75,16.0,18.0625,22,76.1875,0.0,16,28.0,0.0,16.0,0.0,333.75,0
PRV51724,0.0,0.0,0.0,0.0,6.0,2480.0,413.3333333333333,6.0,16.5,20,68.5,0.0,6,14.0,0.0,6.0,0.0,413.3333333333333,0
PRV51725,0.0,0.0,0.0,0.0,4.0,190.0,47.5,4.0,19.25,21,73.25,0.0,4,9.0,0.0,4.0,0.0,47.5,0
PRV51726,0.0,0.0,0.0,0.0,21.0,6790.0,323.3333333333333,21.0,18.0,22,71.9047619047619,0.0,21,59.0,0.0,21.0,0.0,323.3333333333333,0
PRV51727,0.0,0.0,0.0,0.0,3.0,1950.0,650.0,3.0,17.333333333333332,22,52.666666666666664,0.0,3,5.0,0.0,3.0,0.0,650.0,0
PRV51729,0.0,0.0,0.0,0.0,19.0,3740.0,196.8421052631579,19.0,17.526315789473685,22,77.21052631578948,0.0,19,58.0,0.0,19.0,0.0,196.8421052631579,0
PRV51731,0.0,0.0,0.0,0.0,38.0,8720.0,229.47368421052633,38.0,16.94736842105263,22,71.6842105263158,0.0,38,82.0,0.0,38.0,0.0,229.47368421052633,0
PRV51732,0.0,0.0,0.0,0.0,12.0,6960.0,580.0,12.0,18.666666666666668,22,71.08333333333333,0.0,12,30.0,0.0,12.0,0.0,580.0,0
PRV51733,0.0,0.0,0.0,0.0,2.0,70.0,35.0,2.0,17.0,17,73.0,0.0,2,4.0,0.0,2.0,0.0,35.0,0
PRV51734,0.0,0.0,0.0,0.0,20.0,7900.0,395.0,20.0,17.9,21,78.0,0.0,20,33.0,0.0,20.0,0.0,395.0,0
PRV51735,0.0,0.0,0.0,0.0,4.0,350.0,87.5,4.0,15.75,16,75.75,0.0,4,11.0,0.0,4.0,0.0,87.5,0
PRV51736,0.0,0.0,0.0,0.0,21.0,5620.0,267.6190476190476,21.0,17.047619047619047,20,78.38095238095238,0.0,21,42.0,0.0,21.0,0.0,267.6190476190476,0
PRV51737,0.0,0.0,0.0,0.0,152.0,50300.0,330.92105263157896,106.0,17.91509433962264,22,72.98113207547169,0.009433962264150943,106,289.0,0.0,152.0,0.0,330.92105263157896,0
PRV51738,0.0,0.0,0.0,0.0,16.0,850.0,53.125,14.0,18.928571428571427,21,75.42857142857143,0.0,14,42.0,0.0,16.0,0.0,53.125,0
PRV51739,0.0,0.0,0.0,0.0,74.0,13700.0,185.13513513513513,72.0,17.38888888888889,22,72.65277777777777,0.0,72,135.0,0.0,74.0,0.0,185.13513513513513,0
PRV51740,0.0,0.0,0.0,0.0,57.0,14010.0,245.78947368421052,51.0,17.862745098039216,22,73.50980392156863,0.0392156862745098,51,113.0,0.0,57.0,0.0,245.78947368421052,0
PRV51741,0.0,0.0,0.0,0.0,35.0,5190.0,148.28571428571428,34.0,17.735294117647058,21,72.94117647058823,0.0,34,78.0,0.0,35.0,0.0,148.28571428571428,0
PRV51742,0.0,0.0,0.0,0.0,13.0,2830.0,217.69230769230768,13.0,17.076923076923077,21,81.23076923076923,0.0,13,39.0,0.0,13.0,0.0,217.69230769230768,0
PRV51743,0.0,0.0,0.0,0.0,118.0,29380.0,248.98305084745763,115.0,17.83478260869565,22,73.18260869565218,0.02608695652173913,115,204.0,0.0,118.0,0.0,248.98305084745763,0
PRV51744,0.0,0.0,0.0,0.0,5.0,660.0,132.0,5.0,18.2,21,75.0,0.0,5,18.0,0.0,5.0,0.0,132.0,0
PRV51745,0.0,0.0,0.0,0.0,13.0,2290.0,176.15384615384616,12.0,18.666666666666668,22,73.75,0.0,12,30.0,0.0,13.0,0.0,176.15384615384616,0
PRV51746,0.0,0.0,0.0,0.0,26.0,10490.0,403.46153846153845,25.0,17.92,22,74.2,0.0,25,71.0,0.0,26.0,0.0,403.46153846153845,0
PRV51747,0.0,0.0,0.0,0.0,4.0,1500.0,375.0,4.0,17.0,21,65.75,0.0,4,12.0,0.0,4.0,0.0,375.0,0
PRV51748,0.0,0.0,0.0,0.0,18.0,8060.0,447.77777777777777,18.0,17.0,21,74.0,0.0,18,44.0,0.0,18.0,0.0,447.77777777777777,0
PRV51749,0.0,0.0,0.0,0.0,6.0,2780.0,463.3333333333333,6.0,17.666666666666668,22,71.83333333333333,0.0,6,9.0,0.0,6.0,0.0,463.3333333333333,0
PRV51750,0.0,0.0,0.0,0.0,3.0,1600.0,533.3333333333334,3.0,18.666666666666668,21,78.0,0.0,3,14.0,0.0,3.0,0.0,533.3333333333334,0
PRV51751,0.0,0.0,0.0,0.0,2.0,900.0,450.0,2.0,19.0,19,75.5,0.0,2,4.0,0.0,2.0,0.0,450.0,0
PRV51752,0.0,0.0,0.0,0.0,87.0,32740.0,376.32183908045977,69.0,17.72463768115942,22,72.65217391304348,0.014492753623188406,69,158.0,0.0,87.0,0.0,376.32183908045977,0
PRV51753,0.0,0.0,0.0,0.0,4.0,1210.0,302.5,4.0,18.5,21,75.5,0.0,4,12.0,0.0,4.0,0.0,302.5,0
PRV51754,0.0,0.0,0.0,0.0,9.0,2120.0,235.55555555555554,9.0,18.22222222222222,21,69.22222222222223,0.0,9,23.0,0.0,9.0,0.0,235.55555555555554,0
PRV51755,0.0,0.0,0.0,0.0,6.0,590.0,98.33333333333333,6.0,16.833333333333332,21,70.0,0.0,6,11.0,0.0,6.0,0.0,98.33333333333333,0
PRV51758,0.0,0.0,0.0,0.0,7.0,910.0,130.0,7.0,17.285714285714285,19,78.28571428571429,0.0,7,18.0,0.0,7.0,0.0,130.0,0
PRV51759,0.0,0.0,0.0,0.0,13.0,1090.0,83.84615384615384,13.0,17.0,20,74.07692307692308,0.0,13,26.0,0.0,13.0,0.0,83.84615384615384,0
PRV51761,0.0,0.0,0.0,0.0,11.0,1870.0,170.0,11.0,17.545454545454547,21,67.0909090909091,0.0,11,26.0,0.0,11.0,0.0,170.0,0
PRV51762,0.0,0.0,0.0,0.0,14.0,3100.0,221.42857142857142,14.0,17.714285714285715,22,76.5,0.0,14,38.0,0.0,14.0,0.0,221.42857142857142,0
PRV51763,0.0,0.0,0.0,0.0,11.0,3960.0,360.0,11.0,18.0,22,67.36363636363636,0.0,11,35.0,0.0,11.0,0.0,360.0,0
PRV51764,0.0,0.0,0.0,0.0,33.0,6060.0,183.63636363636363,33.0,17.636363636363637,22,73.39393939393939,0.0,33,68.0,0.0,33.0,0.0,183.63636363636363,0
PRV51765,0.0,0.0,0.0,0.0,14.0,2870.0,205.0,14.0,18.214285714285715,21,72.64285714285714,0.0,14,30.0,0.0,14.0,0.0,205.0,0
PRV51766,0.0,0.0,0.0,0.0,23.0,2290.0,99.56521739130434,23.0,18.0,21,76.08695652173913,0.0,23,55.0,0.0,23.0,0.0,99.56521739130434,0
PRV51767,0.0,0.0,0.0,0.0,12.0,4060.0,338.3333333333333,12.0,18.083333333333332,22,72.08333333333333,0.0,12,37.0,0.0,12.0,0.0,338.3333333333333,0
PRV51769,0.0,0.0,0.0,0.0,15.0,4800.0,320.0,15.0,17.266666666666666,21,73.06666666666666,0.0,15,38.0,0.0,15.0,0.0,320.0,0
PRV51770,0.0,0.0,0.0,0.0,15.0,6820.0,454.6666666666667,15.0,18.266666666666666,22,70.4,0.0,15,44.0,0.0,15.0,0.0,454.6666666666667,0
PRV51771,0.0,0.0,0.0,0.0,40.0,8530.0,213.25,34.0,18.41176470588235,22,73.6470588235294,0.0,34,85.0,0.0,40.0,0.0,213.25,0
PRV51773,0.0,0.0,0.0,0.0,5.0,760.0,152.0,5.0,16.8,20,80.6,0.0,5,12.0,0.0,5.0,0.0,152.0,0
PRV51774,0.0,0.0,0.0,0.0,3.0,2990.0,996.6666666666666,3.0,16.333333333333332,19,73.66666666666667,0.0,3,6.0,0.0,3.0,0.0,996.6666666666666,0
PRV51775,0.0,0.0,0.0,0.0,39.0,9610.0,246.4102564102564,36.0,17.333333333333332,22,73.52777777777777,0.027777777777777776,36,72.0,0.0,39.0,0.0,246.4102564102564,0
PRV51776,0.0,0.0,0.0,0.0,54.0,12640.0,234.07407407407408,31.0,18.258064516129032,22,72.74193548387096,0.0,31,127.0,0.0,54.0,0.0,234.07407407407408,0
PRV51778,0.0,0.0,0.0,0.0,3.0,250.0,83.33333333333333,3.0,16.333333333333332,17,71.0,0.0,3,11.0,0.0,3.0,0.0,83.33333333333333,0
PRV51779,0.0,0.0,0.0,0.0,24.0,7690.0,320.4166666666667,22.0,17.5,21,75.18181818181819,0.0,22,66.0,0.0,24.0,0.0,320.4166666666667,0
PRV51780,0.0,0.0,0.0,0.0,34.0,5120.0,150.58823529411765,16.0,17.875,21,72.0,0.0,16,68.0,0.0,34.0,0.0,150.58823529411765,0
PRV51781,0.0,0.0,0.0,0.0,24.0,3000.0,125.0,20.0,17.45,22,72.2,0.1,20,61.0,0.0,24.0,0.0,125.0,0
PRV51784,0.0,0.0,0.0,0.0,8.0,3820.0,477.5,7.0,17.428571428571427,21,69.42857142857143,0.0,7,22.0,0.0,8.0,0.0,477.5,0
PRV51786,0.0,0.0,0.0,0.0,5.0,280.0,56.0,4.0,18.75,20,66.0,0.0,4,7.0,0.0,5.0,0.0,56.0,0
PRV51787,0.0,0.0,0.0,0.0,3.0,150.0,50.0,3.0,17.666666666666668,19,76.33333333333333,0.0,3,7.0,0.0,3.0,0.0,50.0,0
PRV51788,0.0,0.0,0.0,0.0,139.0,38790.0,279.0647482014389,85.0,17.611764705882354,22,74.23529411764706,0.03529411764705882,85,278.0,0.0,139.0,0.0,279.0647482014389,0
PRV51789,0.0,0.0,0.0,0.0,32.0,6940.0,216.875,28.0,18.107142857142858,22,76.21428571428571,0.0,28,57.0,0.0,32.0,0.0,216.875,0
PRV51790,0.0,0.0,0.0,0.0,76.0,18580.0,244.47368421052633,74.0,17.135135135135137,22,73.17567567567568,0.02702702702702703,74,152.0,0.0,76.0,0.0,244.47368421052633,0
PRV51792,0.0,0.0,0.0,0.0,46.0,21390.0,465.0,26.0,18.423076923076923,22,73.88461538461539,0.0,26,98.0,0.0,46.0,0.0,465.0,0
PRV51793,0.0,0.0,0.0,0.0,25.0,5000.0,200.0,12.0,17.083333333333332,20,69.66666666666667,0.0,12,57.0,0.0,25.0,0.0,200.0,0
PRV51794,0.0,0.0,0.0,0.0,11.0,2020.0,183.63636363636363,11.0,17.545454545454547,22,76.45454545454545,0.0,11,29.0,0.0,11.0,0.0,183.63636363636363,0
PRV51795,0.0,0.0,0.0,0.0,36.0,7510.0,208.61111111111111,26.0,17.53846153846154,21,73.8076923076923,0.0,26,79.0,0.0,36.0,0.0,208.61111111111111,0
PRV51796,0.0,0.0,0.0,0.0,4.0,140.0,35.0,4.0,18.75,22,73.25,0.0,4,8.0,0.0,4.0,0.0,35.0,0
PRV51797,0.0,0.0,0.0,0.0,5.0,450.0,90.0,4.0,18.25,21,67.75,0.0,4,13.0,0.0,5.0,0.0,90.0,0
PRV51798,0.0,0.0,0.0,0.0,10.0,1420.0,142.0,8.0,18.625,22,75.0,0.0,8,24.0,0.0,10.0,0.0,142.0,0
PRV51799,0.0,0.0,0.0,0.0,3.0,730.0,243.33333333333334,3.0,18.0,21,82.66666666666667,0.0,3,8.0,0.0,3.0,0.0,243.33333333333334,0
PRV51801,0.0,0.0,0.0,0.0,20.0,5030.0,251.5,20.0,17.3,21,80.05,0.0,20,49.0,0.0,20.0,0.0,251.5,0
PRV51802,0.0,0.0,0.0,0.0,24.0,4930.0,205.41666666666666,22.0,17.727272727272727,20,79.4090909090909,0.0,22,54.0,0.0,24.0,0.0,205.41666666666666,0
PRV51803,2.0,33000.0,16500.0,2.0,3.0,570.0,190.0,3.0,16.2,18,74.8,0.0,5,27.0,2.0,5.0,0.4,6714.0,0
PRV51805,3.0,67000.0,22333.333333333332,3.0,0.0,0.0,0.0,0.0,17.333333333333332,20,71.66666666666667,0.0,3,25.0,2.0,3.0,1.0,22333.333333333332,1
PRV51806,1.0,13000.0,13000.0,1.0,0.0,0.0,0.0,0.0,17.0,17,70.0,0.0,1,9.0,1.0,1.0,1.0,13000.0,0
PRV51807,7.0,98000.0,14000.0,7.0,0.0,0.0,0.0,0.0,16.142857142857142,18,78.0,0.0,7,44.0,7.0,7.0,1.0,14000.0,0
PRV51809,27.0,242020.0,8963.703703703704,26.0,0.0,0.0,0.0,0.0,16.692307692307693,20,74.3076923076923,0.0,26,152.0,17.0,27.0,1.0,8963.703703703704,0
PRV51810,3.0,29000.0,9666.666666666666,3.0,0.0,0.0,0.0,0.0,17.333333333333332,20,83.66666666666667,0.0,3,24.0,2.0,3.0,1.0,9666.666666666666,0
PRV51811,15.0,199000.0,13266.666666666666,15.0,0.0,0.0,0.0,0.0,16.866666666666667,21,70.4,0.0,15,100.0,11.0,15.0,1.0,13266.666666666666,0
PRV51812,1.0,6000.0,6000.0,1.0,0.0,0.0,0.0,0.0,17.0,17,58.0,0.0,1,10.0,1.0,1.0,1.0,6000.0,0
PRV51813,10.0,110000.0,11000.0,10.0,0.0,0.0,0.0,0.0,17.0,19,76.4,0.0,10,57.0,9.0,10.0,1.0,11000.0,0
PRV51815,0.0,0.0,0.0,0.0,5.0,810.0,162.0,5.0,17.4,21,64.8,0.0,5,16.0,0.0,5.0,0.0,162.0,0
PRV51816,7.0,68000.0,9714.285714285714,7.0,0.0,0.0,0.0,0.0,16.142857142857142,20,73.0,0.0,7,43.0,5.0,7.0,1.0,9714.285714285714,0
PRV51818,29.0,267000.0,9206.896551724138,27.0,0.0,0.0,0.0,0.0,16.62962962962963,21,72.74074074074075,0.0,27,163.0,17.0,29.0,1.0,9206.896551724138,1
PRV51819,2.0,7000.0,3500.0,2.0,1.0,50.0,50.0,1.0,18.333333333333332,22,78.66666666666667,0.0,3,18.0,0.0,3.0,0.6666666666666666,2350.0,0
PRV51820,5.0,25000.0,5000.0,5.0,0.0,0.0,0.0,0.0,16.6,19,79.4,0.0,5,29.0,3.0,5.0,1.0,5000.0,0
PRV51821,10.0,138000.0,13800.0,10.0,0.0,0.0,0.0,0.0,16.1,18,73.6,0.0,10,74.0,4.0,10.0,1.0,13800.0,0
PRV51822,1.0,600.0,600.0,1.0,0.0,0.0,0.0,0.0,19.0,19,89.0,0.0,1,1.0,0.0,1.0,1.0,600.0,0
PRV51823,8.0,44000.0,5500.0,8.0,3.0,530.0,176.66666666666666,3.0,17.09090909090909,20,72.0,0.0,11,67.0,1.0,11.0,0.7272727272727273,4048.181818181818,0
PRV51824,10.0,59900.0,5990.0,9.0,0.0,0.0,0.0,0.0,15.666666666666666,17,66.33333333333333,0.0,9,76.0,3.0,10.0,1.0,5990.0,0
PRV51826,21.0,265000.0,12619.047619047618,20.0,0.0,0.0,0.0,0.0,16.85,21,69.0,0.0,20,119.0,17.0,21.0,1.0,12619.047619047618,1
PRV51827,18.0,130000.0,7222.222222222223,17.0,0.0,0.0,0.0,0.0,16.058823529411764,18,70.6470588235294,0.0,17,109.0,9.0,18.0,1.0,7222.222222222223,0
PRV51828,11.0,111000.0,10090.90909090909,11.0,0.0,0.0,0.0,0.0,16.0,19,75.0909090909091,0.0,11,69.0,9.0,11.0,1.0,10090.90909090909,0
PRV51829,5.0,36000.0,7200.0,5.0,0.0,0.0,0.0,0.0,16.0,19,74.6,0.0,5,36.0,2.0,5.0,1.0,7200.0,0
PRV51830,6.0,20000.0,3333.3333333333335,6.0,0.0,0.0,0.0,0.0,17.666666666666668,21,69.0,0.0,6,42.0,1.0,6.0,1.0,3333.3333333333335,0
PRV51831,2.0,28000.0,14000.0,2.0,0.0,0.0,0.0,0.0,17.5,18,67.0,0.0,2,18.0,2.0,2.0,1.0,14000.0,0
PRV51833,3.0,15000.0,5000.0,3.0,0.0,0.0,0.0,0.0,16.666666666666668,19,80.33333333333333,0.0,3,24.0,2.0,3.0,1.0,5000.0,0
PRV51836,0.0,0.0,0.0,0.0,1794.0,505000.0,281.4938684503902,644.0,18.372670807453417,22,73.73913043478261,0.006211180124223602,644,1724.0,0.0,1794.0,0.0,281.4938684503902,1
PRV51837,15.0,173000.0,11533.333333333334,15.0,89.0,27310.0,306.85393258426967,84.0,18.060606060606062,22,74.17171717171718,0.0,99,228.0,10.0,104.0,0.14423076923076922,1926.0576923076924,0
PRV51838,0.0,0.0,0.0,0.0,200.0,54000.0,270.0,169.0,17.763313609467456,22,73.91124260355029,0.005917159763313609,169,328.0,0.0,200.0,0.0,270.0,0
PRV51840,39.0,362700.0,9300.0,35.0,79.0,17900.0,226.58227848101265,77.0,17.64864864864865,22,73.10810810810811,0.018018018018018018,111,320.0,21.0,118.0,0.3305084745762712,3225.423728813559,1
PRV51841,8.0,119000.0,14875.0,7.0,48.0,13310.0,277.2916666666667,45.0,17.21153846153846,22,72.46153846153847,0.019230769230769232,52,148.0,4.0,56.0,0.14285714285714285,2362.6785714285716,0
PRV51842,117.0,1165700.0,9963.247863247863,89.0,177.0,54900.0,310.1694915254237,144.0,17.798206278026907,22,71.66367713004485,0.008968609865470852,223,636.0,64.0,294.0,0.3979591836734694,4151.700680272109,1
PRV51843,0.0,0.0,0.0,0.0,50.0,18810.0,376.2,36.0,18.5,22,71.11111111111111,0.0,36,121.0,0.0,50.0,0.0,376.2,0
PRV51845,11.0,102000.0,9272.727272727272,10.0,34.0,8280.0,243.52941176470588,31.0,17.925,22,71.425,0.0,40,123.0,4.0,45.0,0.24444444444444444,2450.6666666666665,0
PRV51846,2.0,11000.0,5500.0,1.0,27.0,8070.0,298.8888888888889,24.0,17.72,22,67.16,0.04,25,74.0,4.0,29.0,0.06896551724137931,657.5862068965517,0
PRV51847,0.0,0.0,0.0,0.0,42.0,9420.0,224.28571428571428,38.0,18.07894736842105,22,75.44736842105263,0.0,38,79.0,0.0,42.0,0.0,224.28571428571428,0
PRV51848,0.0,0.0,0.0,0.0,57.0,15680.0,275.0877192982456,55.0,17.818181818181817,22,75.01818181818182,0.0,55,121.0,0.0,57.0,0.0,275.0877192982456,0
PRV51849,3.0,18000.0,6000.0,3.0,143.0,32620.0,228.1118881118881,110.0,18.117117117117118,22,73.52252252252252,0.0,111,278.0,2.0,146.0,0.02054794520547945,346.71232876712327,0
PRV51851,53.0,548000.0,10339.622641509433,47.0,419.0,121490.0,289.95226730310264,303.0,17.886904761904763,22,72.97619047619048,0.002976190476190476,336,742.0,30.0,472.0,0.11228813559322035,1418.4110169491526,1
PRV51852,0.0,0.0,0.0,0.0,19.0,7740.0,407.36842105263156,18.0,18.0,22,76.05555555555556,0.0,18,38.0,0.0,19.0,0.0,407.36842105263156,0
PRV51855,16.0,126000.0,7875.0,13.0,104.0,19170.0,184.32692307692307,84.0,18.152173913043477,22,70.25,0.010869565217391304,92,261.0,15.0,120.0,0.13333333333333333,1209.75,0
PRV51856,0.0,0.0,0.0,0.0,117.0,31500.0,269.2307692307692,107.0,18.018691588785046,22,72.10280373831776,0.0,107,228.0,0.0,117.0,0.0,269.2307692307692,0
PRV51857,26.0,379000.0,14576.923076923076,21.0,31.0,4490.0,144.83870967741936,27.0,17.19148936170213,22,70.87234042553192,0.0,47,193.0,21.0,57.0,0.45614035087719296,6727.894736842105,1
PRV51858,0.0,0.0,0.0,0.0,61.0,14380.0,235.7377049180328,59.0,17.74576271186441,22,72.62711864406779,0.0,59,122.0,0.0,61.0,0.0,235.7377049180328,0
PRV51859,0.0,0.0,0.0,0.0,65.0,15500.0,238.46153846153845,60.0,17.833333333333332,22,74.65,0.0,60,137.0,0.0,65.0,0.0,238.46153846153845,0
PRV51860,4.0,18400.0,4600.0,4.0,772.0,226210.0,293.0181347150259,350.0,18.236467236467238,22,74.54985754985755,0.0,351,981.0,1.0,776.0,0.005154639175257732,315.21907216494844,0
PRV51861,0.0,0.0,0.0,0.0,21.0,2760.0,131.42857142857142,20.0,17.95,21,74.7,0.0,20,46.0,0.0,21.0,0.0,131.42857142857142,0
PRV51862,8.0,89000.0,11125.0,8.0,12.0,3870.0,322.5,12.0,17.8,22,73.6,0.0,20,80.0,6.0,20.0,0.4,4643.5,0
PRV51863,19.0,268000.0,14105.263157894737,17.0,54.0,18700.0,346.2962962962963,51.0,16.984848484848484,21,74.51515151515152,0.0,66,218.0,16.0,73.0,0.2602739726027397,3927.3972602739727,0
PRV51864,6.0,60000.0,10000.0,6.0,127.0,31090.0,244.8031496062992,69.0,17.92,22,72.98666666666666,0.013333333333333334,75,255.0,2.0,133.0,0.045112781954887216,684.8872180451128,0
PRV51865,0.0,0.0,0.0,0.0,28.0,11670.0,416.7857142857143,27.0,18.185185185185187,22,75.25925925925925,0.0,27,66.0,0.0,28.0,0.0,416.7857142857143,0
PRV51867,0.0,0.0,0.0,0.0,102.0,32130.0,315.0,97.0,17.742268041237114,22,74.19587628865979,0.010309278350515464,97,207.0,0.0,102.0,0.0,315.0,0
PRV51868,100.0,1093060.0,10930.6,82.0,44.0,6650.0,151.13636363636363,41.0,17.51219512195122,22,72.82926829268293,0.0,123,413.0,61.0,144.0,0.6944444444444444,7636.875,1
PRV51869,2.0,21000.0,10500.0,2.0,19.0,5480.0,288.42105263157896,19.0,17.904761904761905,22,73.52380952380952,0.0,21,47.0,0.0,21.0,0.09523809523809523,1260.952380952381,0
PRV51870,0.0,0.0,0.0,0.0,55.0,19290.0,350.72727272727275,54.0,18.185185185185187,22,72.66666666666667,0.0,54,127.0,0.0,55.0,0.0,350.72727272727275,0
PRV51871,0.0,0.0,0.0,0.0,30.0,5920.0,197.33333333333334,29.0,17.517241379310345,22,74.65517241379311,0.0,29,62.0,0.0,30.0,0.0,197.33333333333334,0
PRV51872,0.0,0.0,0.0,0.0,24.0,8840.0,368.3333333333333,23.0,18.08695652173913,21,77.30434782608695,0.0,23,53.0,0.0,24.0,0.0,368.3333333333333,0
PRV51873,26.0,301000.0,11576.923076923076,26.0,118.0,40480.0,343.0508474576271,105.0,18.0,22,72.21538461538462,0.007692307692307693,130,334.0,18.0,144.0,0.18055555555555555,2371.3888888888887,1
PRV51874,0.0,0.0,0.0,0.0,44.0,11290.0,256.59090909090907,42.0,17.238095238095237,22,74.54761904761905,0.0,42,103.0,0.0,44.0,0.0,256.59090909090907,0
PRV51875,0.0,0.0,0.0,0.0,1.0,50.0,50.0,1.0,19.0,19,74.0,0.0,1,2.0,0.0,1.0,0.0,50.0,0
PRV51876,18.0,232000.0,12888.888888888889,17.0,43.0,10320.0,240.0,41.0,17.54385964912281,22,74.56140350877193,0.0,57,202.0,14.0,61.0,0.29508196721311475,3972.4590163934427,1
PRV51877,0.0,0.0,0.0,0.0,4.0,290.0,72.5,4.0,17.75,22,75.0,0.0,4,6.0,0.0,4.0,0.0,72.5,0
PRV51878,0.0,0.0,0.0,0.0,12.0,3110.0,259.1666666666667,12.0,17.083333333333332,22,73.25,0.0,12,25.0,0.0,12.0,0.0,259.1666666666667,0
PRV51879,0.0,0.0,0.0,0.0,105.0,40710.0,387.7142857142857,36.0,18.52777777777778,22,70.63888888888889,0.0,36,205.0,0.0,105.0,0.0,387.7142857142857,0
PRV51884,5.0,73000.0,14600.0,5.0,39.0,11530.0,295.64102564102564,39.0,18.25,22,75.1590909090909,0.0,44,119.0,5.0,44.0,0.11363636363636363,1921.1363636363637,0
PRV51885,0.0,0.0,0.0,0.0,85.0,25670.0,302.0,49.0,17.53061224489796,22,75.24489795918367,0.0,49,181.0,0.0,85.0,0.0,302.0,0
PRV51886,0.0,0.0,0.0,0.0,18.0,2160.0,120.0,5.0,18.6,22,72.0,0.0,5,43.0,0.0,18.0,0.0,120.0,0
PRV51887,0.0,0.0,0.0,0.0,2.0,120.0,60.0,2.0,18.0,21,70.5,0.0,2,4.0,0.0,2.0,0.0,60.0,0
PRV51888,0.0,0.0,0.0,0.0,5.0,640.0,128.0,5.0,19.6,22,68.8,0.0,5,9.0,0.0,5.0,0.0,128.0,0
PRV51889,0.0,0.0,0.0,0.0,4.0,170.0,42.5,1.0,19.0,19,78.0,0.0,1,7.0,0.0,4.0,0.0,42.5,0
PRV51890,1.0,11000.0,11000.0,1.0,20.0,3510.0,175.5,17.0,17.166666666666668,20,72.5,0.05555555555555555,18,56.0,0.0,21.0,0.047619047619047616,690.952380952381,0
PRV51891,0.0,0.0,0.0,0.0,3.0,480.0,160.0,3.0,16.0,19,67.0,0.0,3,13.0,0.0,3.0,0.0,160.0,0
PRV51892,0.0,0.0,0.0,0.0,5.0,750.0,150.0,5.0,17.8,21,60.2,0.0,5,8.0,0.0,5.0,0.0,150.0,0
PRV51894,0.0,0.0,0.0,0.0,20.0,9210.0,460.5,20.0,17.45,22,75.85,0.0,20,50.0,0.0,20.0,0.0,460.5,0
PRV51895,0.0,0.0,0.0,0.0,18.0,3730.0,207.22222222222223,8.0,18.375,21,70.25,0.0,8,40.0,0.0,18.0,0.0,207.22222222222223,0
PRV51896,0.0,0.0,0.0,0.0,5.0,530.0,106.0,4.0,18.75,22,66.5,0.0,4,11.0,0.0,5.0,0.0,106.0,0
PRV51897,0.0,0.0,0.0,0.0,65.0,10930.0,168.15384615384616,38.0,17.36842105263158,22,73.15789473684211,0.0,38,122.0,0.0,65.0,0.0,168.15384615384616,0
PRV51898,1.0,6000.0,6000.0,1.0,58.0,6520.0,112.41379310344827,48.0,17.73469387755102,22,74.85714285714286,0.0,49,128.0,0.0,59.0,0.01694915254237288,212.20338983050848,0
PRV51899,0.0,0.0,0.0,0.0,23.0,5500.0,239.1304347826087,16.0,18.6875,22,74.0625,0.0625,16,41.0,0.0,23.0,0.0,239.1304347826087,0
PRV51901,0.0,0.0,0.0,0.0,7.0,3600.0,514.2857142857143,7.0,18.0,22,77.0,0.0,7,13.0,0.0,7.0,0.0,514.2857142857143,0
PRV51902,0.0,0.0,0.0,0.0,4.0,1300.0,325.0,1.0,19.0,19,77.0,0.0,1,8.0,0.0,4.0,0.0,325.0,0
PRV51905,0.0,0.0,0.0,0.0,257.0,82540.0,321.16731517509726,85.0,18.4,22,71.84705882352941,0.03529411764705882,85,398.0,0.0,257.0,0.0,321.16731517509726,0
PRV51906,0.0,0.0,0.0,0.0,22.0,2730.0,124.0909090909091,8.0,18.375,22,69.375,0.0,8,58.0,0.0,22.0,0.0,124.0909090909091,0
PRV51908,0.0,0.0,0.0,0.0,22.0,14270.0,648.6363636363636,22.0,17.90909090909091,22,71.95454545454545,0.0,22,51.0,0.0,22.0,0.0,648.6363636363636,0
PRV51909,0.0,0.0,0.0,0.0,16.0,3460.0,216.25,16.0,18.125,22,76.625,0.0,16,40.0,0.0,16.0,0.0,216.25,0
PRV51910,0.0,0.0,0.0,0.0,82.0,27950.0,340.8536585365854,49.0,18.346938775510203,22,71.34693877551021,0.0,49,154.0,0.0,82.0,0.0,340.8536585365854,0
PRV51911,0.0,0.0,0.0,0.0,93.0,25540.0,274.6236559139785,56.0,18.357142857142858,22,72.07142857142857,0.017857142857142856,56,175.0,0.0,93.0,0.0,274.6236559139785,0
PRV51913,0.0,0.0,0.0,0.0,1.0,70.0,70.0,1.0,16.0,16,77.0,0.0,1,1.0,0.0,1.0,0.0,70.0,0
PRV51914,0.0,0.0,0.0,0.0,11.0,1680.0,152.72727272727272,11.0,18.636363636363637,22,77.18181818181819,0.0,11,33.0,0.0,11.0,0.0,152.72727272727272,0
PRV51915,0.0,0.0,0.0,0.0,20.0,6170.0,308.5,16.0,18.3125,22,75.4375,0.0,16,43.0,0.0,20.0,0.0,308.5,0
PRV51916,0.0,0.0,0.0,0.0,43.0,7290.0,169.53488372093022,13.0,17.692307692307693,21,70.38461538461539,0.0,13,106.0,0.0,43.0,0.0,169.53488372093022,0
PRV51917,0.0,0.0,0.0,0.0,11.0,970.0,88.18181818181819,9.0,18.555555555555557,21,71.33333333333333,0.1111111111111111,9,25.0,0.0,11.0,0.0,88.18181818181819,0
PRV51918,0.0,0.0,0.0,0.0,1.0,50.0,50.0,1.0,20.0,20,75.0,0.0,1,1.0,0.0,1.0,0.0,50.0,0
PRV51919,6.0,101000.0,16833.333333333332,6.0,0.0,0.0,0.0,0.0,16.833333333333332,19,69.5,0.0,6,48.0,6.0,6.0,1.0,16833.333333333332,0
PRV51920,9.0,100000.0,11111.111111111111,9.0,9.0,700.0,77.77777777777777,9.0,17.72222222222222,21,70.27777777777777,0.0,18,76.0,6.0,18.0,0.5,5594.444444444444,1
PRV51921,0.0,0.0,0.0,0.0,70.0,19290.0,275.57142857142856,24.0,17.875,22,75.66666666666667,0.0,24,145.0,0.0,70.0,0.0,275.57142857142856,0
PRV51922,0.0,0.0,0.0,0.0,24.0,5090.0,212.08333333333334,11.0,17.363636363636363,20,67.0,0.0,11,61.0,0.0,24.0,0.0,212.08333333333334,0
PRV51923,0.0,0.0,0.0,0.0,9.0,1040.0,115.55555555555556,7.0,18.0,22,70.42857142857143,0.0,7,15.0,0.0,9.0,0.0,115.55555555555556,0
PRV51924,0.0,0.0,0.0,0.0,50.0,15710.0,314.2,25.0,17.8,22,71.56,0.0,25,119.0,0.0,50.0,0.0,314.2,0
PRV51925,0.0,0.0,0.0,0.0,4.0,1960.0,490.0,3.0,18.0,20,76.33333333333333,0.0,3,10.0,0.0,4.0,0.0,490.0,0
PRV51926,0.0,0.0,0.0,0.0,32.0,13870.0,433.4375,30.0,17.366666666666667,22,76.46666666666667,0.0,30,70.0,0.0,32.0,0.0,433.4375,0
PRV51927,5.0,64000.0,12800.0,5.0,1.0,50.0,50.0,1.0,16.333333333333332,20,77.0,0.0,6,45.0,5.0,6.0,0.8333333333333334,10675.0,0
PRV51928,0.0,0.0,0.0,0.0,30.0,7140.0,238.0,30.0,17.0,22,74.6,0.0,30,84.0,0.0,30.0,0.0,238.0,0
PRV51929,8.0,71000.0,8875.0,8.0,103.0,35630.0,345.92233009708735,101.0,17.541284403669724,22,73.95412844036697,0.009174311926605505,109,221.0,6.0,111.0,0.07207207207207207,960.6306306306307,0
PRV51930,0.0,0.0,0.0,0.0,6.0,1010.0,168.33333333333334,6.0,18.0,22,80.33333333333333,0.0,6,12.0,0.0,6.0,0.0,168.33333333333334,0
PRV51931,1.0,5000.0,5000.0,1.0,45.0,13430.0,298.44444444444446,45.0,17.68888888888889,22,75.57777777777778,0.0,45,94.0,0.0,46.0,0.021739130434782608,400.6521739130435,0
PRV51932,2.0,27000.0,13500.0,2.0,19.0,4970.0,261.57894736842104,19.0,17.095238095238095,21,75.80952380952381,0.0,21,50.0,3.0,21.0,0.09523809523809523,1522.3809523809523,0
PRV51933,0.0,0.0,0.0,0.0,57.0,14370.0,252.10526315789474,56.0,17.857142857142858,22,75.14285714285714,0.0,56,124.0,0.0,57.0,0.0,252.10526315789474,0
PRV51934,0.0,0.0,0.0,0.0,111.0,27270.0,245.67567567567568,111.0,17.333333333333332,22,74.09909909909909,0.009009009009009009,111,208.0,0.0,111.0,0.0,245.67567567567568,0
PRV51935,3.0,22000.0,7333.333333333333,3.0,54.0,16280.0,301.48148148148147,52.0,17.636363636363637,22,75.4,0.0,55,141.0,3.0,57.0,0.05263157894736842,671.578947368421,0
PRV51936,0.0,0.0,0.0,0.0,20.0,4770.0,238.5,20.0,17.35,22,71.85,0.0,20,44.0,0.0,20.0,0.0,238.5,0
PRV51937,0.0,0.0,0.0,0.0,90.0,18270.0,203.0,87.0,17.71264367816092,22,74.67816091954023,0.011494252873563218,87,161.0,0.0,90.0,0.0,203.0,0
PRV51938,2.0,11000.0,5500.0,2.0,104.0,31020.0,298.2692307692308,93.0,17.589473684210525,22,74.29473684210527,0.021052631578947368,95,208.0,0.0,106.0,0.018867924528301886,396.41509433962267,0
PRV51940,193.0,1964000.0,10176.165803108808,170.0,58.0,28270.0,487.41379310344826,57.0,16.951541850220263,22,73.87665198237886,0.0,227,645.0,86.0,251.0,0.7689243027888446,7937.330677290836,1
PRV51941,2.0,11200.0,5600.0,2.0,25.0,6790.0,271.6,25.0,17.59259259259259,22,76.03703703703704,0.0,27,70.0,2.0,27.0,0.07407407407407407,666.2962962962963,0
PRV51942,0.0,0.0,0.0,0.0,53.0,11880.0,224.1509433962264,52.0,17.634615384615383,22,75.03846153846153,0.019230769230769232,52,109.0,0.0,53.0,0.0,224.1509433962264,0
PRV51943,1.0,9000.0,9000.0,1.0,88.0,19970.0,226.9318181818182,84.0,17.71764705882353,22,75.54117647058824,0.0,85,171.0,0.0,89.0,0.011235955056179775,325.5056179775281,0
PRV51944,5.0,49000.0,9800.0,5.0,119.0,47100.0,395.79831932773106,106.0,17.495495495495497,22,73.61261261261261,0.0,111,237.0,6.0,124.0,0.04032258064516129,775.0,0
PRV51946,23.0,182000.0,7913.04347826087,22.0,68.0,19370.0,284.8529411764706,67.0,17.224719101123597,22,73.0,0.011235955056179775,89,247.0,13.0,91.0,0.25274725274725274,2212.8571428571427,0
PRV51947,1.0,22000.0,22000.0,1.0,27.0,2090.0,77.4074074074074,26.0,17.074074074074073,22,74.37037037037037,0.0,27,60.0,0.0,28.0,0.03571428571428571,860.3571428571429,0
PRV51948,143.0,1410800.0,9865.734265734265,130.0,372.0,109150.0,293.4139784946237,236.0,17.559322033898304,22,74.78531073446328,0.002824858757062147,354,903.0,67.0,515.0,0.27766990291262134,2951.359223300971,1
PRV51949,19.0,246000.0,12947.368421052632,18.0,52.0,14140.0,271.9230769230769,50.0,17.514705882352942,22,75.80882352941177,0.014705882352941176,68,206.0,9.0,71.0,0.2676056338028169,3663.943661971831,0
PRV51950,3.0,23000.0,7666.666666666667,3.0,66.0,22770.0,345.0,65.0,17.764705882352942,22,76.05882352941177,0.0,68,160.0,5.0,69.0,0.043478260869565216,663.3333333333334,0
PRV51951,48.0,458000.0,9541.666666666666,35.0,54.0,15010.0,277.962962962963,53.0,17.114942528735632,22,73.97701149425288,0.0,87,302.0,31.0,102.0,0.47058823529411764,4637.35294117647,1
PRV51952,0.0,0.0,0.0,0.0,19.0,2470.0,130.0,19.0,17.894736842105264,21,73.84210526315789,0.0,19,40.0,0.0,19.0,0.0,130.0,0
PRV51954,23.0,272000.0,11826.08695652174,23.0,620.0,178930.0,288.5967741935484,555.0,17.805892547660314,22,73.37781629116118,0.005199306759098787,577,852.0,20.0,643.0,0.03576982892690513,701.2908242612752,0
PRV51956,2.0,18000.0,9000.0,2.0,12.0,6110.0,509.1666666666667,12.0,18.0,22,69.35714285714286,0.0,14,53.0,1.0,14.0,0.14285714285714285,1722.142857142857,0
PRV51957,24.0,199000.0,8291.666666666666,23.0,55.0,11190.0,203.45454545454547,55.0,17.51948051948052,22,72.24675324675324,0.0,77,251.0,14.0,79.0,0.3037974683544304,2660.6329113924053,0
PRV51958,1.0,3000.0,3000.0,1.0,28.0,8000.0,285.7142857142857,28.0,17.20689655172414,21,76.89655172413794,0.0,29,58.0,0.0,29.0,0.034482758620689655,379.3103448275862,0
PRV51959,0.0,0.0,0.0,0.0,751.0,213350.0,284.08788282290277,398.0,18.168341708542712,22,74.9572864321608,0.010050251256281407,398,918.0,0.0,751.0,0.0,284.08788282290277,0
PRV51960,21.0,263000.0,12523.809523809523,20.0,27.0,3640.0,134.8148148148148,25.0,16.88888888888889,21,74.77777777777777,0.0,45,175.0,16.0,48.0,0.4375,5555.0,0
PRV51961,0.0,0.0,0.0,0.0,159.0,46610.0,293.1446540880503,137.0,17.824817518248175,22,76.38686131386861,0.014598540145985401,137,280.0,0.0,159.0,0.0,293.1446540880503,0
PRV51963,0.0,0.0,0.0,0.0,54.0,13630.0,252.40740740740742,48.0,17.854166666666668,22,77.25,0.0,48,116.0,0.0,54.0,0.0,252.40740740740742,0
PRV51964,0.0,0.0,0.0,0.0,17.0,2440.0,143.52941176470588,17.0,17.647058823529413,21,75.23529411764706,0.058823529411764705,17,32.0,0.0,17.0,0.0,143.52941176470588,0
PRV51965,0.0,0.0,0.0,0.0,19.0,2680.0,141.05263157894737,18.0,17.27777777777778,21,75.38888888888889,0.0,18,45.0,0.0,19.0,0.0,141.05263157894737,0
PRV51966,0.0,0.0,0.0,0.0,3.0,2450.0,816.6666666666666,3.0,18.0,19,80.66666666666667,0.0,3,9.0,0.0,3.0,0.0,816.6666666666666,0
PRV51967,0.0,0.0,0.0,0.0,57.0,16830.0,295.2631578947368,53.0,17.92452830188679,22,78.62264150943396,0.018867924528301886,53,111.0,0.0,57.0,0.0,295.2631578947368,0
PRV51968,0.0,0.0,0.0,0.0,1.0,90.0,90.0,1.0,22.0,22,41.0,0.0,1,1.0,0.0,1.0,0.0,90.0,0
PRV51969,0.0,0.0,0.0,0.0,42.0,15450.0,367.85714285714283,39.0,17.0,22,71.97435897435898,0.02564102564102564,39,84.0,0.0,42.0,0.0,367.85714285714283,0
PRV51970,0.0,0.0,0.0,0.0,35.0,25410.0,726.0,32.0,17.625,22,73.65625,0.03125,32,79.0,0.0,35.0,0.0,726.0,0
PRV51972,0.0,0.0,0.0,0.0,35.0,9460.0,270.2857142857143,34.0,18.264705882352942,22,75.20588235294117,0.029411764705882353,34,92.0,0.0,35.0,0.0,270.2857142857143,0
PRV51973,0.0,0.0,0.0,0.0,74.0,19060.0,257.56756756756755,63.0,17.238095238095237,22,76.76190476190476,0.015873015873015872,63,149.0,0.0,74.0,0.0,257.56756756756755,0
PRV51974,0.0,0.0,0.0,0.0,4.0,710.0,177.5,4.0,17.5,19,65.25,0.0,4,16.0,0.0,4.0,0.0,177.5,0
PRV51976,7.0,61000.0,8714.285714285714,7.0,0.0,0.0,0.0,0.0,17.142857142857142,20,77.28571428571429,0.0,7,54.0,7.0,7.0,1.0,8714.285714285714,0
PRV51977,1.0,8000.0,8000.0,1.0,0.0,0.0,0.0,0.0,17.0,17,74.0,0.0,1,9.0,1.0,1.0,1.0,8000.0,0
PRV51978,4.0,31000.0,7750.0,4.0,0.0,0.0,0.0,0.0,15.25,17,81.75,0.0,4,32.0,0.0,4.0,1.0,7750.0,0
PRV51979,13.0,136000.0,10461.538461538461,12.0,0.0,0.0,0.0,0.0,15.75,20,80.16666666666667,0.0,12,79.0,8.0,13.0,1.0,10461.538461538461,1
PRV51981,5.0,18000.0,3600.0,5.0,0.0,0.0,0.0,0.0,15.2,17,75.4,0.0,5,35.0,1.0,5.0,1.0,3600.0,0
PRV51983,0.0,0.0,0.0,0.0,40.0,7050.0,176.25,39.0,17.46153846153846,21,75.92307692307692,0.0,39,88.0,0.0,40.0,0.0,176.25,0
PRV51984,0.0,0.0,0.0,0.0,525.0,160780.0,306.247619047619,337.0,17.729970326409497,22,73.54005934718101,0.002967359050445104,337,722.0,0.0,525.0,0.0,306.247619047619,0
PRV51987,0.0,0.0,0.0,0.0,2.0,30.0,15.0,2.0,17.5,18,80.5,0.0,2,7.0,0.0,2.0,0.0,15.0,0
PRV51988,0.0,0.0,0.0,0.0,37.0,12230.0,330.5405405405405,32.0,17.5,21,73.25,0.0,32,89.0,0.0,37.0,0.0,330.5405405405405,0
PRV51989,0.0,0.0,0.0,0.0,18.0,4060.0,225.55555555555554,18.0,18.0,21,71.5,0.0,18,38.0,0.0,18.0,0.0,225.55555555555554,0
PRV51990,0.0,0.0,0.0,0.0,89.0,18690.0,210.0,49.0,18.428571428571427,22,74.85714285714286,0.02040816326530612,49,207.0,0.0,89.0,0.0,210.0,0
PRV51991,0.0,0.0,0.0,0.0,31.0,9570.0,308.7096774193548,30.0,17.433333333333334,22,74.86666666666666,0.0,30,79.0,0.0,31.0,0.0,308.7096774193548,0
PRV51992,0.0,0.0,0.0,0.0,61.0,10790.0,176.88524590163934,54.0,18.11111111111111,22,74.68518518518519,0.0,54,118.0,0.0,61.0,0.0,176.88524590163934,0
PRV51993,0.0,0.0,0.0,0.0,2.0,230.0,115.0,2.0,18.5,22,72.5,0.0,2,5.0,0.0,2.0,0.0,115.0,0
PRV51994,0.0,0.0,0.0,0.0,33.0,11780.0,356.969696969697,31.0,17.64516129032258,22,72.0,0.0,31,86.0,0.0,33.0,0.0,356.969696969697,0
PRV51995,0.0,0.0,0.0,0.0,20.0,9700.0,485.0,20.0,18.2,22,73.15,0.0,20,35.0,0.0,20.0,0.0,485.0,0
PRV51996,0.0,0.0,0.0,0.0,41.0,10070.0,245.609756097561,38.0,18.05263157894737,21,75.94736842105263,0.0,38,87.0,0.0,41.0,0.0,245.609756097561,0
PRV51998,0.0,0.0,0.0,0.0,28.0,5360.0,191.42857142857142,28.0,17.928571428571427,22,74.17857142857143,0.0,28,62.0,0.0,28.0,0.0,191.42857142857142,0
PRV51999,0.0,0.0,0.0,0.0,17.0,2660.0,156.47058823529412,17.0,18.176470588235293,22,77.47058823529412,0.0,17,42.0,0.0,17.0,0.0,156.47058823529412,0
PRV52001,0.0,0.0,0.0,0.0,1177.0,320620.0,272.4044180118946,744.0,17.897849462365592,22,73.10752688172043,0.005376344086021506,744,1296.0,0.0,1177.0,0.0,272.4044180118946,0
PRV52002,24.0,299000.0,12458.333333333334,24.0,164.0,44260.0,269.8780487804878,156.0,17.538888888888888,22,73.41666666666667,0.005555555555555556,180,405.0,21.0,188.0,0.1276595744680851,1825.8510638297873,1
PRV52003,77.0,778000.0,10103.896103896104,68.0,77.0,28950.0,375.97402597402595,76.0,16.979166666666668,22,74.97222222222223,0.0,144,441.0,45.0,154.0,0.5,5239.935064935065,0
PRV52004,0.0,0.0,0.0,0.0,47.0,15680.0,333.6170212765957,41.0,17.682926829268293,22,75.07317073170732,0.0,41,93.0,0.0,47.0,0.0,333.6170212765957,0
PRV52007,0.0,0.0,0.0,0.0,18.0,1910.0,106.11111111111111,18.0,18.444444444444443,22,69.0,0.0,18,37.0,0.0,18.0,0.0,106.11111111111111,0
PRV52008,0.0,0.0,0.0,0.0,25.0,4830.0,193.2,24.0,17.916666666666668,22,73.91666666666667,0.041666666666666664,24,60.0,0.0,25.0,0.0,193.2,0
PRV52009,0.0,0.0,0.0,0.0,35.0,5770.0,164.85714285714286,33.0,17.393939393939394,22,75.54545454545455,0.0,33,87.0,0.0,35.0,0.0,164.85714285714286,0
PRV52010,0.0,0.0,0.0,0.0,7.0,1400.0,200.0,7.0,17.285714285714285,19,82.0,0.0,7,13.0,0.0,7.0,0.0,200.0,0
PRV52011,0.0,0.0,0.0,0.0,26.0,7070.0,271.9230769230769,23.0,17.434782608695652,22,70.8695652173913,0.0,23,65.0,0.0,26.0,0.0,271.9230769230769,0
PRV52012,1.0,8000.0,8000.0,1.0,0.0,0.0,0.0,0.0,15.0,15,95.0,0.0,1,9.0,1.0,1.0,1.0,8000.0,0
PRV52013,0.0,0.0,0.0,0.0,62.0,14210.0,229.19354838709677,56.0,17.625,22,75.14285714285714,0.0,56,119.0,0.0,62.0,0.0,229.19354838709677,0
PRV52014,0.0,0.0,0.0,0.0,351.0,93890.0,267.4928774928775,299.0,17.732441471571907,22,72.86622073578596,0.006688963210702341,299,528.0,0.0,351.0,0.0,267.4928774928775,0
PRV52017,23.0,235000.0,10217.391304347826,22.0,257.0,69770.0,271.47859922178986,240.0,17.419847328244273,22,73.29770992366412,0.003816793893129771,262,499.0,20.0,280.0,0.08214285714285714,1088.4642857142858,0
PRV52019,516.0,5580870.0,10815.639534883721,458.0,1445.0,415180.0,287.3217993079585,1288.0,17.391003460207614,22,73.36332179930795,0.00922722029988466,1734,2027.0,180.0,1961.0,0.2631310555838858,3057.6491585925546,1
PRV52020,92.0,1027300.0,11166.304347826086,89.0,514.0,137520.0,267.5486381322957,490.0,17.48353552859619,22,74.14558058925476,0.01559792027729636,577,952.0,48.0,606.0,0.15181518151815182,1922.145214521452,1
PRV52021,181.0,1811500.0,10008.28729281768,153.0,432.0,140350.0,324.88425925925924,419.0,17.34561403508772,22,74.25614035087719,0.0035087719298245615,570,989.0,70.0,613.0,0.29526916802610115,3184.094616639478,1
PRV52022,0.0,0.0,0.0,0.0,66.0,17770.0,269.24242424242425,66.0,17.348484848484848,22,73.3030303030303,0.0,66,153.0,0.0,66.0,0.0,269.24242424242425,0
PRV52024,0.0,0.0,0.0,0.0,2.0,2100.0,1050.0,2.0,15.5,17,79.5,0.0,2,6.0,0.0,2.0,0.0,1050.0,0
PRV52025,0.0,0.0,0.0,0.0,119.0,35190.0,295.7142857142857,117.0,17.384615384615383,22,71.1880341880342,0.017094017094017096,117,218.0,0.0,119.0,0.0,295.7142857142857,0
PRV52026,0.0,0.0,0.0,0.0,24.0,6960.0,290.0,23.0,17.304347826086957,21,69.56521739130434,0.0,23,63.0,0.0,24.0,0.0,290.0,0
PRV52027,46.0,375000.0,8152.173913043478,46.0,135.0,27620.0,204.59259259259258,133.0,17.51396648044693,22,72.49720670391062,0.0,179,429.0,31.0,181.0,0.2541436464088398,2224.4198895027625,0
PRV52028,4.0,66000.0,16500.0,4.0,14.0,3530.0,252.14285714285714,14.0,17.555555555555557,20,71.33333333333333,0.0,18,45.0,1.0,18.0,0.2222222222222222,3862.777777777778,0
PRV52029,11.0,125000.0,11363.636363636364,11.0,157.0,41610.0,265.03184713375794,148.0,17.41509433962264,22,74.14465408805032,0.012578616352201259,159,319.0,9.0,168.0,0.06547619047619048,991.7261904761905,0
PRV52030,4.0,54000.0,13500.0,4.0,2271.0,627360.0,276.24834874504626,1175.0,17.80916030534351,22,74.33248515691264,0.009329940627650551,1179,1960.0,3.0,2275.0,0.0017582417582417582,299.4989010989011,1
PRV52031,1.0,11000.0,11000.0,1.0,124.0,26770.0,215.88709677419354,111.0,17.714285714285715,22,73.05357142857143,0.0,112,252.0,1.0,125.0,0.008,302.16,0
PRV52032,56.0,535500.0,9562.5,55.0,571.0,163140.0,285.7092819614711,513.0,17.463028169014084,22,74.53697183098592,0.00528169014084507,568,915.0,29.0,627.0,0.08931419457735247,1114.2583732057417,1
PRV52037,0.0,0.0,0.0,0.0,171.0,52660.0,307.953216374269,159.0,17.628930817610062,22,72.52830188679245,0.006289308176100629,159,303.0,0.0,171.0,0.0,307.953216374269,0
PRV52038,22.0,173000.0,7863.636363636364,21.0,237.0,67630.0,285.3586497890295,198.0,17.64516129032258,22,72.88018433179724,0.018433179723502304,217,469.0,19.0,259.0,0.08494208494208494,929.073359073359,0
PRV52039,0.0,0.0,0.0,0.0,50.0,10170.0,203.4,46.0,17.58695652173913,21,72.1086956521739,0.0,46,106.0,0.0,50.0,0.0,203.4,0
PRV52041,0.0,0.0,0.0,0.0,1885.0,604980.0,320.9442970822281,918.0,17.93681917211329,22,74.020697167756,0.0054466230936819175,918,1767.0,0.0,1885.0,0.0,320.9442970822281,1
PRV52042,1.0,9000.0,9000.0,1.0,51.0,18720.0,367.05882352941177,49.0,17.64,22,75.48,0.0,50,116.0,0.0,52.0,0.019230769230769232,533.0769230769231,0
PRV52044,43.0,401000.0,9325.581395348838,39.0,36.0,7830.0,217.5,36.0,17.093333333333334,22,75.94666666666667,0.013333333333333334,75,262.0,22.0,79.0,0.5443037974683544,5175.06329113924,0
PRV52045,46.0,522700.0,11363.04347826087,44.0,197.0,54330.0,275.78680203045684,187.0,17.424242424242426,22,74.16883116883118,0.012987012987012988,231,503.0,24.0,243.0,0.18930041152263374,2374.6090534979426,1
PRV52046,0.0,0.0,0.0,0.0,101.0,28190.0,279.1089108910891,98.0,17.112244897959183,22,76.45918367346938,0.01020408163265306,98,167.0,0.0,101.0,0.0,279.1089108910891,0
PRV52047,15.0,144000.0,9600.0,12.0,9.0,4550.0,505.55555555555554,9.0,16.38095238095238,21,67.19047619047619,0.0,21,107.0,10.0,24.0,0.625,6189.583333333333,0
PRV52048,0.0,0.0,0.0,0.0,108.0,38820.0,359.44444444444446,98.0,17.255102040816325,22,74.94897959183673,0.0,98,210.0,0.0,108.0,0.0,359.44444444444446,0
PRV52049,0.0,0.0,0.0,0.0,192.0,55850.0,290.8854166666667,189.0,17.50793650793651,22,73.83597883597884,0.0,189,308.0,0.0,192.0,0.0,290.8854166666667,0
PRV52051,0.0,0.0,0.0,0.0,89.0,35290.0,396.5168539325843,88.0,17.852272727272727,22,71.82954545454545,0.0,88,186.0,0.0,89.0,0.0,396.5168539325843,0
PRV52052,5.0,36000.0,7200.0,5.0,53.0,12580.0,237.35849056603774,51.0,17.732142857142858,22,72.78571428571429,0.017857142857142856,56,138.0,2.0,58.0,0.08620689655172414,837.5862068965517,0
PRV52054,0.0,0.0,0.0,0.0,240.0,78490.0,327.0416666666667,232.0,17.79741379310345,22,74.77586206896552,0.008620689655172414,232,428.0,0.0,240.0,0.0,327.0416666666667,0
PRV52055,0.0,0.0,0.0,0.0,203.0,51010.0,251.2807881773399,148.0,17.91216216216216,22,73.67567567567568,0.013513513513513514,148,339.0,0.0,203.0,0.0,251.2807881773399,0
PRV52056,0.0,0.0,0.0,0.0,60.0,17280.0,288.0,52.0,17.653846153846153,21,74.13461538461539,0.0,52,115.0,0.0,60.0,0.0,288.0,0
PRV52057,10.0,148000.0,14800.0,9.0,175.0,25770.0,147.25714285714287,155.0,17.847560975609756,22,72.08536585365853,0.012195121951219513,164,348.0,8.0,185.0,0.05405405405405406,939.2972972972973,0
PRV52058,0.0,0.0,0.0,0.0,204.0,55450.0,271.8137254901961,199.0,17.507537688442213,22,73.7035175879397,0.0,199,334.0,0.0,204.0,0.0,271.8137254901961,0
PRV52059,13.0,156000.0,12000.0,13.0,1274.0,384810.0,302.0486656200942,420.0,17.976744186046513,22,74.43953488372092,0.004651162790697674,430,1364.0,7.0,1287.0,0.010101010101010102,420.2097902097902,1
PRV52061,0.0,0.0,0.0,0.0,131.0,31790.0,242.67175572519085,121.0,17.619834710743802,22,73.29752066115702,0.008264462809917356,121,259.0,0.0,131.0,0.0,242.67175572519085,0
PRV52062,0.0,0.0,0.0,0.0,184.0,56860.0,309.0217391304348,181.0,17.29281767955801,22,74.43646408839778,0.0,181,319.0,0.0,184.0,0.0,309.0217391304348,0
PRV52063,88.0,919000.0,10443.181818181818,73.0,704.0,197210.0,280.12784090909093,655.0,17.548076923076923,22,73.73626373626374,0.006868131868131868,728,1097.0,44.0,792.0,0.1111111111111111,1409.3560606060605,0
PRV52064,38.0,350000.0,9210.526315789473,38.0,2806.0,769680.0,274.29793300071276,1499.0,17.675130208333332,22,73.59309895833333,0.009765625,1536,2275.0,21.0,2844.0,0.013361462728551337,393.69901547116734,1
PRV52065,116.0,1194000.0,10293.103448275862,113.0,209.0,56280.0,269.2822966507177,204.0,17.104430379746834,22,74.10126582278481,0.006329113924050633,316,667.0,55.0,325.0,0.3569230769230769,3847.0153846153844,1
PRV52066,0.0,0.0,0.0,0.0,1455.0,386530.0,265.65635738831617,630.0,17.614285714285714,22,74.12539682539682,0.0031746031746031746,630,1510.0,1.0,1455.0,0.0,265.65635738831617,1
PRV52068,0.0,0.0,0.0,0.0,48.0,13080.0,272.5,48.0,18.395833333333332,22,76.10416666666667,0.0,48,112.0,2.0,48.0,0.0,272.5,0
PRV52069,0.0,0.0,0.0,0.0,88.0,22280.0,253.1818181818182,84.0,16.916666666666668,22,75.6547619047619,0.0,84,173.0,0.0,88.0,0.0,253.1818181818182,0
PRV52071,0.0,0.0,0.0,0.0,749.0,259850.0,346.92923898531376,328.0,17.79268292682927,22,74.03048780487805,0.012195121951219513,328,976.0,0.0,749.0,0.0,346.92923898531376,0
PRV52072,41.0,398000.0,9707.317073170732,38.0,91.0,23030.0,253.07692307692307,88.0,17.491935483870968,22,74.66935483870968,0.0,124,374.0,27.0,132.0,0.3106060606060606,3189.621212121212,0
PRV52073,28.0,345000.0,12321.42857142857,28.0,36.0,14250.0,395.8333333333333,35.0,17.03174603174603,21,74.66666666666667,0.0,63,213.0,21.0,64.0,0.4375,5613.28125,0
PRV52074,11.0,136000.0,12363.636363636364,11.0,130.0,25600.0,196.92307692307693,123.0,17.880597014925375,22,73.23134328358209,0.014925373134328358,134,291.0,9.0,141.0,0.07801418439716312,1146.099290780142,0
PRV52075,0.0,0.0,0.0,0.0,5.0,1220.0,244.0,5.0,18.8,20,62.6,0.4,5,17.0,0.0,5.0,0.0,244.0,0
PRV52076,56.0,512000.0,9142.857142857143,55.0,165.0,42060.0,254.9090909090909,144.0,17.281407035175878,22,74.34673366834171,0.005025125628140704,199,482.0,40.0,221.0,0.25339366515837103,2507.0588235294117,0
PRV52077,104.0,1080000.0,10384.615384615385,91.0,1052.0,284150.0,270.1045627376426,662.0,17.784172661870503,22,74.68489208633093,0.014388489208633094,695,1422.0,60.0,1156.0,0.08996539792387544,1180.060553633218,1
PRV52079,7.0,38500.0,5500.0,7.0,26.0,6600.0,253.84615384615384,24.0,17.193548387096776,22,72.51612903225806,0.0,31,114.0,6.0,33.0,0.21212121212121213,1366.6666666666667,0
PRV52081,3.0,18000.0,6000.0,3.0,21.0,10270.0,489.04761904761904,21.0,17.708333333333332,22,76.625,0.0,24,77.0,2.0,24.0,0.125,1177.9166666666667,0
PRV52082,0.0,0.0,0.0,0.0,8.0,880.0,110.0,8.0,16.875,21,80.75,0.0,8,12.0,0.0,8.0,0.0,110.0,0
PRV52084,10.0,102000.0,10200.0,10.0,24.0,5750.0,239.58333333333334,22.0,17.125,21,73.125,0.03125,32,119.0,9.0,34.0,0.29411764705882354,3169.1176470588234,0
PRV52085,0.0,0.0,0.0,0.0,824.0,240620.0,292.0145631067961,747.0,17.70281124497992,22,73.73092369477912,0.004016064257028112,747,1014.0,0.0,824.0,0.0,292.0145631067961,0
PRV52087,2.0,3000.0,1500.0,2.0,54.0,17350.0,321.2962962962963,42.0,17.477272727272727,22,75.18181818181819,0.0,44,117.0,0.0,56.0,0.03571428571428571,363.39285714285717,0
PRV52088,1.0,18000.0,18000.0,1.0,43.0,6990.0,162.5581395348837,43.0,17.59090909090909,21,76.0,0.0,44,77.0,1.0,44.0,0.022727272727272728,567.9545454545455,0
PRV52089,15.0,175000.0,11666.666666666666,14.0,130.0,46580.0,358.3076923076923,91.0,17.57843137254902,22,76.53921568627452,0.029411764705882353,102,319.0,9.0,145.0,0.10344827586206896,1528.1379310344828,1
PRV52090,0.0,0.0,0.0,0.0,303.0,98250.0,324.25742574257424,279.0,17.508960573476703,22,74.63799283154121,0.007168458781362007,279,477.0,0.0,303.0,0.0,324.25742574257424,0
PRV52092,12.0,104000.0,8666.666666666666,12.0,147.0,37470.0,254.89795918367346,132.0,17.34722222222222,22,73.8125,0.0,144,343.0,7.0,159.0,0.07547169811320754,889.7484276729559,0
PRV52094,8.0,150000.0,18750.0,7.0,45.0,11120.0,247.11111111111111,43.0,17.5,22,74.8,0.02,50,147.0,6.0,53.0,0.1509433962264151,3040.0,0
PRV52095,1.0,5000.0,5000.0,1.0,37.0,10560.0,285.4054054054054,36.0,17.18918918918919,21,72.75675675675676,0.0,37,80.0,1.0,38.0,0.02631578947368421,409.4736842105263,0
PRV52097,1.0,4000.0,4000.0,1.0,54.0,15640.0,289.6296296296296,50.0,17.862745098039216,22,73.74509803921569,0.0,51,131.0,0.0,55.0,0.01818181818181818,357.09090909090907,0
PRV52098,0.0,0.0,0.0,0.0,469.0,122660.0,261.5351812366738,435.0,17.657471264367818,22,73.47586206896551,0.011494252873563218,435,664.0,0.0,469.0,0.0,261.5351812366738,0
PRV52099,2.0,14000.0,7000.0,2.0,88.0,17370.0,197.38636363636363,69.0,17.464788732394368,21,71.43661971830986,0.0,71,183.0,1.0,90.0,0.022222222222222223,348.55555555555554,0
PRV52100,164.0,1523200.0,9287.80487804878,140.0,37.0,9950.0,268.9189189189189,37.0,16.870056497175142,22,73.81920903954803,0.022598870056497175,177,562.0,79.0,201.0,0.8159203980099502,7627.611940298508,1
PRV52101,1.0,10000.0,10000.0,1.0,14.0,2500.0,178.57142857142858,14.0,17.066666666666666,20,75.73333333333333,0.0,15,30.0,3.0,15.0,0.06666666666666667,833.3333333333334,0
PRV52102,0.0,0.0,0.0,0.0,15.0,1910.0,127.33333333333333,15.0,18.0,22,78.8,0.0,15,31.0,0.0,15.0,0.0,127.33333333333333,0
PRV52104,0.0,0.0,0.0,0.0,1189.0,347070.0,291.9007569386039,663.0,17.805429864253394,22,73.34539969834087,0.013574660633484163,663,1306.0,2.0,1189.0,0.0,291.9007569386039,0
PRV52105,0.0,0.0,0.0,0.0,26.0,12780.0,491.53846153846155,25.0,17.84,22,75.88,0.04,25,53.0,0.0,26.0,0.0,491.53846153846155,0
PRV52107,10.0,93000.0,9300.0,10.0,109.0,31760.0,291.3761467889908,104.0,17.45614035087719,22,72.96491228070175,0.0,114,228.0,7.0,119.0,0.08403361344537816,1048.4033613445379,0
PRV52109,0.0,0.0,0.0,0.0,248.0,75580.0,304.758064516129,222.0,17.405405405405407,22,74.76576576576576,0.018018018018018018,222,430.0,0.0,248.0,0.0,304.758064516129,0
PRV52111,9.0,65000.0,7222.222222222223,9.0,76.0,24960.0,328.42105263157896,73.0,17.20731707317073,22,74.02439024390245,0.012195121951219513,82,183.0,5.0,85.0,0.10588235294117647,1058.3529411764705,0
PRV52112,24.0,245000.0,10208.333333333334,24.0,61.0,14790.0,242.45901639344262,61.0,16.870588235294118,22,72.94117647058823,0.0,85,230.0,13.0,85.0,0.2823529411764706,3056.3529411764707,0
PRV52113,0.0,0.0,0.0,0.0,120.0,22170.0,184.75,53.0,17.849056603773583,22,73.30188679245283,0.018867924528301886,53,212.0,0.0,120.0,0.0,184.75,0
PRV52114,105.0,1110000.0,10571.42857142857,93.0,1164.0,308220.0,264.7938144329897,587.0,17.71090047393365,22,73.4913112164297,0.007898894154818325,633,1464.0,57.0,1269.0,0.08274231678486997,1117.5886524822695,1
PRV52115,20.0,230000.0,11500.0,19.0,70.0,11500.0,164.28571428571428,57.0,17.66216216216216,22,71.93243243243244,0.0,74,242.0,21.0,90.0,0.2222222222222222,2683.3333333333335,1
PRV52118,4.0,96000.0,24000.0,4.0,48.0,17660.0,367.9166666666667,45.0,17.755102040816325,22,71.48979591836735,0.0,49,126.0,6.0,52.0,0.07692307692307693,2185.769230769231,0
PRV52119,16.0,192000.0,12000.0,16.0,36.0,10380.0,288.3333333333333,35.0,17.372549019607842,22,70.29411764705883,0.0,51,181.0,14.0,52.0,0.3076923076923077,3891.923076923077,1
PRV52120,165.0,1625200.0,9849.69696969697,143.0,1066.0,325520.0,305.3658536585366,956.0,17.335154826958107,22,73.83242258652095,0.00546448087431694,1098,1489.0,80.0,1231.0,0.13403736799350122,1584.6628757108042,1
PRV52121,4.0,36000.0,9000.0,4.0,49.0,13610.0,277.7551020408163,46.0,17.84,22,72.68,0.04,50,133.0,4.0,53.0,0.07547169811320754,936.0377358490566,0
PRV52122,0.0,0.0,0.0,0.0,41.0,18740.0,457.0731707317073,41.0,17.853658536585368,22,73.58536585365853,0.0,41,90.0,0.0,41.0,0.0,457.0731707317073,0
PRV52123,162.0,1423600.0,8787.654320987655,140.0,94.0,23540.0,250.4255319148936,81.0,17.0,22,73.91780821917808,0.0,219,635.0,73.0,256.0,0.6328125,5652.890625,1
PRV52124,7.0,148000.0,21142.85714285714,7.0,108.0,41250.0,381.94444444444446,106.0,17.123893805309734,22,73.95575221238938,0.0,113,256.0,6.0,115.0,0.06086956521739131,1645.6521739130435,1
PRV52126,39.0,369000.0,9461.538461538461,37.0,71.0,19830.0,279.2957746478873,69.0,17.58490566037736,22,72.58490566037736,0.0,106,328.0,31.0,110.0,0.35454545454545455,3534.818181818182,0
PRV52127,5.0,72000.0,14400.0,5.0,10.0,1050.0,105.0,10.0,16.733333333333334,21,74.73333333333333,0.0,15,49.0,4.0,15.0,0.3333333333333333,4870.0,0
PRV52128,53.0,462050.0,8717.924528301886,52.0,60.0,30500.0,508.3333333333333,54.0,16.962264150943398,22,72.67924528301887,0.0,106,332.0,40.0,113.0,0.4690265486725664,4358.849557522124,0
PRV52129,0.0,0.0,0.0,0.0,223.0,55590.0,249.28251121076232,75.0,17.653333333333332,22,72.56,0.0,75,405.0,0.0,223.0,0.0,249.28251121076232,0
PRV52130,10.0,116000.0,11600.0,9.0,83.0,25100.0,302.4096385542169,81.0,17.511111111111113,22,71.05555555555556,0.0,90,208.0,11.0,93.0,0.10752688172043011,1517.2043010752689,0
PRV52131,31.0,329900.0,10641.935483870968,28.0,53.0,19860.0,374.7169811320755,50.0,16.826666666666668,22,72.04,0.0,75,265.0,15.0,84.0,0.36904761904761907,4163.809523809524,0
PRV52133,2.0,7000.0,3500.0,2.0,303.0,98080.0,323.6963696369637,268.0,17.507407407407406,22,73.67037037037036,0.007407407407407408,270,484.0,1.0,305.0,0.006557377049180328,344.5245901639344,0
PRV52135,210.0,1816300.0,8649.047619047618,189.0,53.0,9250.0,174.52830188679246,51.0,16.644351464435147,22,75.0,0.0041841004184100415,239,649.0,80.0,263.0,0.7984790874524715,6941.254752851711,1
PRV52136,40.0,361000.0,9025.0,40.0,64.0,19190.0,299.84375,61.0,17.11,22,71.86,0.0,100,304.0,18.0,104.0,0.38461538461538464,3655.673076923077,0
PRV52138,0.0,0.0,0.0,0.0,188.0,58880.0,313.1914893617021,179.0,17.821229050279328,22,72.0,0.0111731843575419,179,314.0,0.0,188.0,0.0,313.1914893617021,0
PRV52140,0.0,0.0,0.0,0.0,19.0,5130.0,270.0,18.0,16.0,20,73.44444444444444,0.05555555555555555,18,67.0,0.0,19.0,0.0,270.0,0
PRV52141,3.0,17000.0,5666.666666666667,3.0,668.0,203290.0,304.3263473053892,339.0,17.744868035190617,22,73.50439882697947,0.005865102639296188,341,884.0,1.0,671.0,0.004470938897168405,328.301043219076,0
PRV52142,28.0,242900.0,8675.0,28.0,31.0,5620.0,181.29032258064515,31.0,17.152542372881356,21,76.86440677966101,0.0,59,191.0,17.0,59.0,0.4745762711864407,4212.203389830508,0
PRV52143,0.0,0.0,0.0,0.0,17.0,8290.0,487.6470588235294,17.0,18.529411764705884,22,80.94117647058823,0.0,17,45.0,0.0,17.0,0.0,487.6470588235294,0
PRV52144,12.0,89000.0,7416.666666666667,12.0,122.0,34130.0,279.75409836065575,121.0,18.0,22,72.30075187969925,0.007518796992481203,133,254.0,10.0,134.0,0.08955223880597014,918.8805970149253,0
PRV52145,0.0,0.0,0.0,0.0,245.0,60910.0,248.6122448979592,236.0,17.64830508474576,22,74.11016949152543,0.00423728813559322,236,408.0,0.0,245.0,0.0,248.6122448979592,0
PRV52146,24.0,237000.0,9875.0,23.0,16.0,3710.0,231.875,16.0,16.692307692307693,22,77.02564102564102,0.0,39,177.0,14.0,40.0,0.6,6017.75,0
PRV52147,18.0,236000.0,13111.111111111111,18.0,193.0,55500.0,287.56476683937825,193.0,17.213270142180093,22,73.76777251184834,0.023696682464454975,211,405.0,15.0,211.0,0.08530805687203792,1381.516587677725,1
PRV52148,42.0,341000.0,8119.047619047619,41.0,36.0,4150.0,115.27777777777777,35.0,16.960526315789473,22,75.92105263157895,0.013157894736842105,76,264.0,28.0,78.0,0.5384615384615384,4425.0,0
PRV52149,16.0,154000.0,9625.0,16.0,164.0,37550.0,228.96341463414635,158.0,17.103448275862068,22,73.49425287356321,0.0,174,374.0,12.0,180.0,0.08888888888888889,1064.1666666666667,0
PRV52150,31.0,368000.0,11870.967741935483,31.0,279.0,77240.0,276.8458781362007,257.0,17.756944444444443,22,74.09722222222223,0.006944444444444444,288,579.0,21.0,310.0,0.1,1436.258064516129,0
PRV52151,47.0,455800.0,9697.872340425532,45.0,74.0,18310.0,247.43243243243242,70.0,17.157894736842106,22,75.32456140350877,0.0,114,323.0,33.0,121.0,0.3884297520661157,3918.2644628099174,1
PRV52152,47.0,447980.0,9531.489361702128,45.0,41.0,6380.0,155.609756097561,39.0,16.904761904761905,22,76.76190476190476,0.0,84,273.0,29.0,88.0,0.5340909090909091,5163.181818181818,0
PRV52154,0.0,0.0,0.0,0.0,742.0,194350.0,261.92722371967653,705.0,17.77872340425532,22,73.8581560283688,0.015602836879432624,705,942.0,0.0,742.0,0.0,261.92722371967653,0
PRV52155,12.0,84000.0,7000.0,12.0,50.0,14490.0,289.8,44.0,17.696428571428573,22,76.51785714285714,0.0,56,177.0,7.0,62.0,0.1935483870967742,1588.5483870967741,0
PRV52156,13.0,238000.0,18307.69230769231,13.0,111.0,33910.0,305.4954954954955,110.0,17.447154471544714,22,73.60162601626017,0.016260162601626018,123,258.0,15.0,124.0,0.10483870967741936,2192.8225806451615,0
PRV52157,43.0,444000.0,10325.581395348838,40.0,184.0,50450.0,274.1847826086956,143.0,17.308988764044944,22,74.20224719101124,0.0056179775280898875,178,472.0,27.0,227.0,0.1894273127753304,2178.193832599119,0
PRV52159,24.0,225000.0,9375.0,24.0,247.0,63300.0,256.27530364372467,239.0,17.494296577946766,22,74.09125475285171,0.019011406844106463,263,473.0,9.0,271.0,0.08856088560885608,1063.8376383763837,0
PRV52160,3.0,30000.0,10000.0,3.0,50.0,11460.0,229.2,50.0,17.9811320754717,22,74.9622641509434,0.0,53,131.0,3.0,53.0,0.05660377358490566,782.2641509433962,0
PRV52161,0.0,0.0,0.0,0.0,10.0,1660.0,166.0,10.0,18.4,21,79.8,0.0,10,18.0,0.0,10.0,0.0,166.0,0
PRV52162,1.0,14000.0,14000.0,1.0,38.0,14000.0,368.42105263157896,35.0,17.72222222222222,22,74.83333333333333,0.0,36,89.0,2.0,39.0,0.02564102564102564,717.9487179487179,0
PRV52163,2.0,12000.0,6000.0,2.0,60.0,25470.0,424.5,60.0,17.580645161290324,22,73.14516129032258,0.016129032258064516,62,146.0,1.0,62.0,0.03225806451612903,604.3548387096774,0
PRV52165,10.0,91000.0,9100.0,9.0,62.0,23060.0,371.93548387096774,56.0,17.467741935483872,22,72.95161290322581,0.03225806451612903,62,164.0,5.0,72.0,0.1388888888888889,1584.1666666666667,1
PRV52166,7.0,44000.0,6285.714285714285,7.0,93.0,25300.0,272.0430107526882,78.0,17.44705882352941,22,75.24705882352941,0.011764705882352941,85,229.0,4.0,100.0,0.07,693.0,0
PRV52167,9.0,99000.0,11000.0,9.0,71.0,17390.0,244.92957746478874,65.0,17.33783783783784,22,72.5945945945946,0.0,74,158.0,6.0,80.0,0.1125,1454.875,0
PRV52168,0.0,0.0,0.0,0.0,78.0,17660.0,226.4102564102564,77.0,17.545454545454547,22,73.93506493506493,0.0,77,163.0,0.0,78.0,0.0,226.4102564102564,0
PRV52169,0.0,0.0,0.0,0.0,39.0,10000.0,256.4102564102564,38.0,17.763157894736842,22,71.92105263157895,0.0,38,83.0,0.0,39.0,0.0,256.4102564102564,0
PRV52170,3.0,53000.0,17666.666666666668,3.0,40.0,9090.0,227.25,40.0,18.209302325581394,22,71.51162790697674,0.0,43,99.0,2.0,43.0,0.06976744186046512,1443.953488372093,0
PRV52171,3.0,16000.0,5333.333333333333,3.0,9.0,1820.0,202.22222222222223,9.0,17.25,22,77.58333333333333,0.0,12,49.0,2.0,12.0,0.25,1485.0,0
PRV52173,119.0,1381400.0,11608.403361344537,108.0,0.0,0.0,0.0,0.0,16.814814814814813,22,74.00925925925925,0.0,108,431.0,67.0,119.0,1.0,11608.403361344537,1
PRV52174,0.0,0.0,0.0,0.0,4.0,830.0,207.5,4.0,18.25,21,72.25,0.0,4,7.0,0.0,4.0,0.0,207.5,0
PRV52175,0.0,0.0,0.0,0.0,221.0,58320.0,263.8914027149321,215.0,17.669767441860465,22,74.6093023255814,0.004651162790697674,215,388.0,0.0,221.0,0.0,263.8914027149321,0
PRV52176,21.0,312000.0,14857.142857142857,21.0,0.0,0.0,0.0,0.0,17.19047619047619,22,77.61904761904762,0.0,21,122.0,21.0,21.0,1.0,14857.142857142857,0
PRV52177,5.0,27000.0,5400.0,5.0,34.0,6850.0,201.47058823529412,34.0,17.23076923076923,21,76.7948717948718,0.0,39,116.0,7.0,39.0,0.1282051282051282,867.9487179487179,0
PRV52178,133.0,1379400.0,10371.42857142857,118.0,3.0,190.0,63.333333333333336,3.0,16.371900826446282,22,74.41322314049587,0.0,121,494.0,73.0,136.0,0.9779411764705882,10144.04411764706,1
PRV52179,2.0,24000.0,12000.0,2.0,42.0,15910.0,378.8095238095238,18.0,16.36842105263158,20,69.89473684210526,0.05263157894736842,19,120.0,1.0,44.0,0.045454545454545456,907.0454545454545,0
PRV52180,5.0,64400.0,12880.0,5.0,57.0,14320.0,251.2280701754386,54.0,17.24137931034483,22,74.63793103448276,0.017241379310344827,58,137.0,5.0,62.0,0.08064516129032258,1269.6774193548388,0
PRV52181,10.0,105000.0,10500.0,10.0,17.0,3640.0,214.11764705882354,16.0,16.88,22,71.96,0.0,25,111.0,10.0,27.0,0.37037037037037035,4023.703703703704,1
PRV52182,5.0,29000.0,5800.0,5.0,104.0,34620.0,332.88461538461536,51.0,18.01851851851852,22,75.18518518518519,0.037037037037037035,54,241.0,3.0,109.0,0.045871559633027525,583.6697247706422,0
PRV52184,0.0,0.0,0.0,0.0,21.0,2960.0,140.95238095238096,20.0,18.25,22,71.95,0.0,20,57.0,0.0,21.0,0.0,140.95238095238096,0
PRV52185,0.0,0.0,0.0,0.0,68.0,15510.0,228.08823529411765,54.0,17.72222222222222,22,71.72222222222223,0.0,54,143.0,0.0,68.0,0.0,228.08823529411765,0
PRV52186,0.0,0.0,0.0,0.0,41.0,7160.0,174.6341463414634,38.0,18.05263157894737,22,75.10526315789474,0.02631578947368421,38,85.0,0.0,41.0,0.0,174.6341463414634,0
PRV52187,0.0,0.0,0.0,0.0,27.0,7440.0,275.55555555555554,25.0,17.24,21,75.64,0.04,25,67.0,0.0,27.0,0.0,275.55555555555554,0
PRV52188,14.0,165000.0,11785.714285714286,13.0,19.0,6080.0,320.0,19.0,17.34375,21,73.75,0.0,32,128.0,9.0,33.0,0.42424242424242425,5184.242424242424,0
PRV52189,0.0,0.0,0.0,0.0,23.0,5890.0,256.0869565217391,20.0,17.95,22,77.95,0.0,20,66.0,0.0,23.0,0.0,256.0869565217391,0
PRV52191,0.0,0.0,0.0,0.0,28.0,8640.0,308.57142857142856,25.0,17.56,21,76.2,0.0,25,61.0,0.0,28.0,0.0,308.57142857142856,0
PRV52192,6.0,49000.0,8166.666666666667,4.0,26.0,3060.0,117.6923076923077,25.0,17.448275862068964,22,76.3103448275862,0.0,29,100.0,3.0,32.0,0.1875,1626.875,0
PRV52193,0.0,0.0,0.0,0.0,153.0,28620.0,187.05882352941177,125.0,17.464,22,74.336,0.016,125,296.0,0.0,153.0,0.0,187.05882352941177,0
PRV52195,10.0,120000.0,12000.0,10.0,0.0,0.0,0.0,0.0,16.7,19,72.3,0.0,10,70.0,6.0,10.0,1.0,12000.0,1
PRV52196,0.0,0.0,0.0,0.0,6.0,2710.0,451.6666666666667,6.0,16.666666666666668,18,74.83333333333333,0.0,6,16.0,0.0,6.0,0.0,451.6666666666667,0
PRV52197,10.0,114000.0,11400.0,10.0,0.0,0.0,0.0,0.0,16.6,21,78.1,0.0,10,73.0,13.0,10.0,1.0,11400.0,0
PRV52199,0.0,0.0,0.0,0.0,10.0,1080.0,108.0,10.0,17.5,21,69.7,0.0,10,24.0,0.0,10.0,0.0,108.0,0
PRV52200,0.0,0.0,0.0,0.0,1.0,40.0,40.0,1.0,14.0,14,85.0,0.0,1,2.0,0.0,1.0,0.0,40.0,0
PRV52201,0.0,0.0,0.0,0.0,9.0,450.0,50.0,9.0,17.11111111111111,22,71.88888888888889,0.0,9,48.0,0.0,9.0,0.0,50.0,0
PRV52202,0.0,0.0,0.0,0.0,50.0,8200.0,164.0,49.0,17.489795918367346,22,75.6734693877551,0.0,49,93.0,0.0,50.0,0.0,164.0,0
PRV52204,0.0,0.0,0.0,0.0,9.0,2590.0,287.77777777777777,8.0,17.5,21,80.0,0.0,8,21.0,0.0,9.0,0.0,287.77777777777777,0
PRV52205,0.0,0.0,0.0,0.0,2.0,1120.0,560.0,2.0,15.5,16,57.5,0.0,2,9.0,0.0,2.0,0.0,560.0,0
PRV52206,0.0,0.0,0.0,0.0,5.0,1810.0,362.0,5.0,18.8,22,69.2,0.0,5,8.0,0.0,5.0,0.0,362.0,0
PRV52208,0.0,0.0,0.0,0.0,13.0,4560.0,350.7692307692308,12.0,17.083333333333332,20,77.91666666666667,0.0,12,33.0,0.0,13.0,0.0,350.7692307692308,0
PRV52209,0.0,0.0,0.0,0.0,8.0,4960.0,620.0,8.0,16.75,22,80.125,0.0,8,17.0,0.0,8.0,0.0,620.0,0
PRV52211,0.0,0.0,0.0,0.0,130.0,26860.0,206.6153846153846,124.0,17.68548387096774,22,75.20967741935483,0.008064516129032258,124,217.0,0.0,130.0,0.0,206.6153846153846,0
PRV52212,0.0,0.0,0.0,0.0,64.0,13220.0,206.5625,62.0,17.919354838709676,22,75.25806451612904,0.0,62,137.0,0.0,64.0,0.0,206.5625,0
PRV52213,0.0,0.0,0.0,0.0,7.0,590.0,84.28571428571429,7.0,18.428571428571427,21,83.0,0.0,7,17.0,0.0,7.0,0.0,84.28571428571429,0
PRV52214,0.0,0.0,0.0,0.0,47.0,12680.0,269.78723404255317,43.0,17.767441860465116,22,76.23255813953489,0.0,43,80.0,0.0,47.0,0.0,269.78723404255317,0
PRV52216,0.0,0.0,0.0,0.0,15.0,4940.0,329.3333333333333,14.0,17.428571428571427,21,74.35714285714286,0.0,14,47.0,0.0,15.0,0.0,329.3333333333333,0
PRV52217,0.0,0.0,0.0,0.0,5.0,520.0,104.0,4.0,17.75,20,75.0,0.0,4,14.0,0.0,5.0,0.0,104.0,0
PRV52218,0.0,0.0,0.0,0.0,8.0,1660.0,207.5,8.0,18.375,21,71.0,0.0,8,22.0,0.0,8.0,0.0,207.5,0
PRV52219,0.0,0.0,0.0,0.0,4.0,2780.0,695.0,4.0,17.25,20,70.0,0.0,4,14.0,0.0,4.0,0.0,695.0,0
PRV52220,0.0,0.0,0.0,0.0,12.0,2200.0,183.33333333333334,12.0,15.75,18,67.41666666666667,0.0,12,30.0,0.0,12.0,0.0,183.33333333333334,0
PRV52221,0.0,0.0,0.0,0.0,1.0,10.0,10.0,1.0,19.0,19,51.0,0.0,1,1.0,0.0,1.0,0.0,10.0,0
PRV52222,0.0,0.0,0.0,0.0,54.0,16920.0,313.3333333333333,52.0,17.884615384615383,22,75.34615384615384,0.0,52,105.0,0.0,54.0,0.0,313.3333333333333,0
PRV52224,0.0,0.0,0.0,0.0,41.0,10100.0,246.34146341463415,35.0,17.65714285714286,21,70.28571428571429,0.05714285714285714,35,91.0,0.0,41.0,0.0,246.34146341463415,0
PRV52225,0.0,0.0,0.0,0.0,6.0,840.0,140.0,6.0,17.833333333333332,21,75.0,0.0,6,14.0,0.0,6.0,0.0,140.0,0
PRV52226,0.0,0.0,0.0,0.0,2.0,100.0,50.0,2.0,19.0,20,68.5,0.0,2,2.0,0.0,2.0,0.0,50.0,0
PRV52227,0.0,0.0,0.0,0.0,7.0,5560.0,794.2857142857143,6.0,18.0,21,80.83333333333333,0.0,6,25.0,0.0,7.0,0.0,794.2857142857143,0
PRV52228,0.0,0.0,0.0,0.0,8.0,2400.0,300.0,8.0,17.5,22,83.25,0.0,8,20.0,0.0,8.0,0.0,300.0,0
PRV52229,0.0,0.0,0.0,0.0,11.0,370.0,33.63636363636363,11.0,17.545454545454547,20,78.0909090909091,0.0,11,19.0,0.0,11.0,0.0,33.63636363636363,0
PRV52230,0.0,0.0,0.0,0.0,43.0,15100.0,351.16279069767444,15.0,17.466666666666665,20,75.26666666666667,0.0,15,99.0,0.0,43.0,0.0,351.16279069767444,0
PRV52231,0.0,0.0,0.0,0.0,6.0,3980.0,663.3333333333334,6.0,15.666666666666666,18,78.0,0.0,6,21.0,0.0,6.0,0.0,663.3333333333334,0
PRV52232,0.0,0.0,0.0,0.0,4.0,640.0,160.0,4.0,19.75,21,76.5,0.0,4,6.0,0.0,4.0,0.0,160.0,0
PRV52233,0.0,0.0,0.0,0.0,216.0,63540.0,294.1666666666667,156.0,17.852564102564102,22,72.92307692307692,0.01282051282051282,156,368.0,0.0,216.0,0.0,294.1666666666667,0
PRV52235,0.0,0.0,0.0,0.0,2.0,970.0,485.0,2.0,17.5,18,67.0,0.0,2,2.0,0.0,2.0,0.0,485.0,0
PRV52236,0.0,0.0,0.0,0.0,14.0,5780.0,412.85714285714283,13.0,17.46153846153846,20,74.84615384615384,0.0,13,47.0,0.0,14.0,0.0,412.85714285714283,0
PRV52237,0.0,0.0,0.0,0.0,38.0,7400.0,194.73684210526315,38.0,18.05263157894737,22,74.84210526315789,0.0,38,88.0,0.0,38.0,0.0,194.73684210526315,0
PRV52238,0.0,0.0,0.0,0.0,11.0,1530.0,139.0909090909091,10.0,18.5,22,70.1,0.0,10,35.0,0.0,11.0,0.0,139.0909090909091,0
PRV52240,0.0,0.0,0.0,0.0,62.0,25220.0,406.7741935483871,61.0,17.459016393442624,22,75.34426229508196,0.0,61,116.0,0.0,62.0,0.0,406.7741935483871,0
PRV52241,0.0,0.0,0.0,0.0,23.0,5690.0,247.3913043478261,22.0,17.363636363636363,22,73.95454545454545,0.0,22,41.0,0.0,23.0,0.0,247.3913043478261,0
PRV52242,0.0,0.0,0.0,0.0,31.0,13600.0,438.7096774193548,30.0,18.3,22,75.5,0.0,30,61.0,0.0,31.0,0.0,438.7096774193548,0
PRV52246,0.0,0.0,0.0,0.0,67.0,26510.0,395.67164179104475,47.0,17.48936170212766,22,70.14893617021276,0.0,47,145.0,0.0,67.0,0.0,395.67164179104475,0
PRV52247,0.0,0.0,0.0,0.0,49.0,10890.0,222.24489795918367,48.0,17.604166666666668,22,73.0,0.0,48,133.0,0.0,49.0,0.0,222.24489795918367,0
PRV52248,0.0,0.0,0.0,0.0,24.0,12750.0,531.25,21.0,17.476190476190474,20,74.9047619047619,0.047619047619047616,21,53.0,0.0,24.0,0.0,531.25,0
PRV52249,0.0,0.0,0.0,0.0,47.0,25480.0,542.1276595744681,41.0,17.29268292682927,22,77.90243902439025,0.0,41,121.0,0.0,47.0,0.0,542.1276595744681,0
PRV52251,0.0,0.0,0.0,0.0,4.0,270.0,67.5,4.0,16.75,18,59.75,0.0,4,7.0,0.0,4.0,0.0,67.5,0
PRV52252,0.0,0.0,0.0,0.0,26.0,2130.0,81.92307692307692,26.0,17.192307692307693,22,76.6923076923077,0.038461538461538464,26,51.0,0.0,26.0,0.0,81.92307692307692,0
PRV52253,0.0,0.0,0.0,0.0,1.0,80.0,80.0,1.0,18.0,18,77.0,0.0,1,3.0,0.0,1.0,0.0,80.0,0
PRV52254,0.0,0.0,0.0,0.0,31.0,3960.0,127.74193548387096,30.0,17.933333333333334,22,73.93333333333334,0.0,30,75.0,0.0,31.0,0.0,127.74193548387096,0
PRV52255,0.0,0.0,0.0,0.0,10.0,720.0,72.0,7.0,17.142857142857142,19,74.14285714285714,0.0,7,24.0,0.0,10.0,0.0,72.0,0
PRV52256,0.0,0.0,0.0,0.0,1.0,50.0,50.0,1.0,17.0,17,72.0,0.0,1,3.0,0.0,1.0,0.0,50.0,0
PRV52257,0.0,0.0,0.0,0.0,15.0,4440.0,296.0,14.0,17.714285714285715,21,71.42857142857143,0.0,14,32.0,0.0,15.0,0.0,296.0,0
PRV52260,0.0,0.0,0.0,0.0,63.0,12880.0,204.44444444444446,62.0,18.274193548387096,22,75.93548387096774,0.016129032258064516,62,155.0,0.0,63.0,0.0,204.44444444444446,0
PRV52261,0.0,0.0,0.0,0.0,1.0,200.0,200.0,1.0,20.0,20,73.0,0.0,1,1.0,0.0,1.0,0.0,200.0,0
PRV52262,0.0,0.0,0.0,0.0,112.0,27840.0,248.57142857142858,92.0,17.684782608695652,22,74.8913043478261,0.010869565217391304,92,218.0,0.0,112.0,0.0,248.57142857142858,0
PRV52263,0.0,0.0,0.0,0.0,3.0,630.0,210.0,3.0,16.333333333333332,18,73.66666666666667,0.0,3,19.0,0.0,3.0,0.0,210.0,0
PRV52264,0.0,0.0,0.0,0.0,25.0,4420.0,176.8,21.0,17.714285714285715,21,77.85714285714286,0.047619047619047616,21,52.0,0.0,25.0,0.0,176.8,0
PRV52265,30.0,260000.0,8666.666666666666,27.0,0.0,0.0,0.0,0.0,15.74074074074074,20,73.44444444444444,0.0,27,170.0,18.0,30.0,1.0,8666.666666666666,0
PRV52266,37.0,460400.0,12443.243243243243,30.0,0.0,0.0,0.0,0.0,15.833333333333334,19,70.6,0.0,30,197.0,22.0,37.0,1.0,12443.243243243243,0
PRV52267,10.0,78900.0,7890.0,10.0,0.0,0.0,0.0,0.0,16.6,22,79.4,0.0,10,65.0,10.0,10.0,1.0,7890.0,0
PRV52271,0.0,0.0,0.0,0.0,19.0,3760.0,197.89473684210526,19.0,17.42105263157895,22,73.0,0.0,19,41.0,0.0,19.0,0.0,197.89473684210526,0
PRV52272,0.0,0.0,0.0,0.0,8.0,4210.0,526.25,8.0,16.875,22,80.0,0.0,8,22.0,0.0,8.0,0.0,526.25,0
PRV52273,0.0,0.0,0.0,0.0,11.0,4380.0,398.1818181818182,11.0,16.09090909090909,19,69.0,0.0,11,15.0,0.0,11.0,0.0,398.1818181818182,0
PRV52274,0.0,0.0,0.0,0.0,38.0,7800.0,205.26315789473685,17.0,17.58823529411765,21,77.76470588235294,0.0,17,92.0,0.0,38.0,0.0,205.26315789473685,0
PRV52275,0.0,0.0,0.0,0.0,101.0,27220.0,269.5049504950495,57.0,17.43859649122807,22,73.6842105263158,0.017543859649122806,57,209.0,0.0,101.0,0.0,269.5049504950495,0
PRV52276,0.0,0.0,0.0,0.0,68.0,17750.0,261.02941176470586,62.0,17.758064516129032,22,74.58064516129032,0.0,62,157.0,0.0,68.0,0.0,261.02941176470586,0
PRV52278,16.0,235000.0,14687.5,16.0,0.0,0.0,0.0,0.0,16.1875,20,79.0625,0.0,16,97.0,9.0,16.0,1.0,14687.5,0
PRV52279,82.0,783000.0,9548.780487804877,76.0,1.0,300.0,300.0,1.0,15.974025974025974,21,71.75324675324676,0.012987012987012988,77,315.0,35.0,83.0,0.9879518072289156,9437.349397590362,0
PRV52280,41.0,395000.0,9634.146341463415,38.0,0.0,0.0,0.0,0.0,16.68421052631579,21,75.0,0.0,38,214.0,28.0,41.0,1.0,9634.146341463415,1
PRV52281,41.0,408000.0,9951.219512195123,41.0,0.0,0.0,0.0,0.0,16.317073170731707,20,75.51219512195122,0.0,41,184.0,29.0,41.0,1.0,9951.219512195123,0
PRV52282,6.0,77000.0,12833.333333333334,6.0,0.0,0.0,0.0,0.0,16.333333333333332,20,74.0,0.0,6,44.0,7.0,6.0,1.0,12833.333333333334,0
PRV52283,66.0,594700.0,9010.60606060606,54.0,0.0,0.0,0.0,0.0,16.0,21,74.70370370370371,0.037037037037037035,54,290.0,39.0,66.0,1.0,9010.60606060606,1
PRV52284,0.0,0.0,0.0,0.0,39.0,5320.0,136.4102564102564,32.0,17.625,22,72.84375,0.0,32,94.0,0.0,39.0,0.0,136.4102564102564,0
PRV52285,19.0,144000.0,7578.9473684210525,19.0,0.0,0.0,0.0,0.0,16.736842105263158,21,79.84210526315789,0.0,19,117.0,9.0,19.0,1.0,7578.9473684210525,0
PRV52286,5.0,90000.0,18000.0,5.0,0.0,0.0,0.0,0.0,16.8,19,72.8,0.0,5,37.0,5.0,5.0,1.0,18000.0,0
PRV52288,0.0,0.0,0.0,0.0,13.0,2810.0,216.15384615384616,12.0,17.166666666666668,20,77.0,0.0,12,32.0,0.0,13.0,0.0,216.15384615384616,0
PRV52289,4.0,18000.0,4500.0,4.0,0.0,0.0,0.0,0.0,17.0,19,76.5,0.0,4,26.0,1.0,4.0,1.0,4500.0,0
PRV52290,10.0,68000.0,6800.0,10.0,0.0,0.0,0.0,0.0,16.1,18,79.2,0.0,10,73.0,5.0,10.0,1.0,6800.0,0
PRV52291,17.0,128000.0,7529.411764705882,16.0,1.0,0.0,0.0,1.0,16.764705882352942,20,71.76470588235294,0.058823529411764705,17,115.0,12.0,18.0,0.9444444444444444,7111.111111111111,0
PRV52292,25.0,303000.0,12120.0,25.0,0.0,0.0,0.0,0.0,16.4,21,75.36,0.0,25,140.0,18.0,25.0,1.0,12120.0,1
PRV52293,0.0,0.0,0.0,0.0,7.0,4170.0,595.7142857142857,7.0,18.142857142857142,21,81.42857142857143,0.0,7,20.0,0.0,7.0,0.0,595.7142857142857,0
PRV52294,7.0,54000.0,7714.285714285715,7.0,0.0,0.0,0.0,0.0,16.571428571428573,20,79.42857142857143,0.0,7,48.0,6.0,7.0,1.0,7714.285714285715,0
PRV52295,5.0,19000.0,3800.0,5.0,0.0,0.0,0.0,0.0,18.0,22,81.6,0.0,5,36.0,2.0,5.0,1.0,3800.0,0
PRV52296,2.0,12000.0,6000.0,2.0,0.0,0.0,0.0,0.0,18.0,18,91.0,0.0,2,18.0,1.0,2.0,1.0,6000.0,0
PRV52298,9.0,93000.0,10333.333333333334,7.0,209.0,60300.0,288.51674641148327,143.0,17.541666666666668,22,72.45138888888889,0.006944444444444444,144,409.0,7.0,218.0,0.04128440366972477,703.2110091743119,0
PRV52299,0.0,0.0,0.0,0.0,601.0,157140.0,261.46422628951746,255.0,18.105882352941176,22,72.69411764705882,0.0,255,794.0,0.0,601.0,0.0,261.46422628951746,0
PRV52300,3.0,55000.0,18333.333333333332,3.0,18.0,4160.0,231.11111111111111,17.0,16.94736842105263,21,79.05263157894737,0.0,19,57.0,6.0,21.0,0.14285714285714285,2817.1428571428573,0
PRV52302,11.0,127000.0,11545.454545454546,8.0,35.0,9280.0,265.14285714285717,25.0,17.5,22,72.93333333333334,0.03333333333333333,30,133.0,10.0,46.0,0.2391304347826087,2962.608695652174,0
PRV52303,23.0,258000.0,11217.391304347826,23.0,369.0,89340.0,242.1138211382114,294.0,17.52076677316294,22,73.31629392971246,0.003194888178913738,313,621.0,11.0,392.0,0.058673469387755105,886.0714285714286,0
PRV52304,0.0,0.0,0.0,0.0,184.0,63120.0,343.04347826086956,88.0,17.46590909090909,22,71.92045454545455,0.03409090909090909,88,330.0,0.0,184.0,0.0,343.04347826086956,0
PRV52306,0.0,0.0,0.0,0.0,15.0,7030.0,468.6666666666667,15.0,18.0,22,72.06666666666666,0.0,15,38.0,0.0,15.0,0.0,468.6666666666667,0
PRV52307,53.0,770000.0,14528.301886792453,52.0,122.0,36460.0,298.8524590163934,116.0,17.55688622754491,22,73.16167664670658,0.011976047904191617,167,427.0,30.0,175.0,0.3028571428571429,4608.342857142857,1
PRV52308,40.0,364700.0,9117.5,32.0,47.0,10060.0,214.04255319148936,40.0,17.166666666666668,22,71.18055555555556,0.041666666666666664,72,289.0,26.0,87.0,0.45977011494252873,4307.586206896552,1
PRV52309,0.0,0.0,0.0,0.0,170.0,45340.0,266.70588235294116,88.0,17.522727272727273,22,71.38636363636364,0.0,88,324.0,0.0,170.0,0.0,266.70588235294116,0
PRV52310,0.0,0.0,0.0,0.0,454.0,106790.0,235.2202643171806,190.0,18.16315789473684,22,72.23157894736842,0.0,190,648.0,0.0,454.0,0.0,235.2202643171806,0
PRV52311,0.0,0.0,0.0,0.0,28.0,7770.0,277.5,23.0,18.26086956521739,21,70.52173913043478,0.0,23,70.0,0.0,28.0,0.0,277.5,0
PRV52312,0.0,0.0,0.0,0.0,214.0,79810.0,372.94392523364485,112.0,17.991071428571427,22,74.28571428571429,0.008928571428571428,112,371.0,0.0,214.0,0.0,372.94392523364485,0
PRV52313,0.0,0.0,0.0,0.0,504.0,146700.0,291.07142857142856,196.0,17.846938775510203,22,70.74489795918367,0.01020408163265306,196,784.0,0.0,504.0,0.0,291.07142857142856,0
PRV52314,40.0,412000.0,10300.0,35.0,183.0,43180.0,235.95628415300547,161.0,17.385416666666668,22,71.125,0.010416666666666666,192,478.0,29.0,223.0,0.17937219730941703,2041.1659192825111,0
PRV52315,5.0,40000.0,8000.0,5.0,80.0,21930.0,274.125,61.0,17.363636363636363,22,71.78787878787878,0.0,66,210.0,2.0,85.0,0.058823529411764705,728.5882352941177,0
PRV52317,2.0,24000.0,12000.0,2.0,23.0,4590.0,199.56521739130434,19.0,17.142857142857142,22,74.33333333333333,0.0,21,55.0,2.0,25.0,0.08,1143.6,0
PRV52318,0.0,0.0,0.0,0.0,39.0,10000.0,256.4102564102564,37.0,17.43243243243243,22,73.16216216216216,0.0,37,79.0,0.0,39.0,0.0,256.4102564102564,0
PRV52319,0.0,0.0,0.0,0.0,30.0,7740.0,258.0,29.0,17.655172413793103,22,73.3103448275862,0.0,29,65.0,0.0,30.0,0.0,258.0,0
PRV52320,69.0,796000.0,11536.231884057972,62.0,297.0,78200.0,263.2996632996633,233.0,17.76027397260274,22,71.05479452054794,0.0,292,674.0,38.0,366.0,0.1885245901639344,2388.5245901639346,1
PRV52321,33.0,367000.0,11121.212121212122,28.0,117.0,23230.0,198.54700854700855,110.0,17.177777777777777,22,73.75555555555556,0.007407407407407408,135,371.0,29.0,150.0,0.22,2601.5333333333333,1
PRV52323,0.0,0.0,0.0,0.0,190.0,49770.0,261.94736842105266,179.0,17.46927374301676,22,73.8268156424581,0.00558659217877095,179,324.0,0.0,190.0,0.0,261.94736842105266,0
PRV52325,27.0,255900.0,9477.777777777777,23.0,103.0,25900.0,251.45631067961165,94.0,16.936936936936938,22,73.23423423423424,0.009009009009009009,111,297.0,17.0,130.0,0.2076923076923077,2167.6923076923076,1
PRV52326,8.0,66000.0,8250.0,7.0,6.0,4770.0,795.0,6.0,16.0,19,76.23076923076923,0.0,13,66.0,2.0,14.0,0.5714285714285714,5055.0,0
PRV52328,0.0,0.0,0.0,0.0,35.0,19560.0,558.8571428571429,28.0,17.75,22,77.0,0.0,28,88.0,0.0,35.0,0.0,558.8571428571429,0
PRV52331,9.0,55000.0,6111.111111111111,8.0,52.0,13430.0,258.2692307692308,41.0,17.6734693877551,22,71.71428571428571,0.04081632653061224,49,166.0,12.0,61.0,0.14754098360655737,1121.8032786885246,0
PRV52332,0.0,0.0,0.0,0.0,64.0,20650.0,322.65625,62.0,17.483870967741936,22,73.45161290322581,0.016129032258064516,62,141.0,0.0,64.0,0.0,322.65625,0
PRV52334,8.0,93000.0,11625.0,8.0,59.0,20980.0,355.59322033898303,43.0,17.816326530612244,22,72.55102040816327,0.0,49,171.0,7.0,67.0,0.11940298507462686,1701.1940298507463,0
PRV52335,2.0,26000.0,13000.0,2.0,240.0,83870.0,349.4583333333333,85.0,17.689655172413794,22,72.94252873563218,0.0,87,420.0,2.0,242.0,0.008264462809917356,454.0082644628099,0
PRV52336,0.0,0.0,0.0,0.0,86.0,26960.0,313.48837209302326,78.0,17.641025641025642,22,74.24358974358974,0.02564102564102564,78,171.0,0.0,86.0,0.0,313.48837209302326,0
PRV52337,0.0,0.0,0.0,0.0,773.0,205790.0,266.22250970245796,226.0,18.29646017699115,22,72.63274336283186,0.017699115044247787,226,1013.0,0.0,773.0,0.0,266.22250970245796,1
PRV52340,224.0,2075400.0,9265.17857142857,176.0,1519.0,464730.0,305.9447004608295,624.0,17.72005772005772,22,72.04184704184703,0.007215007215007215,693,1815.0,88.0,1743.0,0.1285140562248996,1457.3321858864028,1
PRV52341,0.0,0.0,0.0,0.0,135.0,45450.0,336.6666666666667,122.0,17.5327868852459,22,72.35245901639344,0.02459016393442623,122,233.0,0.0,135.0,0.0,336.6666666666667,0
PRV52342,51.0,597000.0,11705.882352941177,45.0,167.0,55190.0,330.47904191616766,148.0,17.391304347826086,22,73.92934782608695,0.0,184,476.0,35.0,218.0,0.23394495412844038,2991.697247706422,0
PRV52343,42.0,404200.0,9623.809523809523,38.0,219.0,77640.0,354.52054794520546,154.0,17.559322033898304,22,71.3954802259887,0.011299435028248588,177,532.0,23.0,261.0,0.16091954022988506,1846.1302681992338,1
PRV52344,23.0,249000.0,10826.08695652174,18.0,107.0,23150.0,216.3551401869159,43.0,17.685185185185187,22,73.03703703703704,0.0,54,308.0,17.0,130.0,0.17692307692307693,2093.4615384615386,0
PRV52346,19.0,201000.0,10578.947368421053,18.0,49.0,16540.0,337.55102040816325,41.0,17.280701754385966,22,72.45614035087719,0.0,57,199.0,20.0,68.0,0.27941176470588236,3199.1176470588234,0
PRV52347,50.0,626400.0,12528.0,46.0,347.0,88690.0,255.5907780979827,302.0,17.29824561403509,22,73.97953216374269,0.011695906432748537,342,682.0,30.0,397.0,0.12594458438287154,1801.2342569269522,1
PRV52348,9.0,85000.0,9444.444444444445,8.0,58.0,17790.0,306.7241379310345,32.0,18.02777777777778,22,73.58333333333333,0.0,36,172.0,4.0,67.0,0.13432835820895522,1534.1791044776119,0
PRV52349,0.0,0.0,0.0,0.0,99.0,20410.0,206.16161616161617,94.0,17.595744680851062,22,75.11702127659575,0.0,94,183.0,0.0,99.0,0.0,206.16161616161617,0
PRV52350,7.0,30000.0,4285.714285714285,7.0,33.0,8660.0,262.42424242424244,23.0,17.344827586206897,22,74.20689655172414,0.0,29,108.0,2.0,40.0,0.175,966.5,0
PRV52351,0.0,0.0,0.0,0.0,425.0,103700.0,244.0,362.0,17.740331491712706,22,72.35911602209944,0.008287292817679558,362,639.0,0.0,425.0,0.0,244.0,0
PRV52352,0.0,0.0,0.0,0.0,32.0,9660.0,301.875,32.0,17.75,22,66.53125,0.03125,32,65.0,0.0,32.0,0.0,301.875,0
PRV52353,6.0,140000.0,23333.333333333332,4.0,42.0,10420.0,248.0952380952381,41.0,17.666666666666668,22,70.57777777777778,0.0,45,130.0,5.0,48.0,0.125,3133.75,0
PRV52354,0.0,0.0,0.0,0.0,66.0,19400.0,293.93939393939394,33.0,18.060606060606062,22,73.18181818181819,0.0,33,136.0,0.0,66.0,0.0,293.93939393939394,0
PRV52355,0.0,0.0,0.0,0.0,63.0,24170.0,383.6507936507937,26.0,17.692307692307693,21,68.8076923076923,0.038461538461538464,26,132.0,0.0,63.0,0.0,383.6507936507937,0
PRV52356,0.0,0.0,0.0,0.0,98.0,22350.0,228.0612244897959,63.0,17.50793650793651,22,71.22222222222223,0.015873015873015872,63,192.0,0.0,98.0,0.0,228.0612244897959,0
PRV52357,8.0,69000.0,8625.0,7.0,97.0,29830.0,307.5257731958763,79.0,17.602409638554217,22,71.1566265060241,0.012048192771084338,83,217.0,6.0,105.0,0.0761904761904762,941.2380952380952,0
PRV52358,0.0,0.0,0.0,0.0,18.0,5180.0,287.77777777777777,17.0,16.647058823529413,21,68.58823529411765,0.0,17,46.0,0.0,18.0,0.0,287.77777777777777,0
PRV52359,42.0,413000.0,9833.333333333334,39.0,65.0,13430.0,206.6153846153846,60.0,17.418367346938776,22,75.12244897959184,0.0,98,309.0,27.0,107.0,0.3925233644859813,3985.3271028037384,0
PRV52361,0.0,0.0,0.0,0.0,158.0,44230.0,279.9367088607595,145.0,18.013793103448275,22,73.69655172413793,0.006896551724137931,145,271.0,0.0,158.0,0.0,279.9367088607595,0
PRV52362,9.0,90300.0,10033.333333333334,8.0,145.0,35330.0,243.6551724137931,125.0,17.481203007518797,22,73.37593984962406,0.0,133,297.0,6.0,154.0,0.05844155844155844,815.7792207792207,0
PRV52365,0.0,0.0,0.0,0.0,739.0,202130.0,273.51826792963465,381.0,17.868766404199476,22,72.249343832021,0.007874015748031496,381,944.0,0.0,739.0,0.0,273.51826792963465,0
PRV52366,25.0,226300.0,9052.0,25.0,191.0,54580.0,285.75916230366494,118.0,17.52857142857143,22,71.51428571428572,0.02142857142857143,140,443.0,17.0,216.0,0.11574074074074074,1300.3703703703704,0
PRV52367,4.0,59000.0,14750.0,4.0,293.0,97620.0,333.1740614334471,176.0,17.66111111111111,22,71.5111111111111,0.005555555555555556,180,506.0,6.0,297.0,0.013468013468013467,527.3400673400673,0
PRV52369,0.0,0.0,0.0,0.0,547.0,163780.0,299.41499085923215,358.0,17.421787709497206,22,72.37150837988827,0.008379888268156424,358,789.0,0.0,547.0,0.0,299.41499085923215,0
PRV52371,0.0,0.0,0.0,0.0,72.0,17370.0,241.25,50.0,17.62,22,72.42,0.0,50,148.0,0.0,72.0,0.0,241.25,0
PRV52372,27.0,268000.0,9925.925925925925,24.0,97.0,24040.0,247.83505154639175,56.0,17.30263157894737,22,75.05263157894737,0.013157894736842105,76,301.0,20.0,124.0,0.21774193548387097,2355.1612903225805,0
PRV52373,3.0,38000.0,12666.666666666666,3.0,20.0,5710.0,285.5,19.0,17.545454545454547,22,69.31818181818181,0.0,22,52.0,7.0,23.0,0.13043478260869565,1900.4347826086957,0
PRV52374,0.0,0.0,0.0,0.0,228.0,68780.0,301.6666666666667,102.0,17.872549019607842,22,70.96078431372548,0.0,102,424.0,0.0,228.0,0.0,301.6666666666667,0
PRV52377,0.0,0.0,0.0,0.0,44.0,13700.0,311.3636363636364,44.0,17.65909090909091,22,71.5,0.0,44,84.0,0.0,44.0,0.0,311.3636363636364,0
PRV52378,3.0,11000.0,3666.6666666666665,3.0,9.0,920.0,102.22222222222223,9.0,17.0,20,75.16666666666667,0.0,12,50.0,2.0,12.0,0.25,993.3333333333334,0
PRV52380,0.0,0.0,0.0,0.0,4.0,280.0,70.0,4.0,18.0,21,73.25,0.0,4,8.0,0.0,4.0,0.0,70.0,0
PRV52381,0.0,0.0,0.0,0.0,80.0,33460.0,418.25,31.0,17.64516129032258,22,70.2258064516129,0.03225806451612903,31,169.0,0.0,80.0,0.0,418.25,0
PRV52383,0.0,0.0,0.0,0.0,74.0,15540.0,210.0,51.0,17.235294117647058,22,72.07843137254902,0.0196078431372549,51,161.0,0.0,74.0,0.0,210.0,1
PRV52384,0.0,0.0,0.0,0.0,33.0,7880.0,238.78787878787878,32.0,17.4375,21,75.125,0.0,32,83.0,0.0,33.0,0.0,238.78787878787878,0
PRV52385,0.0,0.0,0.0,0.0,22.0,7140.0,324.54545454545456,19.0,18.31578947368421,22,74.05263157894737,0.0,19,62.0,0.0,22.0,0.0,324.54545454545456,0
PRV52386,0.0,0.0,0.0,0.0,237.0,55300.0,233.33333333333334,161.0,17.4472049689441,22,72.3975155279503,0.006211180124223602,161,410.0,0.0,237.0,0.0,233.33333333333334,0
PRV52387,13.0,106000.0,8153.846153846154,11.0,50.0,15740.0,314.8,28.0,17.487179487179485,22,71.66666666666667,0.0,39,168.0,7.0,63.0,0.20634920634920634,1932.3809523809523,0
PRV52389,0.0,0.0,0.0,0.0,171.0,44690.0,261.34502923976606,139.0,17.41007194244604,22,70.94244604316546,0.014388489208633094,139,292.0,0.0,171.0,0.0,261.34502923976606,0
PRV52390,0.0,0.0,0.0,0.0,36.0,6400.0,177.77777777777777,34.0,17.58823529411765,22,70.05882352941177,0.029411764705882353,34,89.0,0.0,36.0,0.0,177.77777777777777,0
PRV52391,0.0,0.0,0.0,0.0,22.0,9030.0,410.45454545454544,15.0,18.066666666666666,22,71.73333333333333,0.0,15,51.0,0.0,22.0,0.0,410.45454545454544,0
PRV52392,5.0,50000.0,10000.0,4.0,122.0,35980.0,294.91803278688525,54.0,17.314814814814813,22,73.03703703703704,0.018518518518518517,54,264.0,2.0,127.0,0.03937007874015748,677.007874015748,0
PRV52393,16.0,178000.0,11125.0,12.0,75.0,19430.0,259.06666666666666,56.0,17.370967741935484,22,69.38709677419355,0.016129032258064516,62,245.0,13.0,91.0,0.17582417582417584,2169.5604395604396,0
PRV52394,3.0,16000.0,5333.333333333333,3.0,115.0,39530.0,343.7391304347826,93.0,17.6875,22,72.5625,0.0,96,237.0,2.0,118.0,0.025423728813559324,470.59322033898303,0
PRV52395,0.0,0.0,0.0,0.0,912.0,268430.0,294.3311403508772,444.0,17.786036036036037,22,72.12612612612612,0.009009009009009009,444,1096.0,0.0,912.0,0.0,294.3311403508772,0
PRV52396,17.0,148000.0,8705.882352941177,16.0,23.0,8300.0,360.8695652173913,20.0,16.58823529411765,22,72.11764705882354,0.0,34,150.0,13.0,40.0,0.425,3907.5,1
PRV52397,0.0,0.0,0.0,0.0,8.0,1010.0,126.25,8.0,15.375,19,82.625,0.0,8,15.0,0.0,8.0,0.0,126.25,0
PRV52398,12.0,188000.0,15666.666666666666,11.0,36.0,9890.0,274.72222222222223,30.0,17.29268292682927,22,74.60975609756098,0.0,41,142.0,9.0,48.0,0.25,4122.708333333333,0
PRV52399,0.0,0.0,0.0,0.0,434.0,118800.0,273.7327188940092,277.0,17.768953068592058,22,70.74368231046931,0.0036101083032490976,277,631.0,0.0,434.0,0.0,273.7327188940092,0
PRV52400,0.0,0.0,0.0,0.0,231.0,64710.0,280.12987012987014,120.0,18.175,22,73.0,0.016666666666666666,120,392.0,0.0,231.0,0.0,280.12987012987014,0
PRV52401,4.0,51000.0,12750.0,4.0,137.0,27400.0,200.0,50.0,18.27777777777778,22,71.85185185185185,0.0,54,272.0,3.0,141.0,0.028368794326241134,556.0283687943263,0
PRV52402,57.0,535000.0,9385.964912280702,56.0,152.0,42120.0,277.10526315789474,130.0,17.264864864864865,22,73.3027027027027,0.010810810810810811,185,472.0,30.0,209.0,0.2727272727272727,2761.33971291866,0
PRV52403,2.0,13000.0,6500.0,2.0,214.0,49760.0,232.52336448598132,83.0,17.714285714285715,22,70.35714285714286,0.023809523809523808,84,389.0,1.0,216.0,0.009259259259259259,290.55555555555554,0
PRV52404,7.0,59000.0,8428.57142857143,6.0,20.0,1610.0,80.5,20.0,17.846153846153847,22,75.15384615384616,0.0,26,73.0,2.0,27.0,0.25925925925925924,2244.814814814815,0
PRV52405,22.0,169000.0,7681.818181818182,22.0,67.0,20070.0,299.55223880597015,51.0,17.211267605633804,22,71.19718309859155,0.014084507042253521,71,234.0,13.0,89.0,0.24719101123595505,2124.38202247191,0
PRV52406,0.0,0.0,0.0,0.0,63.0,13420.0,213.015873015873,44.0,18.181818181818183,22,71.27272727272727,0.045454545454545456,44,142.0,0.0,63.0,0.0,213.015873015873,0
PRV52407,0.0,0.0,0.0,0.0,43.0,15970.0,371.3953488372093,18.0,18.333333333333332,22,73.38888888888889,0.0,18,103.0,0.0,43.0,0.0,371.3953488372093,0
PRV52408,0.0,0.0,0.0,0.0,29.0,4270.0,147.24137931034483,12.0,18.166666666666668,21,67.83333333333333,0.0,12,70.0,0.0,29.0,0.0,147.24137931034483,0
PRV52409,0.0,0.0,0.0,0.0,16.0,2630.0,164.375,15.0,17.733333333333334,22,74.46666666666667,0.06666666666666667,15,34.0,0.0,16.0,0.0,164.375,0
PRV52410,0.0,0.0,0.0,0.0,58.0,24310.0,419.13793103448273,23.0,17.304347826086957,22,73.56521739130434,0.043478260869565216,23,121.0,0.0,58.0,0.0,419.13793103448273,0
PRV52411,0.0,0.0,0.0,0.0,92.0,32010.0,347.9347826086956,51.0,17.647058823529413,22,71.3921568627451,0.0,51,178.0,0.0,92.0,0.0,347.9347826086956,0
PRV52412,0.0,0.0,0.0,0.0,63.0,20340.0,322.85714285714283,40.0,17.8,22,72.925,0.0,40,140.0,0.0,63.0,0.0,322.85714285714283,0
PRV52414,0.0,0.0,0.0,0.0,132.0,43600.0,330.3030303030303,59.0,18.203389830508474,21,69.91525423728814,0.01694915254237288,59,255.0,0.0,132.0,0.0,330.3030303030303,0
PRV52415,0.0,0.0,0.0,0.0,41.0,7500.0,182.9268292682927,13.0,18.076923076923077,22,67.6923076923077,0.0,13,103.0,0.0,41.0,0.0,182.9268292682927,0
PRV52416,0.0,0.0,0.0,0.0,42.0,9650.0,229.76190476190476,22.0,18.636363636363637,22,71.86363636363636,0.0,22,101.0,0.0,42.0,0.0,229.76190476190476,0
PRV52417,0.0,0.0,0.0,0.0,20.0,4210.0,210.5,7.0,18.285714285714285,21,67.85714285714286,0.0,7,41.0,0.0,20.0,0.0,210.5,0
PRV52418,0.0,0.0,0.0,0.0,35.0,7730.0,220.85714285714286,24.0,18.208333333333332,22,71.79166666666667,0.0,24,68.0,0.0,35.0,0.0,220.85714285714286,0
PRV52419,5.0,68000.0,13600.0,3.0,107.0,45470.0,424.95327102803736,34.0,17.794117647058822,22,73.05882352941177,0.0,34,229.0,10.0,112.0,0.044642857142857144,1013.125,0
PRV52420,0.0,0.0,0.0,0.0,141.0,78050.0,553.5460992907801,47.0,17.5531914893617,22,74.0,0.02127659574468085,47,275.0,0.0,141.0,0.0,553.5460992907801,1
PRV52421,0.0,0.0,0.0,0.0,95.0,33550.0,353.1578947368421,63.0,18.3015873015873,22,74.0952380952381,0.015873015873015872,63,173.0,0.0,95.0,0.0,353.1578947368421,0
PRV52422,0.0,0.0,0.0,0.0,58.0,26400.0,455.17241379310343,33.0,17.87878787878788,22,71.78787878787878,0.0,33,128.0,0.0,58.0,0.0,455.17241379310343,0
PRV52423,0.0,0.0,0.0,0.0,54.0,11480.0,212.59259259259258,30.0,17.4,21,70.2,0.0,30,117.0,0.0,54.0,0.0,212.59259259259258,0
PRV52425,0.0,0.0,0.0,0.0,23.0,3570.0,155.2173913043478,8.0,17.125,19,66.875,0.0,8,55.0,0.0,23.0,0.0,155.2173913043478,0
PRV52427,3.0,30000.0,10000.0,3.0,16.0,6850.0,428.125,10.0,17.416666666666668,21,71.33333333333333,0.0,12,62.0,0.0,19.0,0.15789473684210525,1939.4736842105262,0
PRV52431,0.0,0.0,0.0,0.0,63.0,23850.0,378.57142857142856,36.0,17.333333333333332,22,70.22222222222223,0.0,36,128.0,0.0,63.0,0.0,378.57142857142856,0
PRV52432,0.0,0.0,0.0,0.0,58.0,12780.0,220.3448275862069,27.0,18.48148148148148,22,74.51851851851852,0.0,27,122.0,0.0,58.0,0.0,220.3448275862069,0
PRV52433,0.0,0.0,0.0,0.0,85.0,22060.0,259.52941176470586,62.0,17.983870967741936,22,76.88709677419355,0.0,62,165.0,0.0,85.0,0.0,259.52941176470586,0
PRV52434,0.0,0.0,0.0,0.0,2.0,90.0,45.0,2.0,17.5,20,91.5,0.0,2,5.0,0.0,2.0,0.0,45.0,0
PRV52435,0.0,0.0,0.0,0.0,70.0,20420.0,291.7142857142857,25.0,18.56,22,73.12,0.0,25,141.0,0.0,70.0,0.0,291.7142857142857,0
PRV52436,0.0,0.0,0.0,0.0,44.0,9980.0,226.8181818181818,22.0,17.636363636363637,22,68.5,0.0,22,98.0,0.0,44.0,0.0,226.8181818181818,0
PRV52437,0.0,0.0,0.0,0.0,43.0,11050.0,256.9767441860465,26.0,17.346153846153847,22,74.11538461538461,0.0,26,85.0,0.0,43.0,0.0,256.9767441860465,0
PRV52439,0.0,0.0,0.0,0.0,121.0,29520.0,243.96694214876032,64.0,18.0625,22,72.96875,0.015625,64,216.0,0.0,121.0,0.0,243.96694214876032,0
PRV52440,0.0,0.0,0.0,0.0,12.0,4980.0,415.0,8.0,17.25,20,76.5,0.0,8,41.0,0.0,12.0,0.0,415.0,0
PRV52441,0.0,0.0,0.0,0.0,94.0,20410.0,217.12765957446808,53.0,17.660377358490567,22,70.58490566037736,0.0,53,197.0,0.0,94.0,0.0,217.12765957446808,0
PRV52443,0.0,0.0,0.0,0.0,1.0,10.0,10.0,1.0,19.0,19,92.0,0.0,1,1.0,0.0,1.0,0.0,10.0,0
PRV52445,5.0,102000.0,20400.0,5.0,0.0,0.0,0.0,0.0,15.8,17,71.4,0.0,5,36.0,5.0,5.0,1.0,20400.0,1
PRV52446,10.0,129000.0,12900.0,10.0,0.0,0.0,0.0,0.0,16.7,21,60.8,0.0,10,62.0,7.0,10.0,1.0,12900.0,0
PRV52448,0.0,0.0,0.0,0.0,2.0,170.0,85.0,2.0,18.0,19,91.0,0.0,2,3.0,0.0,2.0,0.0,85.0,0
PRV52449,6.0,126000.0,21000.0,5.0,0.0,0.0,0.0,0.0,16.0,20,73.6,0.0,5,45.0,6.0,6.0,1.0,21000.0,0
PRV52450,0.0,0.0,0.0,0.0,298.0,81540.0,273.6241610738255,232.0,17.5,22,71.01724137931035,0.0,232,506.0,0.0,298.0,0.0,273.6241610738255,0
PRV52451,0.0,0.0,0.0,0.0,20.0,11130.0,556.5,17.0,17.352941176470587,22,73.17647058823529,0.0,17,53.0,0.0,20.0,0.0,556.5,0
PRV52452,2.0,20000.0,10000.0,2.0,272.0,67650.0,248.71323529411765,134.0,17.948529411764707,22,71.1029411764706,0.007352941176470588,136,452.0,2.0,274.0,0.0072992700729927005,319.8905109489051,0
PRV52453,0.0,0.0,0.0,0.0,1.0,20.0,20.0,1.0,17.0,17,74.0,0.0,1,3.0,0.0,1.0,0.0,20.0,0
PRV52454,0.0,0.0,0.0,0.0,15.0,1450.0,96.66666666666667,14.0,18.642857142857142,22,72.85714285714286,0.0,14,27.0,0.0,15.0,0.0,96.66666666666667,0
PRV52455,0.0,0.0,0.0,0.0,76.0,24200.0,318.42105263157896,45.0,17.933333333333334,22,74.4888888888889,0.022222222222222223,45,167.0,0.0,76.0,0.0,318.42105263157896,0
PRV52456,0.0,0.0,0.0,0.0,7.0,1370.0,195.71428571428572,7.0,17.428571428571427,21,67.0,0.0,7,20.0,0.0,7.0,0.0,195.71428571428572,0
PRV52457,9.0,117000.0,13000.0,9.0,0.0,0.0,0.0,0.0,16.555555555555557,19,76.66666666666667,0.1111111111111111,9,64.0,7.0,9.0,1.0,13000.0,0
PRV52458,1.0,27000.0,27000.0,1.0,0.0,0.0,0.0,0.0,17.0,17,67.0,0.0,1,4.0,1.0,1.0,1.0,27000.0,0
PRV52459,50.0,505900.0,10118.0,49.0,0.0,0.0,0.0,0.0,16.20408163265306,22,71.77551020408163,0.02040816326530612,49,228.0,32.0,50.0,1.0,10118.0,0
PRV52460,13.0,90000.0,6923.076923076923,9.0,0.0,0.0,0.0,0.0,15.88888888888889,19,69.88888888888889,0.0,9,84.0,6.0,13.0,1.0,6923.076923076923,0
PRV52461,7.0,48000.0,6857.142857142857,7.0,0.0,0.0,0.0,0.0,16.428571428571427,19,70.71428571428571,0.0,7,45.0,2.0,7.0,1.0,6857.142857142857,0
PRV52462,2.0,16000.0,8000.0,2.0,0.0,0.0,0.0,0.0,15.0,15,81.5,0.0,2,18.0,1.0,2.0,1.0,8000.0,0
PRV52463,1.0,5000.0,5000.0,1.0,0.0,0.0,0.0,0.0,15.0,15,92.0,0.0,1,9.0,2.0,1.0,1.0,5000.0,0
PRV52464,2.0,12000.0,6000.0,2.0,0.0,0.0,0.0,0.0,16.5,17,86.5,0.0,2,17.0,2.0,2.0,1.0,6000.0,0
PRV52466,13.0,139000.0,10692.307692307691,11.0,0.0,0.0,0.0,0.0,17.0,22,69.18181818181819,0.09090909090909091,11,82.0,10.0,13.0,1.0,10692.307692307691,0
PRV52467,8.0,169000.0,21125.0,7.0,95.0,14660.0,154.31578947368422,84.0,18.15730337078652,22,73.7752808988764,0.0,89,223.0,6.0,103.0,0.07766990291262135,1783.106796116505,1
PRV52468,3.0,29000.0,9666.666666666666,3.0,18.0,3450.0,191.66666666666666,18.0,17.904761904761905,22,71.52380952380952,0.0,21,81.0,1.0,21.0,0.14285714285714285,1545.2380952380952,0
PRV52469,6.0,54000.0,9000.0,6.0,178.0,50420.0,283.2584269662921,145.0,17.9,22,72.84666666666666,0.0,150,350.0,4.0,184.0,0.03260869565217391,567.5,0
PRV52470,0.0,0.0,0.0,0.0,3.0,270.0,90.0,3.0,18.666666666666668,21,73.66666666666667,0.0,3,6.0,0.0,3.0,0.0,90.0,0
PRV52471,0.0,0.0,0.0,0.0,8.0,1640.0,205.0,8.0,17.625,21,74.375,0.0,8,16.0,0.0,8.0,0.0,205.0,0
PRV52472,18.0,187000.0,10388.888888888889,17.0,43.0,16810.0,390.93023255813955,40.0,18.228070175438596,22,74.33333333333333,0.0,57,184.0,12.0,61.0,0.29508196721311475,3341.1475409836066,0
PRV52473,0.0,0.0,0.0,0.0,4.0,3870.0,967.5,4.0,15.25,17,79.5,0.0,4,14.0,0.0,4.0,0.0,967.5,0
PRV52474,22.0,224000.0,10181.818181818182,20.0,15.0,4770.0,318.0,15.0,17.542857142857144,22,71.42857142857143,0.0,35,154.0,20.0,37.0,0.5945945945945946,6182.972972972973,0
PRV52476,6.0,84000.0,14000.0,6.0,20.0,3300.0,165.0,20.0,16.807692307692307,22,73.84615384615384,0.0,26,75.0,3.0,26.0,0.23076923076923078,3357.6923076923076,0
PRV52478,5.0,21000.0,4200.0,5.0,50.0,10700.0,214.0,47.0,17.173076923076923,22,71.75,0.019230769230769232,52,135.0,2.0,55.0,0.09090909090909091,576.3636363636364,0
PRV52480,5.0,40000.0,8000.0,5.0,25.0,4350.0,174.0,24.0,17.724137931034484,22,71.20689655172414,0.0,29,78.0,1.0,30.0,0.16666666666666666,1478.3333333333333,0
PRV52482,0.0,0.0,0.0,0.0,1.0,40.0,40.0,1.0,22.0,22,67.0,0.0,1,1.0,0.0,1.0,0.0,40.0,0
PRV52483,0.0,0.0,0.0,0.0,223.0,52110.0,233.67713004484304,61.0,18.950819672131146,22,74.70491803278688,0.01639344262295082,61,354.0,0.0,223.0,0.0,233.67713004484304,0
PRV52484,0.0,0.0,0.0,0.0,13.0,1570.0,120.76923076923077,10.0,18.2,22,78.1,0.0,10,45.0,0.0,13.0,0.0,120.76923076923077,0
PRV52485,0.0,0.0,0.0,0.0,5.0,1580.0,316.0,4.0,18.5,22,80.75,0.0,4,12.0,0.0,5.0,0.0,316.0,0
PRV52486,0.0,0.0,0.0,0.0,69.0,22140.0,320.8695652173913,58.0,17.982758620689655,22,71.10344827586206,0.017241379310344827,58,143.0,0.0,69.0,0.0,320.8695652173913,0
PRV52487,0.0,0.0,0.0,0.0,177.0,51030.0,288.3050847457627,127.0,18.188976377952756,22,72.4724409448819,0.0,127,295.0,0.0,177.0,0.0,288.3050847457627,0
PRV52488,0.0,0.0,0.0,0.0,183.0,44710.0,244.3169398907104,130.0,18.03076923076923,22,73.47692307692307,0.015384615384615385,130,341.0,0.0,183.0,0.0,244.3169398907104,0
PRV52490,0.0,0.0,0.0,0.0,17.0,4990.0,293.52941176470586,16.0,17.8125,22,77.8125,0.0,16,31.0,0.0,17.0,0.0,293.52941176470586,0
PRV52491,0.0,0.0,0.0,0.0,63.0,16580.0,263.1746031746032,57.0,17.385964912280702,22,73.59649122807018,0.03508771929824561,57,142.0,0.0,63.0,0.0,263.1746031746032,0
PRV52492,0.0,0.0,0.0,0.0,34.0,7810.0,229.7058823529412,33.0,18.424242424242426,22,73.81818181818181,0.0,33,79.0,0.0,34.0,0.0,229.7058823529412,0
PRV52493,0.0,0.0,0.0,0.0,16.0,3970.0,248.125,16.0,17.0,21,75.1875,0.0,16,33.0,0.0,16.0,0.0,248.125,0
PRV52494,0.0,0.0,0.0,0.0,1.0,20.0,20.0,1.0,21.0,21,75.0,0.0,1,1.0,0.0,1.0,0.0,20.0,0
PRV52495,12.0,97000.0,8083.333333333333,11.0,3.0,1800.0,600.0,3.0,18.285714285714285,22,73.57142857142857,0.0,14,84.0,7.0,15.0,0.8,6586.666666666667,0
PRV52497,4.0,55000.0,13750.0,4.0,26.0,4240.0,163.07692307692307,26.0,17.666666666666668,22,74.4,0.0,30,96.0,4.0,30.0,0.13333333333333333,1974.6666666666667,1
PRV52499,8.0,115000.0,14375.0,8.0,149.0,49670.0,333.3557046979866,115.0,17.26050420168067,22,73.21008403361344,0.0,119,306.0,6.0,157.0,0.050955414012738856,1048.8535031847134,0
PRV52500,7.0,55000.0,7857.142857142857,7.0,119.0,31310.0,263.109243697479,104.0,17.65765765765766,22,72.21621621621621,0.0,111,227.0,5.0,126.0,0.05555555555555555,685.0,0
PRV52501,0.0,0.0,0.0,0.0,19.0,4840.0,254.73684210526315,16.0,19.4375,22,71.5,0.0,16,57.0,0.0,19.0,0.0,254.73684210526315,0
PRV52502,26.0,232070.0,8925.76923076923,16.0,93.0,28830.0,310.0,76.0,17.689655172413794,22,73.02298850574712,0.022988505747126436,87,292.0,15.0,119.0,0.2184873949579832,2192.436974789916,1
PRV52503,5.0,44000.0,8800.0,4.0,73.0,28800.0,394.52054794520546,60.0,18.07936507936508,22,73.46031746031746,0.015873015873015872,63,175.0,5.0,78.0,0.0641025641025641,933.3333333333334,0
PRV52504,14.0,112200.0,8014.285714285715,9.0,26.0,1980.0,76.15384615384616,26.0,17.41176470588235,22,72.94117647058823,0.0,34,123.0,7.0,40.0,0.35,2854.5,1
PRV52506,0.0,0.0,0.0,0.0,13.0,2190.0,168.46153846153845,12.0,18.75,22,74.41666666666667,0.0,12,31.0,0.0,13.0,0.0,168.46153846153845,0
PRV52507,0.0,0.0,0.0,0.0,29.0,7250.0,250.0,24.0,18.125,22,72.04166666666667,0.0,24,63.0,0.0,29.0,0.0,250.0,0
PRV52508,2.0,23000.0,11500.0,2.0,35.0,7640.0,218.28571428571428,34.0,18.083333333333332,22,71.77777777777777,0.027777777777777776,36,77.0,3.0,37.0,0.05405405405405406,828.1081081081081,0
PRV52509,6.0,96000.0,16000.0,6.0,57.0,17850.0,313.1578947368421,24.0,17.384615384615383,21,72.73076923076923,0.0,26,137.0,5.0,63.0,0.09523809523809523,1807.142857142857,0
PRV52510,0.0,0.0,0.0,0.0,26.0,4240.0,163.07692307692307,22.0,17.40909090909091,21,73.77272727272727,0.0,22,54.0,0.0,26.0,0.0,163.07692307692307,0
PRV52511,75.0,675200.0,9002.666666666666,61.0,171.0,45080.0,263.62573099415204,140.0,17.622448979591837,22,70.87755102040816,0.00510204081632653,196,533.0,41.0,246.0,0.3048780487804878,2927.967479674797,1
PRV52512,0.0,0.0,0.0,0.0,31.0,6090.0,196.4516129032258,19.0,17.894736842105264,22,66.57894736842105,0.0,19,83.0,0.0,31.0,0.0,196.4516129032258,0
PRV52513,0.0,0.0,0.0,0.0,20.0,3870.0,193.5,18.0,18.38888888888889,22,75.61111111111111,0.0,18,44.0,0.0,20.0,0.0,193.5,0
PRV52514,0.0,0.0,0.0,0.0,15.0,6600.0,440.0,13.0,17.23076923076923,21,78.76923076923077,0.0,13,47.0,0.0,15.0,0.0,440.0,0
PRV52515,0.0,0.0,0.0,0.0,17.0,2450.0,144.11764705882354,17.0,17.823529411764707,22,70.17647058823529,0.058823529411764705,17,43.0,0.0,17.0,0.0,144.11764705882354,0
PRV52517,0.0,0.0,0.0,0.0,32.0,10910.0,340.9375,26.0,17.26923076923077,21,73.5,0.0,26,80.0,0.0,32.0,0.0,340.9375,0
PRV52518,1.0,57000.0,57000.0,1.0,50.0,15340.0,306.8,49.0,17.68,22,69.74,0.0,50,113.0,2.0,51.0,0.0196078431372549,1418.4313725490197,0
PRV52519,6.0,98000.0,16333.333333333334,6.0,94.0,39180.0,416.8085106382979,69.0,17.76388888888889,22,71.84722222222223,0.027777777777777776,72,231.0,6.0,100.0,0.06,1371.8,0
PRV52520,0.0,0.0,0.0,0.0,121.0,39910.0,329.8347107438017,51.0,18.176470588235293,22,74.41176470588235,0.0392156862745098,51,252.0,0.0,121.0,0.0,329.8347107438017,0
PRV52521,0.0,0.0,0.0,0.0,113.0,25000.0,221.23893805309734,88.0,18.227272727272727,22,73.04545454545455,0.022727272727272728,88,216.0,0.0,113.0,0.0,221.23893805309734,0
PRV52523,0.0,0.0,0.0,0.0,3.0,480.0,160.0,3.0,17.0,20,72.33333333333333,0.0,3,4.0,0.0,3.0,0.0,160.0,0
PRV52525,0.0,0.0,0.0,0.0,2.0,150.0,75.0,2.0,17.0,20,79.5,0.0,2,4.0,0.0,2.0,0.0,75.0,0
PRV52526,0.0,0.0,0.0,0.0,1.0,90.0,90.0,1.0,18.0,18,74.0,0.0,1,5.0,0.0,1.0,0.0,90.0,0
PRV52527,0.0,0.0,0.0,0.0,160.0,48730.0,304.5625,73.0,18.506849315068493,22,74.38356164383562,0.0410958904109589,73,272.0,0.0,160.0,0.0,304.5625,0
PRV52528,0.0,0.0,0.0,0.0,26.0,6460.0,248.46153846153845,16.0,17.75,22,73.25,0.0,16,53.0,0.0,26.0,0.0,248.46153846153845,0
PRV52529,0.0,0.0,0.0,0.0,12.0,2120.0,176.66666666666666,8.0,17.75,21,68.75,0.0,8,20.0,0.0,12.0,0.0,176.66666666666666,0
PRV52530,1.0,3000.0,3000.0,1.0,9.0,2210.0,245.55555555555554,9.0,16.11111111111111,18,73.33333333333333,0.0,9,30.0,1.0,10.0,0.1,521.0,0
PRV52531,0.0,0.0,0.0,0.0,5.0,2970.0,594.0,5.0,17.2,21,70.4,0.0,5,12.0,0.0,5.0,0.0,594.0,0
PRV52532,0.0,0.0,0.0,0.0,16.0,2550.0,159.375,15.0,18.333333333333332,21,71.4,0.0,15,43.0,0.0,16.0,0.0,159.375,0
PRV52533,0.0,0.0,0.0,0.0,43.0,7380.0,171.62790697674419,27.0,17.666666666666668,22,75.74074074074075,0.0,27,103.0,0.0,43.0,0.0,171.62790697674419,0
PRV52535,0.0,0.0,0.0,0.0,18.0,7200.0,400.0,12.0,18.416666666666668,22,73.08333333333333,0.08333333333333333,12,57.0,0.0,18.0,0.0,400.0,0
PRV52536,1.0,14000.0,14000.0,1.0,0.0,0.0,0.0,0.0,17.0,17,72.0,0.0,1,9.0,1.0,1.0,1.0,14000.0,0
PRV52537,1.0,57000.0,57000.0,1.0,0.0,0.0,0.0,0.0,20.0,20,72.0,0.0,1,9.0,1.0,1.0,1.0,57000.0,0
PRV52539,0.0,0.0,0.0,0.0,14.0,4450.0,317.85714285714283,12.0,18.25,22,68.25,0.0,12,38.0,0.0,14.0,0.0,317.85714285714283,0
PRV52540,0.0,0.0,0.0,0.0,7.0,3370.0,481.42857142857144,4.0,18.25,21,67.5,0.0,4,28.0,0.0,7.0,0.0,481.42857142857144,0
PRV52541,5.0,41000.0,8200.0,5.0,0.0,0.0,0.0,0.0,17.6,19,75.0,0.0,5,40.0,4.0,5.0,1.0,8200.0,0
PRV52542,0.0,0.0,0.0,0.0,62.0,15920.0,256.7741935483871,44.0,18.40909090909091,22,72.43181818181819,0.022727272727272728,44,130.0,0.0,62.0,0.0,256.7741935483871,0
PRV52543,0.0,0.0,0.0,0.0,171.0,47550.0,278.0701754385965,89.0,18.359550561797754,22,72.58426966292134,0.011235955056179775,89,311.0,0.0,171.0,0.0,278.0701754385965,0
PRV52544,6.0,34000.0,5666.666666666667,6.0,0.0,0.0,0.0,0.0,17.666666666666668,21,77.83333333333333,0.0,6,43.0,3.0,6.0,1.0,5666.666666666667,0
PRV52545,0.0,0.0,0.0,0.0,13.0,1460.0,112.3076923076923,13.0,17.76923076923077,20,75.38461538461539,0.0,13,38.0,0.0,13.0,0.0,112.3076923076923,0
PRV52547,0.0,0.0,0.0,0.0,2.0,3020.0,1510.0,2.0,17.5,18,74.0,0.0,2,5.0,0.0,2.0,0.0,1510.0,0
PRV52548,5.0,37000.0,7400.0,5.0,10.0,1750.0,175.0,10.0,17.2,20,73.46666666666667,0.0,15,67.0,3.0,15.0,0.3333333333333333,2583.3333333333335,0
PRV52549,6.0,39000.0,6500.0,5.0,150.0,58160.0,387.73333333333335,49.0,17.64814814814815,22,74.72222222222223,0.037037037037037035,54,324.0,3.0,156.0,0.038461538461538464,622.8205128205128,0
PRV52551,0.0,0.0,0.0,0.0,5.0,920.0,184.0,5.0,17.8,22,75.6,0.0,5,18.0,0.0,5.0,0.0,184.0,0
PRV52552,11.0,107000.0,9727.272727272728,11.0,44.0,12870.0,292.5,43.0,17.462962962962962,22,71.70370370370371,0.018518518518518517,54,156.0,6.0,55.0,0.2,2179.4545454545455,0
PRV52553,4.0,60000.0,15000.0,4.0,4.0,2320.0,580.0,4.0,16.875,19,72.0,0.0,8,46.0,4.0,8.0,0.5,7790.0,0
PRV52554,0.0,0.0,0.0,0.0,13.0,1970.0,151.53846153846155,13.0,19.076923076923077,22,76.23076923076923,0.0,13,33.0,0.0,13.0,0.0,151.53846153846155,0
PRV52555,0.0,0.0,0.0,0.0,7.0,3600.0,514.2857142857143,7.0,17.0,18,80.57142857142857,0.0,7,12.0,0.0,7.0,0.0,514.2857142857143,0
PRV52556,46.0,447000.0,9717.391304347826,40.0,69.0,17760.0,257.39130434782606,62.0,17.43,22,74.78,0.0,100,303.0,29.0,115.0,0.4,4041.391304347826,0
PRV52557,0.0,0.0,0.0,0.0,11.0,970.0,88.18181818181819,9.0,17.555555555555557,20,72.55555555555556,0.0,9,24.0,0.0,11.0,0.0,88.18181818181819,0
PRV52558,0.0,0.0,0.0,0.0,494.0,140900.0,285.2226720647773,440.0,17.615909090909092,22,74.49772727272727,0.00909090909090909,440,713.0,4.0,494.0,0.0,285.2226720647773,0
PRV52559,0.0,0.0,0.0,0.0,359.0,90740.0,252.75766016713092,207.0,17.91304347826087,22,74.08212560386474,0.014492753623188406,207,541.0,0.0,359.0,0.0,252.75766016713092,0
PRV52560,0.0,0.0,0.0,0.0,503.0,145450.0,289.16500994035783,174.0,18.04597701149425,22,73.97126436781609,0.017241379310344827,174,757.0,0.0,503.0,0.0,289.16500994035783,0
PRV52561,0.0,0.0,0.0,0.0,280.0,128900.0,460.35714285714283,261.0,17.371647509578544,22,74.69348659003832,0.0038314176245210726,261,440.0,0.0,280.0,0.0,460.35714285714283,0
PRV52562,6.0,72000.0,12000.0,5.0,81.0,18620.0,229.87654320987653,56.0,17.78688524590164,22,75.81967213114754,0.0,61,196.0,5.0,87.0,0.06896551724137931,1041.6091954022988,0
PRV52563,0.0,0.0,0.0,0.0,473.0,173770.0,367.3784355179704,246.0,17.890243902439025,22,74.13821138211382,0.0040650406504065045,246,702.0,2.0,473.0,0.0,367.3784355179704,0
PRV52564,5.0,35000.0,7000.0,5.0,16.0,4700.0,293.75,16.0,16.952380952380953,21,77.66666666666667,0.0,21,57.0,2.0,21.0,0.23809523809523808,1890.4761904761904,0
PRV52565,11.0,109000.0,9909.09090909091,11.0,126.0,32640.0,259.04761904761904,78.0,17.848837209302324,22,75.43023255813954,0.0,86,289.0,13.0,137.0,0.08029197080291971,1033.8686131386862,0
PRV52566,22.0,219400.0,9972.727272727272,22.0,117.0,32630.0,278.8888888888889,113.0,17.28148148148148,22,76.01481481481481,0.007407407407407408,135,319.0,17.0,139.0,0.15827338129496402,1813.1654676258993,0
PRV52567,0.0,0.0,0.0,0.0,66.0,29670.0,449.54545454545456,38.0,17.57894736842105,22,77.36842105263158,0.0,38,110.0,0.0,66.0,0.0,449.54545454545456,0
PRV52568,0.0,0.0,0.0,0.0,87.0,25730.0,295.7471264367816,41.0,17.317073170731707,21,73.58536585365853,0.0,41,162.0,0.0,87.0,0.0,295.7471264367816,0
PRV52570,8.0,62000.0,7750.0,8.0,16.0,6190.0,386.875,15.0,18.52173913043478,22,75.8695652173913,0.0,23,85.0,7.0,24.0,0.3333333333333333,2841.25,0
PRV52571,0.0,0.0,0.0,0.0,508.0,161790.0,318.48425196850394,429.0,17.51048951048951,22,73.48484848484848,0.004662004662004662,429,738.0,0.0,508.0,0.0,318.48425196850394,0
PRV52572,0.0,0.0,0.0,0.0,3.0,4150.0,1383.3333333333333,3.0,16.666666666666668,21,81.33333333333333,0.3333333333333333,3,14.0,0.0,3.0,0.0,1383.3333333333333,0
PRV52573,0.0,0.0,0.0,0.0,587.0,158670.0,270.30664395229985,520.0,17.628846153846155,22,74.12307692307692,0.0019230769230769232,520,798.0,2.0,587.0,0.0,270.30664395229985,0
PRV52574,146.0,1498900.0,10266.438356164384,117.0,113.0,34930.0,309.11504424778764,93.0,17.264423076923077,22,76.82211538461539,0.009615384615384616,208,648.0,77.0,259.0,0.5637065637065637,5922.123552123552,1
PRV52575,0.0,0.0,0.0,0.0,70.0,23780.0,339.7142857142857,40.0,17.35,22,73.85,0.0,40,162.0,0.0,70.0,0.0,339.7142857142857,0
PRV52576,3.0,42000.0,14000.0,3.0,23.0,7850.0,341.30434782608694,23.0,17.346153846153847,22,75.65384615384616,0.0,26,70.0,2.0,26.0,0.11538461538461539,1917.3076923076924,0
PRV52577,0.0,0.0,0.0,0.0,8.0,2550.0,318.75,8.0,16.875,21,79.0,0.0,8,20.0,0.0,8.0,0.0,318.75,0
PRV52578,37.0,348000.0,9405.405405405405,28.0,12.0,5050.0,420.8333333333333,12.0,17.325,22,73.5,0.0,40,205.0,20.0,49.0,0.7551020408163265,7205.102040816327,1
PRV52579,0.0,0.0,0.0,0.0,9.0,1060.0,117.77777777777777,9.0,19.444444444444443,22,75.77777777777777,0.0,9,20.0,0.0,9.0,0.0,117.77777777777777,0
PRV52580,0.0,0.0,0.0,0.0,39.0,7090.0,181.7948717948718,37.0,17.243243243243242,22,72.86486486486487,0.0,37,89.0,0.0,39.0,0.0,181.7948717948718,0
PRV52581,0.0,0.0,0.0,0.0,142.0,40050.0,282.0422535211268,135.0,17.585185185185185,22,73.27407407407408,0.0,135,254.0,0.0,142.0,0.0,282.0422535211268,0
PRV52582,19.0,190000.0,10000.0,19.0,4.0,1020.0,255.0,4.0,16.652173913043477,20,70.30434782608695,0.043478260869565216,23,112.0,12.0,23.0,0.8260869565217391,8305.217391304348,0
PRV52583,26.0,196000.0,7538.461538461538,26.0,182.0,41790.0,229.6153846153846,167.0,17.54922279792746,22,72.76165803108809,0.010362694300518135,193,422.0,17.0,208.0,0.125,1143.2211538461538,0
PRV52584,3.0,45000.0,15000.0,3.0,51.0,12460.0,244.31372549019608,49.0,17.607843137254903,21,75.05882352941177,0.0196078431372549,51,117.0,4.0,54.0,0.05555555555555555,1064.0740740740741,0
PRV52586,0.0,0.0,0.0,0.0,1.0,300.0,300.0,1.0,18.0,18,70.0,0.0,1,8.0,0.0,1.0,0.0,300.0,0
PRV52587,0.0,0.0,0.0,0.0,137.0,38900.0,283.94160583941607,68.0,17.88235294117647,22,74.20588235294117,0.0,68,256.0,0.0,137.0,0.0,283.94160583941607,0
PRV52588,17.0,167000.0,9823.529411764706,17.0,33.0,9620.0,291.5151515151515,21.0,17.2972972972973,21,73.72972972972973,0.0,37,173.0,10.0,50.0,0.34,3532.4,0
PRV52589,81.0,723800.0,8935.802469135802,71.0,345.0,109120.0,316.28985507246375,300.0,17.505434782608695,22,73.36141304347827,0.01358695652173913,368,749.0,47.0,426.0,0.19014084507042253,1955.2112676056338,1
PRV52590,115.0,1204050.0,10470.0,107.0,93.0,23530.0,253.01075268817203,93.0,16.794736842105262,22,73.41578947368421,0.0,190,525.0,63.0,208.0,0.5528846153846154,5901.826923076923,1
PRV52591,0.0,0.0,0.0,0.0,46.0,12510.0,271.95652173913044,45.0,17.91111111111111,22,73.88888888888889,0.0,45,95.0,0.0,46.0,0.0,271.95652173913044,0
PRV52592,7.0,56000.0,8000.0,6.0,12.0,3620.0,301.6666666666667,12.0,16.444444444444443,20,82.72222222222223,0.0,18,78.0,5.0,19.0,0.3684210526315789,3137.8947368421054,0
PRV52593,0.0,0.0,0.0,0.0,582.0,142020.0,244.02061855670104,252.0,17.928571428571427,22,74.1547619047619,0.011904761904761904,252,800.0,0.0,582.0,0.0,244.02061855670104,1
PRV52596,0.0,0.0,0.0,0.0,2.0,400.0,200.0,2.0,20.5,21,74.5,0.0,2,6.0,0.0,2.0,0.0,200.0,0
PRV52598,0.0,0.0,0.0,0.0,31.0,10490.0,338.38709677419354,30.0,17.633333333333333,21,78.83333333333333,0.03333333333333333,30,62.0,0.0,31.0,0.0,338.38709677419354,0
PRV52599,0.0,0.0,0.0,0.0,272.0,87890.0,323.125,144.0,17.63888888888889,22,74.9375,0.013888888888888888,144,464.0,0.0,272.0,0.0,323.125,0
PRV52602,9.0,84000.0,9333.333333333334,8.0,70.0,24520.0,350.2857142857143,65.0,17.698630136986303,22,73.20547945205479,0.0,73,184.0,6.0,79.0,0.11392405063291139,1373.6708860759493,0
PRV52604,0.0,0.0,0.0,0.0,7.0,3490.0,498.57142857142856,7.0,18.0,21,66.0,0.0,7,13.0,0.0,7.0,0.0,498.57142857142856,0
PRV52605,0.0,0.0,0.0,0.0,1000.0,253880.0,253.88,401.0,17.83790523690773,22,75.02244389027432,0.014962593516209476,401,1185.0,1.0,1000.0,0.0,253.88,0
PRV52606,0.0,0.0,0.0,0.0,30.0,10020.0,334.0,22.0,17.363636363636363,22,74.4090909090909,0.045454545454545456,22,69.0,0.0,30.0,0.0,334.0,0
PRV52607,0.0,0.0,0.0,0.0,2.0,3400.0,1700.0,2.0,17.5,19,76.0,0.0,2,2.0,0.0,2.0,0.0,1700.0,0
PRV52608,1.0,3000.0,3000.0,1.0,0.0,0.0,0.0,0.0,15.0,15,83.0,0.0,1,7.0,0.0,1.0,1.0,3000.0,0
PRV52609,5.0,58000.0,11600.0,4.0,128.0,40690.0,317.890625,44.0,17.533333333333335,22,73.04444444444445,0.0,45,257.0,4.0,133.0,0.03759398496240601,742.0300751879699,1
PRV52610,1.0,3000.0,3000.0,1.0,16.0,7040.0,440.0,15.0,17.75,22,75.125,0.0,16,40.0,0.0,17.0,0.058823529411764705,590.5882352941177,0
PRV52611,9.0,80000.0,8888.888888888889,9.0,7.0,2760.0,394.2857142857143,7.0,17.75,21,73.75,0.0,16,78.0,8.0,16.0,0.5625,5172.5,0
PRV52614,0.0,0.0,0.0,0.0,156.0,42480.0,272.3076923076923,94.0,17.659574468085108,22,75.52127659574468,0.010638297872340425,94,292.0,0.0,156.0,0.0,272.3076923076923,0
PRV52615,2.0,18000.0,9000.0,2.0,7.0,770.0,110.0,7.0,16.88888888888889,22,72.66666666666667,0.0,9,39.0,1.0,9.0,0.2222222222222222,2085.5555555555557,0
PRV52616,0.0,0.0,0.0,0.0,15.0,8640.0,576.0,15.0,18.133333333333333,22,71.4,0.0,15,42.0,0.0,15.0,0.0,576.0,0
PRV52617,42.0,349000.0,8309.52380952381,39.0,196.0,58900.0,300.51020408163265,109.0,17.711111111111112,22,74.03703703703704,0.007407407407407408,135,497.0,28.0,238.0,0.17647058823529413,1713.8655462184875,0
PRV52621,24.0,176000.0,7333.333333333333,21.0,21.0,4280.0,203.8095238095238,21.0,17.261904761904763,22,72.21428571428571,0.0,42,176.0,15.0,45.0,0.5333333333333333,4006.222222222222,0
PRV52622,4.0,16000.0,4000.0,4.0,3.0,1010.0,336.6666666666667,3.0,18.571428571428573,20,75.71428571428571,0.0,7,35.0,2.0,7.0,0.5714285714285714,2430.0,0
PRV52623,10.0,147000.0,14700.0,10.0,225.0,55290.0,245.73333333333332,118.0,18.128,22,72.792,0.0,125,435.0,5.0,235.0,0.0425531914893617,860.8085106382979,0
PRV52626,0.0,0.0,0.0,0.0,3.0,560.0,186.66666666666666,3.0,15.666666666666666,16,76.66666666666667,0.0,3,13.0,0.0,3.0,0.0,186.66666666666666,0
PRV52627,3.0,46000.0,15333.333333333334,3.0,2.0,70.0,35.0,2.0,17.4,20,79.2,0.0,5,20.0,1.0,5.0,0.6,9214.0,0
PRV52628,0.0,0.0,0.0,0.0,2098.0,604120.0,287.9504289799809,1354.0,17.76957163958641,22,73.96676514032497,0.008862629246676515,1354,1894.0,0.0,2098.0,0.0,287.9504289799809,1
PRV52629,0.0,0.0,0.0,0.0,61.0,12320.0,201.9672131147541,58.0,17.810344827586206,22,74.74137931034483,0.0,58,134.0,0.0,61.0,0.0,201.9672131147541,0
PRV52630,87.0,774400.0,8901.149425287356,78.0,347.0,99070.0,285.5043227665706,209.0,17.434615384615384,22,74.75769230769231,0.011538461538461539,260,758.0,43.0,434.0,0.20046082949308755,2012.6036866359448,1
PRV52631,0.0,0.0,0.0,0.0,1057.0,321750.0,304.399243140965,804.0,17.60323383084577,22,73.80721393034825,0.007462686567164179,804,1192.0,0.0,1057.0,0.0,304.399243140965,0
PRV52633,0.0,0.0,0.0,0.0,379.0,100770.0,265.8839050131926,224.0,17.870535714285715,22,73.19196428571429,0.008928571428571428,224,586.0,0.0,379.0,0.0,265.8839050131926,0
PRV52634,58.0,420400.0,7248.275862068966,50.0,29.0,4550.0,156.89655172413794,29.0,17.11392405063291,22,74.29113924050633,0.02531645569620253,79,303.0,32.0,87.0,0.6666666666666666,4884.482758620689,0
PRV52636,0.0,0.0,0.0,0.0,21.0,6820.0,324.76190476190476,21.0,18.142857142857142,22,71.23809523809524,0.0,21,40.0,0.0,21.0,0.0,324.76190476190476,0
PRV52638,0.0,0.0,0.0,0.0,1.0,400.0,400.0,1.0,21.0,21,56.0,0.0,1,2.0,0.0,1.0,0.0,400.0,0
PRV52639,0.0,0.0,0.0,0.0,37.0,10150.0,274.3243243243243,33.0,18.333333333333332,22,75.6969696969697,0.06060606060606061,33,90.0,0.0,37.0,0.0,274.3243243243243,0
PRV52640,0.0,0.0,0.0,0.0,66.0,11050.0,167.42424242424244,65.0,17.753846153846155,22,74.93846153846154,0.015384615384615385,65,127.0,0.0,66.0,0.0,167.42424242424244,0
PRV52641,21.0,164000.0,7809.523809523809,20.0,76.0,22330.0,293.8157894736842,72.0,17.593406593406595,22,71.85714285714286,0.02197802197802198,91,238.0,11.0,97.0,0.21649484536082475,1920.9278350515465,0
PRV52642,146.0,1252000.0,8575.342465753425,130.0,290.0,76240.0,262.8965517241379,167.0,17.509505703422054,22,74.37262357414448,0.0076045627376425855,263,800.0,68.0,436.0,0.3348623853211009,3046.422018348624,1
PRV52643,0.0,0.0,0.0,0.0,11.0,5090.0,462.72727272727275,11.0,18.545454545454547,22,78.0909090909091,0.0,11,26.0,0.0,11.0,0.0,462.72727272727275,0
PRV52644,9.0,64000.0,7111.111111111111,9.0,22.0,6530.0,296.8181818181818,20.0,16.862068965517242,21,74.72413793103448,0.0,29,106.0,6.0,31.0,0.2903225806451613,2275.1612903225805,0
PRV52645,0.0,0.0,0.0,0.0,408.0,109630.0,268.70098039215685,367.0,17.618528610354222,22,74.32697547683924,0.008174386920980926,367,606.0,0.0,408.0,0.0,268.70098039215685,0
PRV52646,34.0,292000.0,8588.235294117647,33.0,70.0,14310.0,204.42857142857142,56.0,17.597701149425287,22,76.5632183908046,0.0,87,279.0,20.0,104.0,0.3269230769230769,2945.2884615384614,0
PRV52647,7.0,50000.0,7142.857142857143,7.0,68.0,21070.0,309.8529411764706,66.0,17.54794520547945,22,73.78082191780823,0.0136986301369863,73,187.0,4.0,75.0,0.09333333333333334,947.6,0
PRV52648,0.0,0.0,0.0,0.0,842.0,255250.0,303.14726840855104,259.0,18.131274131274132,22,74.05405405405405,0.003861003861003861,259,1018.0,3.0,842.0,0.0,303.14726840855104,1
PRV52649,0.0,0.0,0.0,0.0,2156.0,602190.0,279.30890538033395,1421.0,17.668543279380717,22,73.85925404644617,0.005629838142153413,1421,1939.0,0.0,2156.0,0.0,279.30890538033395,1
PRV52651,3.0,33000.0,11000.0,3.0,1.0,90.0,90.0,1.0,14.75,16,85.0,0.25,4,24.0,3.0,4.0,0.75,8272.5,0
PRV52652,0.0,0.0,0.0,0.0,743.0,190560.0,256.47375504710635,503.0,17.616302186878727,22,73.43737574552684,0.017892644135188866,503,976.0,0.0,743.0,0.0,256.47375504710635,1
PRV52653,4.0,68000.0,17000.0,3.0,10.0,950.0,95.0,10.0,17.615384615384617,20,67.07692307692308,0.0,13,50.0,4.0,14.0,0.2857142857142857,4925.0,0
PRV52654,58.0,453700.0,7822.413793103448,56.0,119.0,29850.0,250.8403361344538,115.0,17.24561403508772,22,73.66666666666667,0.0,171,427.0,35.0,177.0,0.327683615819209,2731.9209039548023,0
PRV52656,0.0,0.0,0.0,0.0,775.0,239770.0,309.3806451612903,631.0,17.567353407290017,22,73.79556259904913,0.004754358161648178,631,983.0,0.0,775.0,0.0,309.3806451612903,0
PRV52657,0.0,0.0,0.0,0.0,121.0,29250.0,241.73553719008265,61.0,18.24590163934426,22,71.27868852459017,0.01639344262295082,61,209.0,0.0,121.0,0.0,241.73553719008265,0
PRV52658,0.0,0.0,0.0,0.0,39.0,14840.0,380.5128205128205,36.0,17.055555555555557,22,76.72222222222223,0.0,36,99.0,0.0,39.0,0.0,380.5128205128205,0
PRV52659,0.0,0.0,0.0,0.0,24.0,3310.0,137.91666666666666,24.0,17.958333333333332,21,77.0,0.08333333333333333,24,41.0,0.0,24.0,0.0,137.91666666666666,0
PRV52660,0.0,0.0,0.0,0.0,558.0,145400.0,260.57347670250897,329.0,17.90273556231003,22,73.73860182370821,0.0182370820668693,329,758.0,0.0,558.0,0.0,260.57347670250897,0
PRV52661,0.0,0.0,0.0,0.0,247.0,75690.0,306.43724696356276,233.0,17.751072961373392,22,74.18454935622317,0.012875536480686695,233,414.0,0.0,247.0,0.0,306.43724696356276,0
PRV52662,2.0,11000.0,5500.0,2.0,17.0,1790.0,105.29411764705883,16.0,16.944444444444443,22,74.27777777777777,0.0,18,54.0,1.0,19.0,0.10526315789473684,673.1578947368421,0
PRV52663,0.0,0.0,0.0,0.0,576.0,180650.0,313.62847222222223,272.0,18.022058823529413,22,74.0220588235294,0.003676470588235294,272,762.0,0.0,576.0,0.0,313.62847222222223,0
PRV52665,0.0,0.0,0.0,0.0,607.0,146130.0,240.74135090609556,416.0,17.572115384615383,22,74.49278846153847,0.014423076923076924,416,841.0,0.0,607.0,0.0,240.74135090609556,0
PRV52666,0.0,0.0,0.0,0.0,39.0,8930.0,228.97435897435898,38.0,17.5,22,73.47368421052632,0.0,38,101.0,0.0,39.0,0.0,228.97435897435898,0
PRV52667,0.0,0.0,0.0,0.0,3.0,150.0,50.0,3.0,18.666666666666668,20,86.66666666666667,0.0,3,8.0,0.0,3.0,0.0,50.0,0
PRV52668,0.0,0.0,0.0,0.0,7.0,1850.0,264.2857142857143,6.0,18.666666666666668,21,76.16666666666667,0.0,6,18.0,0.0,7.0,0.0,264.2857142857143,0
PRV52669,0.0,0.0,0.0,0.0,1.0,300.0,300.0,1.0,20.0,20,87.0,0.0,1,1.0,0.0,1.0,0.0,300.0,0
PRV52670,0.0,0.0,0.0,0.0,13.0,760.0,58.46153846153846,13.0,18.76923076923077,21,72.23076923076923,0.0,13,30.0,0.0,13.0,0.0,58.46153846153846,0
PRV52671,0.0,0.0,0.0,0.0,2.0,240.0,120.0,2.0,16.0,17,82.0,0.0,2,8.0,0.0,2.0,0.0,120.0,0
PRV52672,0.0,0.0,0.0,0.0,3.0,390.0,130.0,2.0,14.5,16,73.0,0.0,2,7.0,0.0,3.0,0.0,130.0,0
PRV52673,0.0,0.0,0.0,0.0,87.0,19470.0,223.79310344827587,52.0,17.653846153846153,22,75.38461538461539,0.0,52,171.0,0.0,87.0,0.0,223.79310344827587,0
PRV52674,0.0,0.0,0.0,0.0,3.0,730.0,243.33333333333334,3.0,17.666666666666668,20,76.33333333333333,0.0,3,5.0,0.0,3.0,0.0,243.33333333333334,0
PRV52676,0.0,0.0,0.0,0.0,39.0,9800.0,251.28205128205127,34.0,18.558823529411764,22,77.0,0.0,34,74.0,0.0,39.0,0.0,251.28205128205127,0
PRV52677,0.0,0.0,0.0,0.0,2.0,140.0,70.0,2.0,18.5,19,81.0,0.0,2,3.0,0.0,2.0,0.0,70.0,0
PRV52678,0.0,0.0,0.0,0.0,74.0,24930.0,336.8918918918919,51.0,17.0,22,74.76470588235294,0.0,51,170.0,0.0,74.0,0.0,336.8918918918919,0
PRV52679,0.0,0.0,0.0,0.0,53.0,16100.0,303.77358490566036,36.0,18.11111111111111,22,72.94444444444444,0.0,36,108.0,0.0,53.0,0.0,303.77358490566036,0
PRV52681,0.0,0.0,0.0,0.0,3.0,460.0,153.33333333333334,3.0,16.333333333333332,18,60.666666666666664,0.0,3,3.0,0.0,3.0,0.0,153.33333333333334,0
PRV52683,0.0,0.0,0.0,0.0,131.0,33240.0,253.74045801526717,66.0,18.136363636363637,22,74.24242424242425,0.015151515151515152,66,237.0,0.0,131.0,0.0,253.74045801526717,0
PRV52684,5.0,66000.0,13200.0,5.0,205.0,64040.0,312.390243902439,105.0,18.13888888888889,22,73.39814814814815,0.0,108,376.0,4.0,210.0,0.023809523809523808,619.2380952380952,0
PRV52686,0.0,0.0,0.0,0.0,9.0,1120.0,124.44444444444444,8.0,17.625,20,74.625,0.125,8,27.0,0.0,9.0,0.0,124.44444444444444,0
PRV52687,6.0,56000.0,9333.333333333334,5.0,35.0,5920.0,169.14285714285714,20.0,18.2,22,71.92,0.04,25,119.0,5.0,41.0,0.14634146341463414,1510.2439024390244,0
PRV52688,6.0,99000.0,16500.0,5.0,53.0,16670.0,314.52830188679246,28.0,17.533333333333335,22,74.16666666666667,0.0,30,159.0,3.0,59.0,0.1016949152542373,1960.5084745762713,0
PRV52689,0.0,0.0,0.0,0.0,12.0,1330.0,110.83333333333333,12.0,17.916666666666668,20,76.0,0.0,12,22.0,0.0,12.0,0.0,110.83333333333333,0
PRV52690,0.0,0.0,0.0,0.0,117.0,52510.0,448.8034188034188,37.0,17.594594594594593,22,74.91891891891892,0.0,37,219.0,0.0,117.0,0.0,448.8034188034188,1
PRV52691,3.0,20000.0,6666.666666666667,3.0,14.0,2380.0,170.0,12.0,17.4,22,73.13333333333334,0.0,15,52.0,2.0,17.0,0.17647058823529413,1316.4705882352941,0
PRV52692,0.0,0.0,0.0,0.0,36.0,9640.0,267.77777777777777,18.0,17.72222222222222,22,69.27777777777777,0.0,18,86.0,0.0,36.0,0.0,267.77777777777777,0
PRV52693,0.0,0.0,0.0,0.0,8.0,3920.0,490.0,8.0,17.625,21,70.625,0.0,8,19.0,0.0,8.0,0.0,490.0,0
PRV52694,0.0,0.0,0.0,0.0,2.0,110.0,55.0,2.0,20.0,21,64.0,0.0,2,4.0,0.0,2.0,0.0,55.0,0
PRV52695,0.0,0.0,0.0,0.0,5.0,200.0,40.0,5.0,17.4,22,75.0,0.0,5,14.0,0.0,5.0,0.0,40.0,0
PRV52696,3.0,96000.0,32000.0,3.0,0.0,0.0,0.0,0.0,18.333333333333332,21,75.33333333333333,0.0,3,27.0,4.0,3.0,1.0,32000.0,0
PRV52697,0.0,0.0,0.0,0.0,5.0,650.0,130.0,5.0,16.0,19,82.2,0.0,5,11.0,0.0,5.0,0.0,130.0,0
PRV52698,1.0,7000.0,7000.0,1.0,122.0,34770.0,285.0,55.0,18.196428571428573,22,76.48214285714286,0.03571428571428571,56,241.0,2.0,123.0,0.008130081300813009,339.5934959349593,0
PRV52699,1.0,9000.0,9000.0,1.0,11.0,4150.0,377.27272727272725,10.0,17.181818181818183,22,70.9090909090909,0.0,11,37.0,0.0,12.0,0.08333333333333333,1095.8333333333333,0
PRV52700,0.0,0.0,0.0,0.0,30.0,12300.0,410.0,16.0,18.75,22,78.5,0.0,16,73.0,1.0,30.0,0.0,410.0,0
PRV52701,0.0,0.0,0.0,0.0,96.0,25610.0,266.7708333333333,55.0,17.745454545454546,22,71.96363636363637,0.0,55,184.0,0.0,96.0,0.0,266.7708333333333,0
PRV52702,0.0,0.0,0.0,0.0,28.0,6750.0,241.07142857142858,24.0,17.125,21,75.75,0.0,24,62.0,0.0,28.0,0.0,241.07142857142858,0
PRV52703,0.0,0.0,0.0,0.0,4.0,2700.0,675.0,4.0,18.5,20,80.75,0.0,4,11.0,0.0,4.0,0.0,675.0,0
PRV52704,0.0,0.0,0.0,0.0,159.0,51790.0,325.72327044025155,73.0,17.684931506849313,22,72.72602739726027,0.0136986301369863,73,270.0,0.0,159.0,0.0,325.72327044025155,0
PRV52706,2.0,25000.0,12500.0,2.0,24.0,8190.0,341.25,23.0,17.72,21,74.48,0.0,25,60.0,3.0,26.0,0.07692307692307693,1276.5384615384614,0
PRV52708,5.0,32000.0,6400.0,4.0,26.0,8400.0,323.0769230769231,11.0,17.833333333333332,22,74.5,0.0,12,89.0,2.0,31.0,0.16129032258064516,1303.225806451613,0
PRV52709,0.0,0.0,0.0,0.0,13.0,2220.0,170.76923076923077,4.0,17.75,20,78.5,0.0,4,27.0,0.0,13.0,0.0,170.76923076923077,0
PRV52710,0.0,0.0,0.0,0.0,28.0,4410.0,157.5,26.0,18.153846153846153,22,69.11538461538461,0.0,26,51.0,0.0,28.0,0.0,157.5,0
PRV52711,0.0,0.0,0.0,0.0,28.0,9110.0,325.35714285714283,18.0,17.944444444444443,21,67.11111111111111,0.0,18,67.0,0.0,28.0,0.0,325.35714285714283,0
PRV52713,0.0,0.0,0.0,0.0,60.0,14260.0,237.66666666666666,21.0,18.0,22,72.0952380952381,0.0,21,103.0,0.0,60.0,0.0,237.66666666666666,0
PRV52714,0.0,0.0,0.0,0.0,5.0,710.0,142.0,5.0,17.0,19,65.4,0.0,5,9.0,0.0,5.0,0.0,142.0,0
PRV52715,0.0,0.0,0.0,0.0,3.0,200.0,66.66666666666667,3.0,17.0,19,77.33333333333333,0.0,3,8.0,0.0,3.0,0.0,66.66666666666667,0
PRV52717,20.0,185000.0,9250.0,18.0,109.0,26130.0,239.72477064220183,78.0,17.804597701149426,22,71.93103448275862,0.011494252873563218,87,282.0,13.0,129.0,0.15503875968992248,1636.6666666666667,0
PRV52719,0.0,0.0,0.0,0.0,63.0,10840.0,172.06349206349208,33.0,18.636363636363637,22,73.87878787878788,0.030303030303030304,33,125.0,0.0,63.0,0.0,172.06349206349208,0
PRV52720,0.0,0.0,0.0,0.0,50.0,15050.0,301.0,24.0,17.625,22,74.625,0.0,24,96.0,0.0,50.0,0.0,301.0,0
PRV52721,0.0,0.0,0.0,0.0,7.0,1810.0,258.57142857142856,7.0,17.142857142857142,21,72.71428571428571,0.0,7,18.0,0.0,7.0,0.0,258.57142857142856,0
PRV52722,9.0,76000.0,8444.444444444445,8.0,274.0,71380.0,260.5109489051095,119.0,18.294117647058822,22,74.78991596638656,0.01680672268907563,119,465.0,8.0,283.0,0.03180212014134275,520.7773851590106,0
PRV52723,18.0,169000.0,9388.888888888889,16.0,163.0,50760.0,311.41104294478527,88.0,17.56989247311828,22,73.2258064516129,0.0,93,383.0,11.0,181.0,0.09944751381215469,1214.1436464088397,0
PRV52724,0.0,0.0,0.0,0.0,24.0,5040.0,210.0,17.0,18.41176470588235,22,72.58823529411765,0.0,17,52.0,1.0,24.0,0.0,210.0,0
PRV52725,0.0,0.0,0.0,0.0,42.0,18850.0,448.8095238095238,40.0,17.5,22,73.575,0.025,40,90.0,0.0,42.0,0.0,448.8095238095238,0
PRV52726,0.0,0.0,0.0,0.0,2.0,380.0,190.0,2.0,19.0,21,79.5,0.0,2,8.0,0.0,2.0,0.0,190.0,0
PRV52727,0.0,0.0,0.0,0.0,12.0,2650.0,220.83333333333334,10.0,18.1,21,79.4,0.0,10,36.0,0.0,12.0,0.0,220.83333333333334,0
PRV52728,0.0,0.0,0.0,0.0,15.0,3140.0,209.33333333333334,12.0,17.833333333333332,21,69.41666666666667,0.08333333333333333,12,20.0,0.0,15.0,0.0,209.33333333333334,0
PRV52729,0.0,0.0,0.0,0.0,2.0,500.0,250.0,2.0,16.5,18,82.0,0.0,2,12.0,0.0,2.0,0.0,250.0,0
PRV52731,0.0,0.0,0.0,0.0,23.0,4410.0,191.7391304347826,13.0,17.846153846153847,20,74.15384615384616,0.07692307692307693,13,50.0,0.0,23.0,0.0,191.7391304347826,0
PRV52732,0.0,0.0,0.0,0.0,10.0,2490.0,249.0,6.0,17.333333333333332,19,72.5,0.0,6,25.0,0.0,10.0,0.0,249.0,0
PRV52733,0.0,0.0,0.0,0.0,1.0,30.0,30.0,1.0,17.0,17,76.0,0.0,1,3.0,0.0,1.0,0.0,30.0,0
PRV52736,0.0,0.0,0.0,0.0,1.0,50.0,50.0,1.0,21.0,21,87.0,0.0,1,3.0,0.0,1.0,0.0,50.0,0
PRV52738,0.0,0.0,0.0,0.0,62.0,17660.0,284.83870967741933,49.0,17.46938775510204,22,73.3061224489796,0.02040816326530612,49,132.0,0.0,62.0,0.0,284.83870967741933,0
PRV52739,0.0,0.0,0.0,0.0,53.0,11400.0,215.0943396226415,39.0,17.384615384615383,22,73.6923076923077,0.0,39,126.0,0.0,53.0,0.0,215.0943396226415,0
PRV52740,0.0,0.0,0.0,0.0,34.0,6310.0,185.58823529411765,18.0,18.0,22,73.22222222222223,0.0,18,64.0,0.0,34.0,0.0,185.58823529411765,0
PRV52741,0.0,0.0,0.0,0.0,2.0,80.0,40.0,2.0,20.5,21,71.5,0.0,2,6.0,0.0,2.0,0.0,40.0,0
PRV52742,0.0,0.0,0.0,0.0,6.0,1270.0,211.66666666666666,3.0,18.0,22,76.0,0.0,3,21.0,0.0,6.0,0.0,211.66666666666666,0
PRV52743,0.0,0.0,0.0,0.0,6.0,2070.0,345.0,6.0,16.166666666666668,19,74.5,0.16666666666666666,6,25.0,0.0,6.0,0.0,345.0,0
PRV52744,0.0,0.0,0.0,0.0,2.0,400.0,200.0,2.0,17.5,20,74.5,0.0,2,4.0,0.0,2.0,0.0,200.0,0
PRV52745,0.0,0.0,0.0,0.0,156.0,47020.0,301.4102564102564,152.0,17.460526315789473,22,74.19736842105263,0.006578947368421052,152,248.0,0.0,156.0,0.0,301.4102564102564,0
PRV52746,0.0,0.0,0.0,0.0,1.0,50.0,50.0,1.0,16.0,16,77.0,0.0,1,1.0,0.0,1.0,0.0,50.0,0
PRV52747,0.0,0.0,0.0,0.0,21.0,7520.0,358.0952380952381,21.0,17.476190476190474,20,76.42857142857143,0.0,21,51.0,0.0,21.0,0.0,358.0952380952381,0
PRV52748,0.0,0.0,0.0,0.0,10.0,610.0,61.0,10.0,16.6,19,73.7,0.0,10,21.0,0.0,10.0,0.0,61.0,0
PRV52750,0.0,0.0,0.0,0.0,26.0,10700.0,411.53846153846155,26.0,16.96153846153846,22,71.3076923076923,0.0,26,58.0,0.0,26.0,0.0,411.53846153846155,0
PRV52751,0.0,0.0,0.0,0.0,3.0,300.0,100.0,3.0,18.0,19,77.0,0.0,3,7.0,0.0,3.0,0.0,100.0,0
PRV52752,0.0,0.0,0.0,0.0,2.0,560.0,280.0,2.0,13.5,14,83.5,0.0,2,6.0,0.0,2.0,0.0,280.0,0
PRV52753,0.0,0.0,0.0,0.0,2.0,130.0,65.0,2.0,18.5,20,63.5,0.0,2,3.0,0.0,2.0,0.0,65.0,0
PRV52754,0.0,0.0,0.0,0.0,1.0,10.0,10.0,1.0,22.0,22,78.0,0.0,1,3.0,0.0,1.0,0.0,10.0,0
PRV52755,0.0,0.0,0.0,0.0,11.0,5930.0,539.0909090909091,9.0,18.0,21,72.33333333333333,0.0,9,34.0,0.0,11.0,0.0,539.0909090909091,0
PRV52756,0.0,0.0,0.0,0.0,4.0,220.0,55.0,4.0,18.0,22,67.75,0.25,4,9.0,0.0,4.0,0.0,55.0,0
PRV52757,0.0,0.0,0.0,0.0,1.0,50.0,50.0,1.0,18.0,18,80.0,0.0,1,0.0,0.0,1.0,0.0,50.0,0
PRV52758,0.0,0.0,0.0,0.0,4.0,130.0,32.5,4.0,17.75,20,73.75,0.0,4,14.0,0.0,4.0,0.0,32.5,0
PRV52760,0.0,0.0,0.0,0.0,5.0,4070.0,814.0,5.0,18.0,20,73.4,0.0,5,13.0,0.0,5.0,0.0,814.0,0
PRV52761,0.0,0.0,0.0,0.0,11.0,4740.0,430.90909090909093,11.0,18.363636363636363,21,76.81818181818181,0.0,11,21.0,0.0,11.0,0.0,430.90909090909093,0
PRV52763,0.0,0.0,0.0,0.0,1.0,50.0,50.0,1.0,21.0,21,69.0,0.0,1,1.0,0.0,1.0,0.0,50.0,0
PRV52764,0.0,0.0,0.0,0.0,3.0,450.0,150.0,3.0,18.333333333333332,21,73.0,0.0,3,4.0,0.0,3.0,0.0,150.0,0
PRV52766,0.0,0.0,0.0,0.0,11.0,2010.0,182.72727272727272,11.0,18.181818181818183,21,72.45454545454545,0.09090909090909091,11,27.0,0.0,11.0,0.0,182.72727272727272,0
PRV52767,0.0,0.0,0.0,0.0,4.0,690.0,172.5,4.0,18.5,22,82.25,0.0,4,15.0,0.0,4.0,0.0,172.5,0
PRV52768,0.0,0.0,0.0,0.0,25.0,7310.0,292.4,25.0,17.28,22,79.68,0.0,25,38.0,0.0,25.0,0.0,292.4,0
PRV52769,0.0,0.0,0.0,0.0,1.0,40.0,40.0,1.0,19.0,19,84.0,0.0,1,2.0,0.0,1.0,0.0,40.0,0
PRV52770,0.0,0.0,0.0,0.0,7.0,1090.0,155.71428571428572,7.0,18.285714285714285,20,66.14285714285714,0.0,7,12.0,0.0,7.0,0.0,155.71428571428572,0
PRV52771,0.0,0.0,0.0,0.0,4.0,250.0,62.5,4.0,18.25,20,76.5,0.0,4,6.0,0.0,4.0,0.0,62.5,0
PRV52772,0.0,0.0,0.0,0.0,12.0,2050.0,170.83333333333334,12.0,18.833333333333332,21,73.33333333333333,0.0,12,28.0,0.0,12.0,0.0,170.83333333333334,0
PRV52773,0.0,0.0,0.0,0.0,2.0,150.0,75.0,2.0,16.5,17,81.0,0.0,2,4.0,0.0,2.0,0.0,75.0,0
PRV52774,0.0,0.0,0.0,0.0,4.0,300.0,75.0,4.0,17.25,20,84.25,0.0,4,11.0,0.0,4.0,0.0,75.0,0
PRV52775,0.0,0.0,0.0,0.0,7.0,3790.0,541.4285714285714,7.0,16.571428571428573,19,72.14285714285714,0.0,7,18.0,0.0,7.0,0.0,541.4285714285714,0
PRV52777,0.0,0.0,0.0,0.0,2.0,260.0,130.0,2.0,20.0,20,72.5,0.0,2,2.0,0.0,2.0,0.0,130.0,0
PRV52778,0.0,0.0,0.0,0.0,1.0,100.0,100.0,1.0,17.0,17,74.0,0.0,1,3.0,0.0,1.0,0.0,100.0,0
PRV52781,0.0,0.0,0.0,0.0,1.0,100.0,100.0,1.0,20.0,20,69.0,0.0,1,2.0,0.0,1.0,0.0,100.0,0
PRV52782,0.0,0.0,0.0,0.0,10.0,1730.0,173.0,7.0,17.714285714285715,19,74.14285714285714,0.0,7,16.0,0.0,10.0,0.0,173.0,0
PRV52783,0.0,0.0,0.0,0.0,1.0,70.0,70.0,1.0,18.0,18,76.0,0.0,1,2.0,0.0,1.0,0.0,70.0,0
PRV52784,0.0,0.0,0.0,0.0,2.0,270.0,135.0,2.0,20.0,21,78.5,0.0,2,3.0,0.0,2.0,0.0,135.0,0
PRV52785,0.0,0.0,0.0,0.0,1.0,60.0,60.0,1.0,15.0,15,86.0,0.0,1,1.0,0.0,1.0,0.0,60.0,0
PRV52786,0.0,0.0,0.0,0.0,2.0,120.0,60.0,2.0,18.5,21,70.5,0.0,2,3.0,0.0,2.0,0.0,60.0,0
PRV52787,11.0,67000.0,6090.909090909091,11.0,0.0,0.0,0.0,0.0,16.636363636363637,21,71.0,0.0,11,63.0,7.0,11.0,1.0,6090.909090909091,0
PRV52788,0.0,0.0,0.0,0.0,401.0,115280.0,287.48129675810475,373.0,17.447721179624665,22,74.00268096514745,0.002680965147453083,373,596.0,0.0,401.0,0.0,287.48129675810475,0
PRV52789,0.0,0.0,0.0,0.0,38.0,12500.0,328.94736842105266,38.0,18.05263157894737,22,76.07894736842105,0.0,38,85.0,0.0,38.0,0.0,328.94736842105266,0
PRV52790,0.0,0.0,0.0,0.0,28.0,6860.0,245.0,15.0,17.6,21,72.33333333333333,0.06666666666666667,15,67.0,0.0,28.0,0.0,245.0,0
PRV52791,0.0,0.0,0.0,0.0,1.0,200.0,200.0,1.0,13.0,13,78.0,0.0,1,1.0,0.0,1.0,0.0,200.0,0
PRV52792,0.0,0.0,0.0,0.0,5.0,320.0,64.0,5.0,19.0,20,78.0,0.0,5,16.0,0.0,5.0,0.0,64.0,0
PRV52793,0.0,0.0,0.0,0.0,17.0,4230.0,248.8235294117647,17.0,17.176470588235293,20,80.52941176470588,0.0,17,44.0,0.0,17.0,0.0,248.8235294117647,0
PRV52794,0.0,0.0,0.0,0.0,1.0,30.0,30.0,1.0,20.0,20,66.0,0.0,1,6.0,0.0,1.0,0.0,30.0,0
PRV52795,0.0,0.0,0.0,0.0,19.0,6150.0,323.6842105263158,13.0,17.153846153846153,22,74.46153846153847,0.0,13,37.0,0.0,19.0,0.0,323.6842105263158,0
PRV52796,0.0,0.0,0.0,0.0,48.0,16690.0,347.7083333333333,16.0,18.125,22,66.25,0.0625,16,116.0,0.0,48.0,0.0,347.7083333333333,0
PRV52797,0.0,0.0,0.0,0.0,1.0,300.0,300.0,1.0,19.0,19,67.0,0.0,1,2.0,0.0,1.0,0.0,300.0,0
PRV52798,0.0,0.0,0.0,0.0,56.0,18160.0,324.2857142857143,38.0,18.0,22,79.23684210526316,0.0,38,104.0,0.0,56.0,0.0,324.2857142857143,0
PRV52799,0.0,0.0,0.0,0.0,2.0,150.0,75.0,2.0,18.0,19,73.0,0.0,2,4.0,0.0,2.0,0.0,75.0,0
PRV52800,0.0,0.0,0.0,0.0,8.0,1890.0,236.25,6.0,17.5,19,67.16666666666667,0.0,6,16.0,0.0,8.0,0.0,236.25,0
PRV52801,0.0,0.0,0.0,0.0,31.0,10510.0,339.03225806451616,22.0,17.727272727272727,22,76.31818181818181,0.09090909090909091,22,62.0,0.0,31.0,0.0,339.03225806451616,0
PRV52803,2.0,9000.0,4500.0,2.0,0.0,0.0,0.0,0.0,15.5,18,72.5,0.0,2,13.0,0.0,2.0,1.0,4500.0,0
PRV52804,1.0,36000.0,36000.0,1.0,0.0,0.0,0.0,0.0,19.0,19,84.0,0.0,1,4.0,2.0,1.0,1.0,36000.0,0
PRV52806,2.0,16000.0,8000.0,2.0,0.0,0.0,0.0,0.0,17.0,20,72.5,0.0,2,16.0,2.0,2.0,1.0,8000.0,0
PRV52807,2.0,17000.0,8500.0,2.0,0.0,0.0,0.0,0.0,14.0,15,83.5,0.0,2,17.0,2.0,2.0,1.0,8500.0,0
PRV52808,4.0,31000.0,7750.0,4.0,1.0,80.0,80.0,1.0,17.4,20,73.8,0.0,5,32.0,3.0,5.0,0.8,6216.0,0
PRV52810,6.0,76000.0,12666.666666666666,6.0,0.0,0.0,0.0,0.0,17.166666666666668,20,72.66666666666667,0.0,6,44.0,7.0,6.0,1.0,12666.666666666666,0
PRV52813,17.0,142000.0,8352.941176470587,15.0,0.0,0.0,0.0,0.0,16.466666666666665,20,74.86666666666666,0.0,15,112.0,13.0,17.0,1.0,8352.941176470587,0
PRV52814,2.0,6000.0,3000.0,2.0,0.0,0.0,0.0,0.0,15.5,16,74.5,0.0,2,16.0,1.0,2.0,1.0,3000.0,0
PRV52815,26.0,390000.0,15000.0,24.0,0.0,0.0,0.0,0.0,15.75,20,80.08333333333333,0.041666666666666664,24,125.0,13.0,26.0,1.0,15000.0,1
PRV52816,1.0,3000.0,3000.0,1.0,0.0,0.0,0.0,0.0,15.0,15,40.0,0.0,1,9.0,0.0,1.0,1.0,3000.0,0
PRV52818,0.0,0.0,0.0,0.0,39.0,9730.0,249.48717948717947,35.0,17.0,20,72.0,0.0,35,97.0,0.0,39.0,0.0,249.48717948717947,0
PRV52820,0.0,0.0,0.0,0.0,32.0,6510.0,203.4375,30.0,17.1,22,75.63333333333334,0.03333333333333333,30,73.0,0.0,32.0,0.0,203.4375,0
PRV52821,173.0,1661000.0,9601.156069364162,131.0,540.0,161970.0,299.94444444444446,314.0,17.838046272493575,22,73.04627249357327,0.007712082262210797,389,1114.0,75.0,713.0,0.2426367461430575,2556.760168302945,1
PRV52822,0.0,0.0,0.0,0.0,135.0,43480.0,322.0740740740741,97.0,17.876288659793815,22,72.81443298969072,0.010309278350515464,97,242.0,0.0,135.0,0.0,322.0740740740741,0
PRV52823,7.0,46000.0,6571.428571428572,7.0,80.0,19100.0,238.75,63.0,17.3,22,71.52857142857142,0.02857142857142857,70,205.0,5.0,87.0,0.08045977011494253,748.2758620689655,0
PRV52824,0.0,0.0,0.0,0.0,42.0,8740.0,208.0952380952381,39.0,17.025641025641026,21,69.53846153846153,0.0,39,92.0,0.0,42.0,0.0,208.0952380952381,0
PRV52825,0.0,0.0,0.0,0.0,22.0,5870.0,266.8181818181818,21.0,17.666666666666668,22,76.61904761904762,0.0,21,62.0,0.0,22.0,0.0,266.8181818181818,0
PRV52826,0.0,0.0,0.0,0.0,292.0,101600.0,347.94520547945206,103.0,17.718446601941746,22,72.53398058252426,0.0,103,468.0,0.0,292.0,0.0,347.94520547945206,1
PRV52827,0.0,0.0,0.0,0.0,804.0,282060.0,350.82089552238807,296.0,18.06418918918919,22,74.84797297297297,0.010135135135135136,296,984.0,1.0,804.0,0.0,350.82089552238807,0
PRV52828,23.0,212000.0,9217.391304347826,20.0,21.0,9050.0,430.95238095238096,18.0,17.68421052631579,22,70.94736842105263,0.02631578947368421,38,162.0,11.0,44.0,0.5227272727272727,5023.863636363636,1
PRV52829,6.0,40000.0,6666.666666666667,6.0,527.0,186800.0,354.4592030360531,320.0,18.049079754601227,22,72.79447852760737,0.012269938650306749,326,736.0,3.0,533.0,0.01125703564727955,425.515947467167,0
PRV52830,0.0,0.0,0.0,0.0,34.0,7250.0,213.23529411764707,28.0,17.964285714285715,22,70.42857142857143,0.0,28,77.0,0.0,34.0,0.0,213.23529411764707,0
PRV52831,20.0,246000.0,12300.0,19.0,11.0,1920.0,174.54545454545453,11.0,16.82758620689655,21,74.48275862068965,0.0,29,136.0,22.0,31.0,0.6451612903225806,7997.419354838709,0
PRV52832,0.0,0.0,0.0,0.0,31.0,10180.0,328.38709677419354,30.0,17.866666666666667,22,74.33333333333333,0.0,30,61.0,0.0,31.0,0.0,328.38709677419354,0
PRV52833,4.0,26000.0,6500.0,4.0,10.0,1460.0,146.0,8.0,16.833333333333332,21,73.66666666666667,0.08333333333333333,12,60.0,4.0,14.0,0.2857142857142857,1961.4285714285713,0
PRV52835,11.0,128000.0,11636.363636363636,11.0,46.0,12360.0,268.69565217391306,46.0,17.649122807017545,22,76.26315789473684,0.03508771929824561,57,159.0,6.0,57.0,0.19298245614035087,2462.4561403508774,0
PRV52836,5.0,51000.0,10200.0,5.0,16.0,2680.0,167.5,16.0,16.35,19,72.0,0.0,20,66.0,3.0,21.0,0.23809523809523808,2556.190476190476,0
PRV52837,2.0,22000.0,11000.0,2.0,69.0,9930.0,143.91304347826087,57.0,17.93220338983051,22,71.28813559322033,0.0,59,153.0,1.0,71.0,0.028169014084507043,449.71830985915494,0
PRV52838,0.0,0.0,0.0,0.0,83.0,25230.0,303.9759036144578,61.0,17.360655737704917,22,72.04918032786885,0.0,61,175.0,0.0,83.0,0.0,303.9759036144578,0
PRV52839,0.0,0.0,0.0,0.0,33.0,12290.0,372.42424242424244,30.0,17.266666666666666,21,72.23333333333333,0.0,30,84.0,0.0,33.0,0.0,372.42424242424244,0
PRV52841,1.0,13000.0,13000.0,1.0,2.0,320.0,160.0,2.0,19.0,20,79.0,0.0,3,16.0,1.0,3.0,0.3333333333333333,4440.0,0
PRV52842,24.0,286000.0,11916.666666666666,24.0,421.0,110510.0,262.4940617577197,246.0,17.874524714828897,22,72.1596958174905,0.0076045627376425855,263,678.0,18.0,445.0,0.05393258426966292,891.0337078651686,0
PRV52843,47.0,543000.0,11553.191489361701,42.0,204.0,49160.0,240.98039215686273,155.0,17.652631578947368,22,72.25263157894737,0.005263157894736842,190,514.0,30.0,251.0,0.18725099601593626,2359.203187250996,1
PRV52844,2.0,13000.0,6500.0,2.0,127.0,33950.0,267.3228346456693,110.0,18.196428571428573,22,72.36607142857143,0.0,112,247.0,0.0,129.0,0.015503875968992248,363.95348837209303,0
PRV52845,8.0,218000.0,27250.0,8.0,223.0,50340.0,225.73991031390133,129.0,17.94890510948905,22,73.77372262773723,0.0072992700729927005,137,403.0,6.0,231.0,0.03463203463203463,1161.6450216450216,0
PRV52846,175.0,2099830.0,11999.028571428571,164.0,66.0,17180.0,260.3030303030303,60.0,16.986486486486488,22,72.61711711711712,0.013513513513513514,222,628.0,79.0,241.0,0.7261410788381742,8784.273858921162,1
PRV52847,62.0,611000.0,9854.838709677419,47.0,30.0,6430.0,214.33333333333334,28.0,17.133333333333333,22,74.64,0.013333333333333334,75,343.0,34.0,92.0,0.6739130434782609,6711.195652173913,1
PRV52848,0.0,0.0,0.0,0.0,25.0,5280.0,211.2,25.0,17.84,22,77.48,0.0,25,63.0,0.0,25.0,0.0,211.2,0
PRV52849,2.0,43000.0,21500.0,2.0,12.0,2780.0,231.66666666666666,11.0,17.076923076923077,22,71.15384615384616,0.0,13,44.0,3.0,14.0,0.14285714285714285,3270.0,0
PRV52850,1.0,16000.0,16000.0,1.0,145.0,32470.0,223.93103448275863,51.0,17.557692307692307,21,73.9423076923077,0.0,52,301.0,1.0,146.0,0.00684931506849315,331.986301369863,0
PRV52851,8.0,61000.0,7625.0,8.0,29.0,6460.0,222.75862068965517,27.0,17.114285714285714,21,70.97142857142858,0.0,35,128.0,7.0,37.0,0.21621621621621623,1823.2432432432433,0
PRV52853,0.0,0.0,0.0,0.0,29.0,11050.0,381.0344827586207,24.0,17.625,22,74.25,0.0,24,77.0,0.0,29.0,0.0,381.0344827586207,0
PRV52855,3.0,25000.0,8333.333333333334,3.0,19.0,6800.0,357.89473684210526,19.0,17.363636363636363,22,77.63636363636364,0.045454545454545456,22,55.0,2.0,22.0,0.13636363636363635,1445.4545454545455,0
PRV52857,6.0,54000.0,9000.0,6.0,453.0,142310.0,314.1501103752759,175.0,18.235955056179776,22,71.86516853932584,0.016853932584269662,178,680.0,2.0,459.0,0.013071895424836602,427.69063180827885,0
PRV52858,14.0,143000.0,10214.285714285714,13.0,66.0,21760.0,329.6969696969697,64.0,16.90909090909091,21,75.22077922077922,0.012987012987012988,77,232.0,13.0,80.0,0.175,2059.5,0
PRV52859,0.0,0.0,0.0,0.0,911.0,287930.0,316.059275521405,441.0,17.829931972789115,22,73.9546485260771,0.006802721088435374,441,1086.0,0.0,911.0,0.0,316.059275521405,0
PRV52860,0.0,0.0,0.0,0.0,393.0,107830.0,274.3765903307888,149.0,18.21476510067114,22,73.18791946308725,0.020134228187919462,149,562.0,0.0,393.0,0.0,274.3765903307888,1
PRV52861,0.0,0.0,0.0,0.0,14.0,1770.0,126.42857142857143,14.0,18.071428571428573,20,64.92857142857143,0.0,14,30.0,0.0,14.0,0.0,126.42857142857143,0
PRV52862,56.0,431000.0,7696.428571428572,48.0,20.0,1660.0,83.0,19.0,17.253731343283583,22,72.16417910447761,0.029850746268656716,67,268.0,27.0,76.0,0.7368421052631579,5692.894736842105,0
PRV52863,0.0,0.0,0.0,0.0,52.0,14650.0,281.7307692307692,29.0,18.379310344827587,22,71.34482758620689,0.0,29,101.0,0.0,52.0,0.0,281.7307692307692,0
PRV52864,0.0,0.0,0.0,0.0,28.0,12870.0,459.64285714285717,22.0,17.136363636363637,22,71.22727272727273,0.0,22,66.0,0.0,28.0,0.0,459.64285714285717,0
PRV52865,6.0,70000.0,11666.666666666666,6.0,60.0,12790.0,213.16666666666666,51.0,17.63157894736842,22,71.14035087719299,0.0,57,159.0,3.0,66.0,0.09090909090909091,1254.3939393939395,0
PRV52868,42.0,413000.0,9833.333333333334,33.0,68.0,21120.0,310.5882352941176,61.0,17.86021505376344,22,70.41935483870968,0.0,93,310.0,25.0,110.0,0.38181818181818183,3946.5454545454545,1
PRV52869,7.0,82000.0,11714.285714285714,7.0,55.0,12120.0,220.36363636363637,43.0,18.6,22,73.12,0.0,50,143.0,7.0,62.0,0.11290322580645161,1518.0645161290322,0
PRV52870,35.0,290300.0,8294.285714285714,25.0,554.0,163080.0,294.3682310469314,215.0,17.70909090909091,22,72.5409090909091,0.013636363636363636,220,860.0,22.0,589.0,0.059422750424448216,769.7453310696095,1
PRV52872,0.0,0.0,0.0,0.0,108.0,47710.0,441.75925925925924,102.0,17.774509803921568,22,73.17647058823529,0.0196078431372549,102,205.0,0.0,108.0,0.0,441.75925925925924,0
PRV52873,0.0,0.0,0.0,0.0,69.0,16500.0,239.1304347826087,56.0,17.946428571428573,22,76.58928571428571,0.0,56,130.0,0.0,69.0,0.0,239.1304347826087,0
PRV52875,0.0,0.0,0.0,0.0,12.0,1540.0,128.33333333333334,12.0,17.75,22,77.91666666666667,0.0,12,26.0,0.0,12.0,0.0,128.33333333333334,0
PRV52876,18.0,178000.0,9888.888888888889,17.0,55.0,17980.0,326.90909090909093,49.0,17.015151515151516,22,74.5909090909091,0.0,66,206.0,18.0,73.0,0.2465753424657534,2684.6575342465753,0
PRV52877,0.0,0.0,0.0,0.0,19.0,2450.0,128.94736842105263,19.0,17.526315789473685,22,78.3157894736842,0.0,19,40.0,0.0,19.0,0.0,128.94736842105263,0
PRV52878,0.0,0.0,0.0,0.0,27.0,11700.0,433.3333333333333,25.0,18.32,22,75.2,0.0,25,79.0,0.0,27.0,0.0,433.3333333333333,0
PRV52879,0.0,0.0,0.0,0.0,120.0,26880.0,224.0,56.0,17.892857142857142,22,73.64285714285714,0.017857142857142856,56,231.0,0.0,120.0,0.0,224.0,0
PRV52880,3.0,18000.0,6000.0,3.0,17.0,1560.0,91.76470588235294,17.0,17.789473684210527,21,76.6842105263158,0.0,19,53.0,1.0,20.0,0.15,978.0,0
PRV52881,20.0,142500.0,7125.0,20.0,282.0,69010.0,244.7163120567376,209.0,17.493333333333332,22,73.75111111111111,0.0044444444444444444,225,497.0,13.0,302.0,0.06622516556291391,700.364238410596,0
PRV52882,0.0,0.0,0.0,0.0,41.0,14960.0,364.8780487804878,32.0,17.34375,22,73.8125,0.0,32,104.0,0.0,41.0,0.0,364.8780487804878,0
PRV52884,0.0,0.0,0.0,0.0,707.0,237930.0,336.53465346534654,213.0,18.211267605633804,22,73.22535211267606,0.0,213,899.0,0.0,707.0,0.0,336.53465346534654,1
PRV52886,0.0,0.0,0.0,0.0,70.0,24030.0,343.2857142857143,41.0,18.29268292682927,22,74.53658536585365,0.04878048780487805,41,131.0,0.0,70.0,0.0,343.2857142857143,0
PRV52887,23.0,259010.0,11261.304347826086,20.0,507.0,124580.0,245.7199211045365,192.0,18.014851485148515,22,72.8019801980198,0.0049504950495049506,202,755.0,18.0,530.0,0.04339622641509434,723.7547169811321,1
PRV52889,31.0,229000.0,7387.096774193548,29.0,609.0,178500.0,293.1034482758621,346.0,17.8099173553719,22,74.13223140495867,0.013774104683195593,363,921.0,20.0,640.0,0.0484375,636.71875,0
PRV52890,4.0,29000.0,7250.0,4.0,18.0,5950.0,330.55555555555554,18.0,17.5,21,68.0909090909091,0.0,22,79.0,4.0,22.0,0.18181818181818182,1588.6363636363637,0
PRV52891,0.0,0.0,0.0,0.0,19.0,2580.0,135.78947368421052,19.0,17.63157894736842,22,71.89473684210526,0.05263157894736842,19,29.0,0.0,19.0,0.0,135.78947368421052,0
PRV52892,7.0,104000.0,14857.142857142857,7.0,29.0,4690.0,161.72413793103448,22.0,17.06896551724138,22,74.34482758620689,0.0,29,118.0,7.0,36.0,0.19444444444444445,3019.1666666666665,0
PRV52893,0.0,0.0,0.0,0.0,362.0,131850.0,364.22651933701655,227.0,17.837004405286343,22,70.8237885462555,0.00881057268722467,227,567.0,0.0,362.0,0.0,364.22651933701655,0
PRV52895,0.0,0.0,0.0,0.0,81.0,26180.0,323.2098765432099,72.0,17.791666666666668,22,71.375,0.041666666666666664,72,167.0,0.0,81.0,0.0,323.2098765432099,0
PRV52896,17.0,266000.0,15647.058823529413,16.0,125.0,34920.0,279.36,86.0,17.77319587628866,22,72.68041237113403,0.010309278350515464,97,307.0,13.0,142.0,0.11971830985915492,2119.154929577465,0
PRV52897,0.0,0.0,0.0,0.0,45.0,9140.0,203.11111111111111,39.0,17.025641025641026,21,73.87179487179488,0.0,39,103.0,0.0,45.0,0.0,203.11111111111111,0
PRV52898,48.0,513000.0,10687.5,45.0,66.0,22930.0,347.42424242424244,64.0,17.14814814814815,22,73.43518518518519,0.018518518518518517,108,312.0,26.0,114.0,0.42105263157894735,4701.140350877193,0
PRV52899,0.0,0.0,0.0,0.0,1.0,30.0,30.0,1.0,18.0,18,66.0,0.0,1,1.0,0.0,1.0,0.0,30.0,0
PRV52901,0.0,0.0,0.0,0.0,85.0,23030.0,270.94117647058823,50.0,18.66,22,75.58,0.0,50,153.0,0.0,85.0,0.0,270.94117647058823,0
PRV52902,21.0,128000.0,6095.238095238095,20.0,25.0,4250.0,170.0,25.0,17.5,22,73.29545454545455,0.0,44,155.0,14.0,46.0,0.45652173913043476,2875.0,0
PRV52903,167.0,1549580.0,9278.922155688622,158.0,33.0,18530.0,561.5151515151515,33.0,16.727748691099478,22,76.53926701570681,0.0,191,559.0,87.0,200.0,0.835,7840.55,1
PRV52904,1.0,10000.0,10000.0,1.0,2.0,230.0,115.0,2.0,16.0,17,68.33333333333333,0.0,3,11.0,0.0,3.0,0.3333333333333333,3410.0,0
PRV52905,0.0,0.0,0.0,0.0,130.0,25440.0,195.69230769230768,58.0,17.948275862068964,22,77.8103448275862,0.017241379310344827,58,236.0,0.0,130.0,0.0,195.69230769230768,0
PRV52907,0.0,0.0,0.0,0.0,183.0,53600.0,292.89617486338796,79.0,17.848101265822784,22,72.87341772151899,0.012658227848101266,79,321.0,0.0,183.0,0.0,292.89617486338796,0
PRV52910,10.0,149000.0,14900.0,9.0,8.0,2600.0,325.0,8.0,18.1875,21,77.5625,0.0,16,71.0,3.0,18.0,0.5555555555555556,8422.222222222223,0
PRV52911,0.0,0.0,0.0,0.0,5.0,2060.0,412.0,5.0,18.8,22,79.8,0.0,5,10.0,0.0,5.0,0.0,412.0,0
PRV52912,1.0,13000.0,13000.0,1.0,15.0,1640.0,109.33333333333333,13.0,18.071428571428573,22,75.21428571428571,0.07142857142857142,14,32.0,1.0,16.0,0.0625,915.0,0
PRV52913,0.0,0.0,0.0,0.0,35.0,11600.0,331.42857142857144,32.0,18.3125,22,71.3125,0.0,32,61.0,0.0,35.0,0.0,331.42857142857144,0
PRV52914,0.0,0.0,0.0,0.0,61.0,17170.0,281.4754098360656,44.0,17.795454545454547,22,73.22727272727273,0.0,44,127.0,0.0,61.0,0.0,281.4754098360656,0
PRV52916,6.0,64000.0,10666.666666666666,6.0,20.0,9130.0,456.5,20.0,17.84,22,71.8,0.0,25,96.0,4.0,26.0,0.23076923076923078,2812.6923076923076,0
PRV52917,0.0,0.0,0.0,0.0,32.0,8870.0,277.1875,21.0,18.142857142857142,21,73.42857142857143,0.0,21,72.0,0.0,32.0,0.0,277.1875,0
PRV52918,13.0,108700.0,8361.538461538461,12.0,9.0,5310.0,590.0,8.0,17.3,22,72.45,0.0,20,102.0,8.0,22.0,0.5909090909090909,5182.272727272727,0
PRV52919,0.0,0.0,0.0,0.0,66.0,14070.0,213.1818181818182,37.0,18.324324324324323,22,67.70270270270271,0.0,37,118.0,0.0,66.0,0.0,213.1818181818182,0
PRV52920,2.0,13000.0,6500.0,2.0,15.0,1530.0,102.0,15.0,18.235294117647058,21,71.6470588235294,0.0,17,53.0,1.0,17.0,0.11764705882352941,854.7058823529412,0
PRV52921,3.0,13000.0,4333.333333333333,3.0,43.0,14450.0,336.04651162790697,40.0,17.209302325581394,22,72.79069767441861,0.046511627906976744,43,111.0,1.0,46.0,0.06521739130434782,596.7391304347826,0
PRV52922,7.0,40000.0,5714.285714285715,5.0,26.0,9510.0,365.7692307692308,19.0,17.208333333333332,21,73.20833333333333,0.0,24,103.0,4.0,33.0,0.21212121212121213,1500.3030303030303,0
PRV52924,3.0,36000.0,12000.0,3.0,10.0,2730.0,273.0,8.0,17.0,18,72.36363636363636,0.0,11,47.0,1.0,13.0,0.23076923076923078,2979.230769230769,0
PRV52925,4.0,29000.0,7250.0,4.0,0.0,0.0,0.0,0.0,15.0,15,81.0,0.0,4,34.0,4.0,4.0,1.0,7250.0,0
PRV52926,4.0,51000.0,12750.0,4.0,13.0,2760.0,212.30769230769232,12.0,16.9375,20,74.8125,0.0,16,56.0,2.0,17.0,0.23529411764705882,3162.3529411764707,0
PRV52928,0.0,0.0,0.0,0.0,41.0,9260.0,225.85365853658536,23.0,17.73913043478261,22,73.0,0.0,23,101.0,0.0,41.0,0.0,225.85365853658536,0
PRV52929,0.0,0.0,0.0,0.0,35.0,6770.0,193.42857142857142,20.0,17.6,22,76.7,0.0,20,62.0,0.0,35.0,0.0,193.42857142857142,0
PRV52930,0.0,0.0,0.0,0.0,127.0,39290.0,309.37007874015745,61.0,17.18032786885246,22,73.31147540983606,0.01639344262295082,61,264.0,0.0,127.0,0.0,309.37007874015745,0
PRV52931,0.0,0.0,0.0,0.0,14.0,3010.0,215.0,14.0,18.142857142857142,21,69.35714285714286,0.0,14,32.0,0.0,14.0,0.0,215.0,0
PRV52932,0.0,0.0,0.0,0.0,40.0,13830.0,345.75,34.0,17.705882352941178,22,70.41176470588235,0.0,34,86.0,0.0,40.0,0.0,345.75,0
PRV52933,4.0,68000.0,17000.0,2.0,4.0,1390.0,347.5,4.0,17.0,18,72.66666666666667,0.0,6,39.0,4.0,8.0,0.5,8673.75,1
PRV52934,0.0,0.0,0.0,0.0,32.0,8730.0,272.8125,18.0,18.38888888888889,22,73.66666666666667,0.0,18,87.0,0.0,32.0,0.0,272.8125,0
PRV52935,0.0,0.0,0.0,0.0,280.0,101800.0,363.57142857142856,85.0,17.941176470588236,22,72.03529411764706,0.011764705882352941,85,450.0,0.0,280.0,0.0,363.57142857142856,0
PRV52936,4.0,24000.0,6000.0,4.0,104.0,20340.0,195.57692307692307,31.0,18.0,22,73.20588235294117,0.0,34,244.0,3.0,108.0,0.037037037037037035,410.55555555555554,0
PRV52937,0.0,0.0,0.0,0.0,24.0,6030.0,251.25,21.0,17.714285714285715,22,73.0,0.0,21,44.0,0.0,24.0,0.0,251.25,0
PRV52938,0.0,0.0,0.0,0.0,3.0,4270.0,1423.3333333333333,3.0,18.0,20,85.66666666666667,0.0,3,9.0,0.0,3.0,0.0,1423.3333333333333,0
PRV52940,0.0,0.0,0.0,0.0,9.0,950.0,105.55555555555556,7.0,17.0,20,72.85714285714286,0.0,7,13.0,0.0,9.0,0.0,105.55555555555556,0
PRV52941,0.0,0.0,0.0,0.0,43.0,13950.0,324.4186046511628,39.0,17.41025641025641,22,72.1025641025641,0.0,39,103.0,0.0,43.0,0.0,324.4186046511628,0
PRV52942,0.0,0.0,0.0,0.0,43.0,10910.0,253.72093023255815,39.0,17.794871794871796,22,77.74358974358974,0.0,39,92.0,0.0,43.0,0.0,253.72093023255815,0
PRV52943,0.0,0.0,0.0,0.0,35.0,6760.0,193.14285714285714,33.0,16.666666666666668,22,75.54545454545455,0.0,33,77.0,0.0,35.0,0.0,193.14285714285714,0
PRV52944,0.0,0.0,0.0,0.0,4.0,4120.0,1030.0,4.0,17.25,19,63.25,0.0,4,9.0,0.0,4.0,0.0,1030.0,0
PRV52945,0.0,0.0,0.0,0.0,46.0,6870.0,149.34782608695653,24.0,18.583333333333332,22,74.83333333333333,0.0,24,101.0,0.0,46.0,0.0,149.34782608695653,0
PRV52948,0.0,0.0,0.0,0.0,106.0,25320.0,238.8679245283019,47.0,17.617021276595743,22,68.95744680851064,0.02127659574468085,47,189.0,0.0,106.0,0.0,238.8679245283019,0
PRV52949,0.0,0.0,0.0,0.0,79.0,27080.0,342.7848101265823,51.0,17.274509803921568,22,70.56862745098039,0.0196078431372549,51,162.0,0.0,79.0,0.0,342.7848101265823,0
PRV52950,0.0,0.0,0.0,0.0,116.0,33830.0,291.63793103448273,64.0,18.140625,22,74.390625,0.0,64,238.0,0.0,116.0,0.0,291.63793103448273,0
PRV52951,0.0,0.0,0.0,0.0,20.0,9980.0,499.0,20.0,17.6,22,75.75,0.0,20,46.0,0.0,20.0,0.0,499.0,0
PRV52952,0.0,0.0,0.0,0.0,1.0,600.0,600.0,1.0,13.0,13,84.0,0.0,1,2.0,0.0,1.0,0.0,600.0,0
PRV52953,0.0,0.0,0.0,0.0,85.0,23580.0,277.4117647058824,61.0,17.672131147540984,22,73.47540983606558,0.0,61,179.0,0.0,85.0,0.0,277.4117647058824,0
PRV52954,0.0,0.0,0.0,0.0,1.0,2100.0,2100.0,1.0,17.0,17,89.0,1.0,1,3.0,0.0,1.0,0.0,2100.0,0
PRV52955,0.0,0.0,0.0,0.0,73.0,14160.0,193.97260273972603,63.0,17.38095238095238,22,74.36507936507937,0.015873015873015872,63,150.0,0.0,73.0,0.0,193.97260273972603,0
PRV52956,0.0,0.0,0.0,0.0,18.0,2110.0,117.22222222222223,9.0,17.666666666666668,22,76.44444444444444,0.0,9,49.0,0.0,18.0,0.0,117.22222222222223,0
PRV52957,0.0,0.0,0.0,0.0,1.0,0.0,0.0,1.0,20.0,20,68.0,0.0,1,1.0,0.0,1.0,0.0,0.0,0
PRV52958,0.0,0.0,0.0,0.0,16.0,2020.0,126.25,15.0,17.6,22,76.13333333333334,0.0,15,26.0,0.0,16.0,0.0,126.25,0
PRV52961,0.0,0.0,0.0,0.0,5.0,320.0,64.0,5.0,17.4,21,64.0,0.0,5,8.0,0.0,5.0,0.0,64.0,0
PRV52962,0.0,0.0,0.0,0.0,14.0,3520.0,251.42857142857142,9.0,17.333333333333332,21,78.22222222222223,0.0,9,39.0,0.0,14.0,0.0,251.42857142857142,0
PRV52963,0.0,0.0,0.0,0.0,9.0,850.0,94.44444444444444,7.0,17.142857142857142,20,80.57142857142857,0.0,7,18.0,0.0,9.0,0.0,94.44444444444444,0
PRV52964,0.0,0.0,0.0,0.0,91.0,27140.0,298.24175824175825,37.0,18.324324324324323,22,72.56756756756756,0.0,37,178.0,0.0,91.0,0.0,298.24175824175825,0
PRV52966,0.0,0.0,0.0,0.0,3.0,710.0,236.66666666666666,3.0,17.333333333333332,20,74.0,0.0,3,4.0,0.0,3.0,0.0,236.66666666666666,0
PRV52970,1.0,4000.0,4000.0,1.0,0.0,0.0,0.0,0.0,13.0,13,76.0,0.0,1,9.0,0.0,1.0,1.0,4000.0,0
PRV52971,3.0,15000.0,5000.0,3.0,0.0,0.0,0.0,0.0,17.0,20,74.33333333333333,0.0,3,21.0,1.0,3.0,1.0,5000.0,0
PRV52972,17.0,220000.0,12941.176470588236,14.0,0.0,0.0,0.0,0.0,16.5,21,68.21428571428571,0.0,14,90.0,12.0,17.0,1.0,12941.176470588236,0
PRV52976,4.0,29000.0,7250.0,4.0,0.0,0.0,0.0,0.0,17.0,21,76.0,0.0,4,23.0,2.0,4.0,1.0,7250.0,0
PRV52978,5.0,59000.0,11800.0,5.0,0.0,0.0,0.0,0.0,16.0,19,73.4,0.0,5,37.0,4.0,5.0,1.0,11800.0,0
PRV52979,6.0,68000.0,11333.333333333334,6.0,0.0,0.0,0.0,0.0,17.0,19,75.0,0.0,6,42.0,4.0,6.0,1.0,11333.333333333334,0
PRV52980,0.0,0.0,0.0,0.0,601.0,142660.0,237.3710482529118,229.0,18.192139737991265,22,74.94323144104804,0.013100436681222707,229,819.0,0.0,601.0,0.0,237.3710482529118,0
PRV52981,0.0,0.0,0.0,0.0,369.0,85830.0,232.60162601626016,149.0,18.355704697986578,22,74.56375838926175,0.013422818791946308,149,524.0,0.0,369.0,0.0,232.60162601626016,0
PRV52982,0.0,0.0,0.0,0.0,643.0,216220.0,336.2674961119751,231.0,18.29004329004329,22,74.39393939393939,0.017316017316017316,231,805.0,1.0,643.0,0.0,336.2674961119751,1
PRV52985,121.0,1361000.0,11247.933884297521,92.0,1282.0,359120.0,280.1248049921997,464.0,17.818,22,74.204,0.008,500,1561.0,63.0,1403.0,0.08624376336421953,1226.0299358517464,1
PRV52986,9.0,124000.0,13777.777777777777,7.0,27.0,8490.0,314.44444444444446,24.0,17.70967741935484,22,73.16129032258064,0.0,31,115.0,10.0,36.0,0.25,3680.277777777778,0
PRV52988,0.0,0.0,0.0,0.0,312.0,76070.0,243.81410256410257,124.0,18.306451612903224,22,74.70967741935483,0.03225806451612903,124,469.0,0.0,312.0,0.0,243.81410256410257,0
PRV52989,70.0,860000.0,12285.714285714286,56.0,107.0,22590.0,211.1214953271028,86.0,17.471014492753625,22,74.94927536231884,0.007246376811594203,138,409.0,40.0,177.0,0.3954802259887006,4986.38418079096,1
PRV52990,22.0,190000.0,8636.363636363636,17.0,57.0,18160.0,318.5964912280702,43.0,17.472727272727273,22,77.83636363636364,0.0,55,238.0,16.0,79.0,0.27848101265822783,2634.9367088607596,1
PRV52991,8.0,87000.0,10875.0,8.0,51.0,16970.0,332.7450980392157,47.0,17.944444444444443,22,75.62962962962963,0.0,54,153.0,5.0,59.0,0.13559322033898305,1762.2033898305085,0
PRV52993,0.0,0.0,0.0,0.0,10.0,3120.0,312.0,9.0,18.22222222222222,22,74.11111111111111,0.0,9,33.0,0.0,10.0,0.0,312.0,0
PRV52996,0.0,0.0,0.0,0.0,37.0,11510.0,311.0810810810811,30.0,17.433333333333334,22,76.16666666666667,0.0,30,79.0,0.0,37.0,0.0,311.0810810810811,0
PRV52998,15.0,147300.0,9820.0,13.0,18.0,3890.0,216.11111111111111,16.0,17.571428571428573,22,74.10714285714286,0.03571428571428571,28,130.0,9.0,33.0,0.45454545454545453,4581.515151515152,0
PRV52999,8.0,57000.0,7125.0,6.0,48.0,16210.0,337.7083333333333,46.0,17.41176470588235,22,75.94117647058823,0.0196078431372549,51,139.0,7.0,56.0,0.14285714285714285,1307.3214285714287,0
PRV53000,0.0,0.0,0.0,0.0,703.0,200250.0,284.850640113798,469.0,17.82089552238806,22,74.5501066098081,0.006396588486140725,469,911.0,0.0,703.0,0.0,284.850640113798,0
PRV53001,0.0,0.0,0.0,0.0,150.0,45460.0,303.06666666666666,105.0,17.60952380952381,22,73.33333333333333,0.01904761904761905,105,291.0,0.0,150.0,0.0,303.06666666666666,0
PRV53002,0.0,0.0,0.0,0.0,397.0,116040.0,292.29219143576825,134.0,17.828358208955223,22,74.18656716417911,0.0,134,596.0,0.0,397.0,0.0,292.29219143576825,0
PRV53004,0.0,0.0,0.0,0.0,18.0,4310.0,239.44444444444446,16.0,18.1875,22,71.125,0.0,16,37.0,0.0,18.0,0.0,239.44444444444446,0
PRV53005,16.0,160200.0,10012.5,14.0,34.0,8660.0,254.7058823529412,25.0,17.054054054054053,22,77.13513513513513,0.02702702702702703,37,162.0,12.0,50.0,0.32,3377.2,1
PRV53007,37.0,385000.0,10405.405405405405,30.0,59.0,15540.0,263.3898305084746,39.0,17.279411764705884,22,74.80882352941177,0.0,68,298.0,27.0,96.0,0.3854166666666667,4172.291666666667,1
PRV53008,39.0,351000.0,9000.0,35.0,13.0,2600.0,200.0,13.0,16.75,22,73.5625,0.041666666666666664,48,199.0,23.0,52.0,0.75,6800.0,1
PRV53009,5.0,31000.0,6200.0,5.0,32.0,4620.0,144.375,18.0,17.434782608695652,22,75.8695652173913,0.0,23,94.0,1.0,37.0,0.13513513513513514,962.7027027027027,0
PRV53013,0.0,0.0,0.0,0.0,4.0,5030.0,1257.5,4.0,16.0,19,74.25,0.0,4,13.0,0.0,4.0,0.0,1257.5,0
PRV53014,0.0,0.0,0.0,0.0,8.0,1180.0,147.5,8.0,18.75,21,72.125,0.0,8,10.0,0.0,8.0,0.0,147.5,0
PRV53015,0.0,0.0,0.0,0.0,8.0,1120.0,140.0,6.0,17.833333333333332,21,64.66666666666667,0.0,6,25.0,0.0,8.0,0.0,140.0,0
PRV53016,0.0,0.0,0.0,0.0,31.0,16900.0,545.1612903225806,18.0,17.555555555555557,22,69.11111111111111,0.0,18,56.0,0.0,31.0,0.0,545.1612903225806,0
PRV53017,0.0,0.0,0.0,0.0,9.0,1000.0,111.11111111111111,4.0,19.0,22,74.75,0.0,4,20.0,0.0,9.0,0.0,111.11111111111111,0
PRV53018,0.0,0.0,0.0,0.0,41.0,11260.0,274.6341463414634,22.0,19.136363636363637,22,73.0909090909091,0.0,22,84.0,1.0,41.0,0.0,274.6341463414634,0
PRV53019,0.0,0.0,0.0,0.0,15.0,4920.0,328.0,13.0,17.615384615384617,22,71.6923076923077,0.0,13,25.0,0.0,15.0,0.0,328.0,0
PRV53020,0.0,0.0,0.0,0.0,2.0,4500.0,2250.0,2.0,17.0,17,93.0,0.0,2,4.0,0.0,2.0,0.0,2250.0,0
PRV53021,18.0,213000.0,11833.333333333334,15.0,10.0,3950.0,395.0,6.0,16.285714285714285,22,70.57142857142857,0.047619047619047616,21,117.0,12.0,28.0,0.6428571428571429,7748.214285714285,1
PRV53024,2.0,10000.0,5000.0,2.0,24.0,3800.0,158.33333333333334,17.0,17.789473684210527,22,77.10526315789474,0.05263157894736842,19,73.0,1.0,26.0,0.07692307692307693,530.7692307692307,0
PRV53025,0.0,0.0,0.0,0.0,50.0,9460.0,189.2,19.0,18.789473684210527,22,77.6842105263158,0.0,19,109.0,0.0,50.0,0.0,189.2,0
PRV53026,0.0,0.0,0.0,0.0,26.0,6140.0,236.15384615384616,16.0,17.375,22,74.9375,0.0,16,68.0,0.0,26.0,0.0,236.15384615384616,0
PRV53027,0.0,0.0,0.0,0.0,5.0,500.0,100.0,3.0,18.0,19,79.0,0.0,3,15.0,0.0,5.0,0.0,100.0,0
PRV53028,0.0,0.0,0.0,0.0,3.0,300.0,100.0,3.0,18.0,19,80.0,0.0,3,12.0,0.0,3.0,0.0,100.0,0
PRV53029,4.0,38000.0,9500.0,3.0,12.0,2050.0,170.83333333333334,10.0,17.09090909090909,22,72.81818181818181,0.0,11,63.0,5.0,16.0,0.25,2503.125,0
PRV53031,0.0,0.0,0.0,0.0,6.0,1390.0,231.66666666666666,6.0,17.666666666666668,19,79.16666666666667,0.0,6,10.0,0.0,6.0,0.0,231.66666666666666,0
PRV53032,5.0,44000.0,8800.0,4.0,18.0,4310.0,239.44444444444446,15.0,16.42105263157895,20,75.15789473684211,0.0,19,83.0,3.0,23.0,0.21739130434782608,2100.4347826086955,0
PRV53033,2.0,75000.0,37500.0,1.0,0.0,0.0,0.0,0.0,16.0,16,76.0,0.0,1,15.0,0.0,2.0,1.0,37500.0,0
PRV53034,0.0,0.0,0.0,0.0,2.0,3400.0,1700.0,2.0,19.0,22,73.0,0.0,2,5.0,0.0,2.0,0.0,1700.0,0
PRV53035,0.0,0.0,0.0,0.0,34.0,5140.0,151.1764705882353,27.0,18.22222222222222,22,71.44444444444444,0.0,27,68.0,0.0,34.0,0.0,151.1764705882353,0
PRV53036,0.0,0.0,0.0,0.0,122.0,39530.0,324.0163934426229,69.0,17.318840579710145,22,74.84057971014492,0.014492753623188406,69,251.0,0.0,122.0,0.0,324.0163934426229,0
PRV53037,0.0,0.0,0.0,0.0,9.0,4340.0,482.22222222222223,9.0,18.11111111111111,21,75.77777777777777,0.1111111111111111,9,19.0,0.0,9.0,0.0,482.22222222222223,0
PRV53038,0.0,0.0,0.0,0.0,24.0,13310.0,554.5833333333334,7.0,18.0,21,74.28571428571429,0.0,7,54.0,0.0,24.0,0.0,554.5833333333334,0
PRV53040,5.0,51000.0,10200.0,5.0,9.0,800.0,88.88888888888889,8.0,17.23076923076923,20,79.07692307692308,0.0,13,67.0,4.0,14.0,0.35714285714285715,3700.0,0
PRV53042,0.0,0.0,0.0,0.0,39.0,10090.0,258.71794871794873,36.0,17.72222222222222,22,73.16666666666667,0.0,36,102.0,0.0,39.0,0.0,258.71794871794873,0
PRV53043,0.0,0.0,0.0,0.0,61.0,37740.0,618.688524590164,24.0,18.416666666666668,21,73.66666666666667,0.0,24,120.0,0.0,61.0,0.0,618.688524590164,0
PRV53044,0.0,0.0,0.0,0.0,67.0,14460.0,215.82089552238807,49.0,18.142857142857142,22,69.81632653061224,0.0,49,146.0,0.0,67.0,0.0,215.82089552238807,0
PRV53045,0.0,0.0,0.0,0.0,216.0,62730.0,290.4166666666667,78.0,18.397435897435898,22,75.33333333333333,0.02564102564102564,78,394.0,0.0,216.0,0.0,290.4166666666667,0
PRV53047,0.0,0.0,0.0,0.0,79.0,13060.0,165.31645569620252,32.0,18.28125,22,77.5,0.0,32,179.0,0.0,79.0,0.0,165.31645569620252,0
PRV53048,0.0,0.0,0.0,0.0,7.0,5620.0,802.8571428571429,6.0,19.5,22,69.33333333333333,0.0,6,18.0,0.0,7.0,0.0,802.8571428571429,0
PRV53049,0.0,0.0,0.0,0.0,2.0,10.0,5.0,2.0,18.5,19,68.5,0.0,2,5.0,0.0,2.0,0.0,5.0,0
PRV53050,2.0,3000.0,1500.0,2.0,6.0,730.0,121.66666666666667,6.0,17.571428571428573,22,76.42857142857143,0.14285714285714285,7,28.0,1.0,8.0,0.25,466.25,0
PRV53052,1.0,4000.0,4000.0,1.0,8.0,1530.0,191.25,7.0,18.375,21,67.375,0.0,8,31.0,1.0,9.0,0.1111111111111111,614.4444444444445,0
PRV53054,0.0,0.0,0.0,0.0,49.0,10690.0,218.16326530612244,27.0,18.51851851851852,22,71.37037037037037,0.0,27,105.0,0.0,49.0,0.0,218.16326530612244,0
PRV53055,0.0,0.0,0.0,0.0,80.0,22570.0,282.125,28.0,17.928571428571427,21,79.32142857142857,0.0,28,163.0,0.0,80.0,0.0,282.125,0
PRV53056,0.0,0.0,0.0,0.0,35.0,10110.0,288.85714285714283,22.0,18.136363636363637,22,74.68181818181819,0.0,22,74.0,0.0,35.0,0.0,288.85714285714283,0
PRV53057,0.0,0.0,0.0,0.0,53.0,20640.0,389.4339622641509,29.0,18.310344827586206,22,76.3103448275862,0.034482758620689655,29,123.0,0.0,53.0,0.0,389.4339622641509,0
PRV53059,0.0,0.0,0.0,0.0,33.0,16320.0,494.54545454545456,21.0,16.61904761904762,20,78.38095238095238,0.0,21,85.0,0.0,33.0,0.0,494.54545454545456,0
PRV53061,1.0,9000.0,9000.0,1.0,0.0,0.0,0.0,0.0,19.0,19,98.0,0.0,1,9.0,2.0,1.0,1.0,9000.0,0
PRV53062,0.0,0.0,0.0,0.0,4.0,190.0,47.5,4.0,17.25,21,71.75,0.0,4,9.0,0.0,4.0,0.0,47.5,0
PRV53063,2.0,7000.0,3500.0,2.0,2.0,450.0,225.0,2.0,17.75,21,75.5,0.0,4,20.0,1.0,4.0,0.5,1862.5,0
PRV53064,0.0,0.0,0.0,0.0,35.0,6640.0,189.71428571428572,28.0,17.571428571428573,22,74.78571428571429,0.0,28,82.0,0.0,35.0,0.0,189.71428571428572,0
PRV53065,0.0,0.0,0.0,0.0,38.0,6230.0,163.94736842105263,30.0,17.166666666666668,22,70.7,0.0,30,101.0,0.0,38.0,0.0,163.94736842105263,0
PRV53066,0.0,0.0,0.0,0.0,7.0,1220.0,174.28571428571428,5.0,16.4,21,78.6,0.0,5,24.0,0.0,7.0,0.0,174.28571428571428,0
PRV53067,0.0,0.0,0.0,0.0,16.0,4540.0,283.75,14.0,17.714285714285715,21,78.42857142857143,0.0,14,26.0,0.0,16.0,0.0,283.75,0
PRV53069,0.0,0.0,0.0,0.0,11.0,2630.0,239.0909090909091,9.0,18.11111111111111,21,69.88888888888889,0.0,9,26.0,0.0,11.0,0.0,239.0909090909091,0
PRV53070,12.0,111000.0,9250.0,10.0,8.0,530.0,66.25,7.0,16.529411764705884,21,76.58823529411765,0.0,17,83.0,5.0,20.0,0.6,5576.5,0
PRV53071,0.0,0.0,0.0,0.0,28.0,12310.0,439.64285714285717,20.0,17.2,21,73.7,0.0,20,64.0,0.0,28.0,0.0,439.64285714285717,0
PRV53072,0.0,0.0,0.0,0.0,18.0,4990.0,277.22222222222223,18.0,17.5,22,76.11111111111111,0.0,18,36.0,0.0,18.0,0.0,277.22222222222223,0
PRV53073,0.0,0.0,0.0,0.0,14.0,1270.0,90.71428571428571,7.0,17.714285714285715,19,73.28571428571429,0.0,7,36.0,0.0,14.0,0.0,90.71428571428571,0
PRV53074,0.0,0.0,0.0,0.0,178.0,48950.0,275.0,66.0,18.318181818181817,22,77.33333333333333,0.0,66,310.0,0.0,178.0,0.0,275.0,0
PRV53075,0.0,0.0,0.0,0.0,2.0,1780.0,890.0,2.0,19.5,22,73.0,0.0,2,3.0,0.0,2.0,0.0,890.0,0
PRV53076,0.0,0.0,0.0,0.0,105.0,30840.0,293.7142857142857,47.0,17.80851063829787,22,76.08510638297872,0.0,47,202.0,0.0,105.0,0.0,293.7142857142857,0
PRV53077,0.0,0.0,0.0,0.0,124.0,38270.0,308.6290322580645,81.0,18.135802469135804,22,75.44444444444444,0.012345679012345678,81,213.0,0.0,124.0,0.0,308.6290322580645,0
PRV53078,0.0,0.0,0.0,0.0,45.0,10880.0,241.77777777777777,37.0,17.7027027027027,22,72.32432432432432,0.0,37,95.0,0.0,45.0,0.0,241.77777777777777,0
PRV53079,0.0,0.0,0.0,0.0,1.0,50.0,50.0,1.0,19.0,19,67.0,0.0,1,2.0,0.0,1.0,0.0,50.0,0
PRV53081,0.0,0.0,0.0,0.0,9.0,1800.0,200.0,8.0,18.625,22,73.5,0.0,8,18.0,0.0,9.0,0.0,200.0,0
PRV53083,0.0,0.0,0.0,0.0,1.0,10.0,10.0,1.0,13.0,13,85.0,0.0,1,1.0,0.0,1.0,0.0,10.0,0
PRV53084,0.0,0.0,0.0,0.0,1.0,100.0,100.0,1.0,15.0,15,72.0,0.0,1,2.0,0.0,1.0,0.0,100.0,0
PRV53085,0.0,0.0,0.0,0.0,2.0,640.0,320.0,2.0,19.0,22,76.5,0.0,2,5.0,0.0,2.0,0.0,320.0,0
PRV53086,0.0,0.0,0.0,0.0,4.0,1060.0,265.0,4.0,16.0,18,83.25,0.0,4,9.0,0.0,4.0,0.0,265.0,0
PRV53087,0.0,0.0,0.0,0.0,31.0,9580.0,309.03225806451616,16.0,17.5625,22,70.3125,0.0,16,78.0,0.0,31.0,0.0,309.03225806451616,0
PRV53090,0.0,0.0,0.0,0.0,179.0,58850.0,328.7709497206704,71.0,18.08450704225352,22,77.49295774647888,0.028169014084507043,71,310.0,0.0,179.0,0.0,328.7709497206704,0
PRV53091,4.0,19000.0,4750.0,4.0,0.0,0.0,0.0,0.0,15.5,19,79.5,0.0,4,32.0,0.0,4.0,1.0,4750.0,0
PRV53095,2.0,36000.0,18000.0,2.0,2.0,100.0,50.0,2.0,17.0,20,66.75,0.0,4,29.0,1.0,4.0,0.5,9025.0,0
PRV53096,0.0,0.0,0.0,0.0,130.0,53000.0,407.6923076923077,103.0,17.475728155339805,22,72.70873786407768,0.019417475728155338,103,234.0,0.0,130.0,0.0,407.6923076923077,0
PRV53099,0.0,0.0,0.0,0.0,2.0,220.0,110.0,2.0,16.0,18,90.0,0.0,2,5.0,0.0,2.0,0.0,110.0,0
PRV53100,5.0,50000.0,10000.0,5.0,125.0,36880.0,295.04,71.0,17.93243243243243,22,71.87837837837837,0.013513513513513514,74,253.0,3.0,130.0,0.038461538461538464,668.3076923076923,0
PRV53101,2.0,9000.0,4500.0,2.0,6.0,410.0,68.33333333333333,6.0,18.375,21,68.25,0.0,8,23.0,1.0,8.0,0.25,1176.25,0
PRV53102,0.0,0.0,0.0,0.0,19.0,5910.0,311.05263157894734,16.0,16.6875,21,74.0625,0.0,16,54.0,0.0,19.0,0.0,311.05263157894734,0
PRV53103,7.0,77000.0,11000.0,7.0,72.0,11440.0,158.88888888888889,60.0,17.612903225806452,22,71.37096774193549,0.0,62,176.0,4.0,79.0,0.08860759493670886,1119.493670886076,0
PRV53104,28.0,239500.0,8553.57142857143,21.0,52.0,13270.0,255.19230769230768,38.0,17.30909090909091,21,74.6,0.0,55,236.0,18.0,80.0,0.35,3159.625,0
PRV53106,4.0,18000.0,4500.0,2.0,40.0,9140.0,228.5,26.0,17.321428571428573,22,77.07142857142857,0.0,28,98.0,1.0,44.0,0.09090909090909091,616.8181818181819,1
PRV53107,9.0,103000.0,11444.444444444445,9.0,6.0,390.0,65.0,6.0,17.6,21,76.73333333333333,0.0,15,75.0,10.0,15.0,0.6,6892.666666666667,0
PRV53108,5.0,54000.0,10800.0,5.0,43.0,15450.0,359.30232558139534,35.0,17.81081081081081,22,72.62162162162163,0.0,37,143.0,7.0,48.0,0.10416666666666667,1446.875,0
PRV53109,3.0,15800.0,5266.666666666667,2.0,25.0,6490.0,259.6,20.0,17.863636363636363,22,77.18181818181819,0.0,22,74.0,2.0,28.0,0.10714285714285714,796.0714285714286,0
PRV53110,1.0,15000.0,15000.0,1.0,29.0,8280.0,285.51724137931035,21.0,17.61904761904762,22,73.80952380952381,0.0,21,65.0,1.0,30.0,0.03333333333333333,776.0,0
PRV53111,7.0,57000.0,8142.857142857143,6.0,26.0,11750.0,451.9230769230769,23.0,17.551724137931036,22,74.58620689655173,0.0,29,102.0,8.0,33.0,0.21212121212121213,2083.3333333333335,0
PRV53113,0.0,0.0,0.0,0.0,81.0,19320.0,238.5185185185185,61.0,18.21311475409836,22,73.70491803278688,0.0,61,146.0,0.0,81.0,0.0,238.5185185185185,0
PRV53114,14.0,274000.0,19571.428571428572,10.0,15.0,90680.0,6045.333333333333,14.0,16.59090909090909,22,74.5909090909091,0.0,22,109.0,13.0,29.0,0.4827586206896552,12575.172413793103,1
PRV53116,0.0,0.0,0.0,0.0,44.0,8230.0,187.04545454545453,25.0,17.68,21,75.04,0.0,25,124.0,0.0,44.0,0.0,187.04545454545453,0
PRV53117,18.0,127000.0,7055.555555555556,18.0,233.0,88370.0,379.2703862660944,154.0,17.892215568862277,22,74.13173652694611,0.0,167,487.0,8.0,251.0,0.07171314741035857,858.0478087649402,0
PRV53119,3.0,24000.0,8000.0,3.0,15.0,2410.0,160.66666666666666,11.0,18.142857142857142,22,72.42857142857143,0.0,14,41.0,2.0,18.0,0.16666666666666666,1467.2222222222222,1
PRV53120,10.0,101000.0,10100.0,10.0,55.0,14950.0,271.8181818181818,49.0,17.084745762711865,22,76.64406779661017,0.01694915254237288,59,148.0,8.0,65.0,0.15384615384615385,1783.8461538461538,0
PRV53121,48.0,408000.0,8500.0,42.0,531.0,154270.0,290.52730696798494,255.0,17.75627240143369,22,73.87096774193549,0.007168458781362007,279,849.0,28.0,579.0,0.08290155440414508,971.1053540587219,1
PRV53122,0.0,0.0,0.0,0.0,24.0,8070.0,336.25,18.0,18.72222222222222,22,69.27777777777777,0.0,18,48.0,0.0,24.0,0.0,336.25,0
PRV53123,0.0,0.0,0.0,0.0,132.0,45750.0,346.59090909090907,82.0,17.9390243902439,22,72.89024390243902,0.024390243902439025,82,266.0,0.0,132.0,0.0,346.59090909090907,0
PRV53124,20.0,169000.0,8450.0,16.0,45.0,9380.0,208.44444444444446,39.0,16.962264150943398,22,71.45283018867924,0.018867924528301886,53,206.0,14.0,65.0,0.3076923076923077,2744.3076923076924,0
PRV53125,0.0,0.0,0.0,0.0,2.0,500.0,250.0,2.0,18.5,19,59.5,0.0,2,4.0,0.0,2.0,0.0,250.0,0
PRV53126,0.0,0.0,0.0,0.0,34.0,11820.0,347.6470588235294,25.0,17.92,21,76.44,0.0,25,72.0,0.0,34.0,0.0,347.6470588235294,0
PRV53127,1.0,10000.0,10000.0,1.0,98.0,19730.0,201.3265306122449,54.0,18.272727272727273,21,74.76363636363637,0.01818181818181818,55,189.0,1.0,99.0,0.010101010101010102,300.3030303030303,0
PRV53128,1.0,6000.0,6000.0,1.0,32.0,18220.0,569.375,18.0,16.68421052631579,22,69.94736842105263,0.05263157894736842,19,85.0,1.0,33.0,0.030303030303030304,733.939393939394,0
PRV53129,3.0,75000.0,25000.0,3.0,43.0,7550.0,175.58139534883722,36.0,17.564102564102566,22,75.41025641025641,0.0,39,110.0,4.0,46.0,0.06521739130434782,1794.5652173913043,0
PRV53131,6.0,47000.0,7833.333333333333,6.0,7.0,1330.0,190.0,7.0,16.923076923076923,20,70.53846153846153,0.0,13,58.0,4.0,13.0,0.46153846153846156,3717.6923076923076,0
PRV53133,0.0,0.0,0.0,0.0,159.0,46660.0,293.45911949685535,106.0,17.59433962264151,22,74.38679245283019,0.0,106,313.0,0.0,159.0,0.0,293.45911949685535,0
PRV53134,0.0,0.0,0.0,0.0,10.0,4030.0,403.0,8.0,19.25,20,67.375,0.0,8,24.0,0.0,10.0,0.0,403.0,0
PRV53135,7.0,68000.0,9714.285714285714,6.0,0.0,0.0,0.0,0.0,16.166666666666668,18,76.83333333333333,0.0,6,55.0,6.0,7.0,1.0,9714.285714285714,0
PRV53136,7.0,146000.0,20857.14285714286,7.0,36.0,15020.0,417.22222222222223,33.0,16.925,22,73.0,0.0,40,104.0,5.0,43.0,0.16279069767441862,3744.6511627906975,1
PRV53137,0.0,0.0,0.0,0.0,30.0,8900.0,296.6666666666667,23.0,17.782608695652176,22,74.91304347826087,0.0,23,65.0,0.0,30.0,0.0,296.6666666666667,0
PRV53138,0.0,0.0,0.0,0.0,10.0,1570.0,157.0,10.0,17.5,22,72.7,0.1,10,24.0,0.0,10.0,0.0,157.0,0
PRV53139,0.0,0.0,0.0,0.0,9.0,780.0,86.66666666666667,7.0,17.285714285714285,21,77.71428571428571,0.0,7,18.0,0.0,9.0,0.0,86.66666666666667,0
PRV53140,0.0,0.0,0.0,0.0,21.0,2180.0,103.80952380952381,19.0,17.63157894736842,21,67.78947368421052,0.0,19,43.0,0.0,21.0,0.0,103.80952380952381,0
PRV53141,32.0,313000.0,9781.25,30.0,73.0,19720.0,270.13698630136986,65.0,17.193548387096776,22,74.02150537634408,0.0,93,291.0,21.0,105.0,0.3047619047619048,3168.7619047619046,0
PRV53142,39.0,377000.0,9666.666666666666,36.0,72.0,17050.0,236.80555555555554,64.0,17.091836734693878,22,72.66326530612245,0.0,98,325.0,22.0,111.0,0.35135135135135137,3550.0,1
PRV53143,4.0,64000.0,16000.0,3.0,8.0,1670.0,208.75,5.0,17.0,21,80.14285714285714,0.0,7,51.0,5.0,12.0,0.3333333333333333,5472.5,0
PRV53144,4.0,30300.0,7575.0,4.0,35.0,6160.0,176.0,32.0,17.264705882352942,21,75.97058823529412,0.0,34,118.0,5.0,39.0,0.10256410256410256,934.8717948717949,0
PRV53145,0.0,0.0,0.0,0.0,132.0,34760.0,263.3333333333333,111.0,17.62162162162162,22,73.4054054054054,0.009009009009009009,111,230.0,0.0,132.0,0.0,263.3333333333333,0
PRV53147,0.0,0.0,0.0,0.0,18.0,6760.0,375.55555555555554,16.0,18.4375,22,64.5,0.0,16,47.0,0.0,18.0,0.0,375.55555555555554,0
PRV53148,0.0,0.0,0.0,0.0,15.0,2580.0,172.0,13.0,17.384615384615383,22,75.23076923076923,0.0,13,23.0,0.0,15.0,0.0,172.0,0
PRV53149,0.0,0.0,0.0,0.0,61.0,14860.0,243.60655737704917,21.0,17.714285714285715,22,74.19047619047619,0.0,21,145.0,0.0,61.0,0.0,243.60655737704917,0
PRV53150,0.0,0.0,0.0,0.0,13.0,3130.0,240.76923076923077,5.0,17.2,20,75.2,0.0,5,35.0,0.0,13.0,0.0,240.76923076923077,0
PRV53151,0.0,0.0,0.0,0.0,25.0,6360.0,254.4,19.0,17.210526315789473,22,76.6842105263158,0.0,19,56.0,0.0,25.0,0.0,254.4,0
PRV53153,6.0,116000.0,19333.333333333332,4.0,18.0,5630.0,312.77777777777777,17.0,17.761904761904763,21,79.28571428571429,0.0,21,73.0,8.0,24.0,0.25,5067.916666666667,0
PRV53154,0.0,0.0,0.0,0.0,52.0,23670.0,455.1923076923077,15.0,17.866666666666667,22,77.53333333333333,0.06666666666666667,15,127.0,0.0,52.0,0.0,455.1923076923077,0
PRV53156,0.0,0.0,0.0,0.0,16.0,6570.0,410.625,10.0,17.8,22,70.5,0.0,10,41.0,0.0,16.0,0.0,410.625,0
PRV53157,0.0,0.0,0.0,0.0,2.0,2190.0,1095.0,2.0,18.0,20,83.0,0.0,2,5.0,0.0,2.0,0.0,1095.0,0
PRV53158,0.0,0.0,0.0,0.0,7.0,710.0,101.42857142857143,7.0,18.857142857142858,22,76.28571428571429,0.0,7,15.0,0.0,7.0,0.0,101.42857142857143,0
PRV53159,2.0,32000.0,16000.0,2.0,25.0,4160.0,166.4,8.0,17.2,19,83.0,0.0,10,78.0,1.0,27.0,0.07407407407407407,1339.2592592592594,0
PRV53161,0.0,0.0,0.0,0.0,7.0,6810.0,972.8571428571429,7.0,17.857142857142858,20,69.57142857142857,0.0,7,19.0,0.0,7.0,0.0,972.8571428571429,0
PRV53162,0.0,0.0,0.0,0.0,5.0,1350.0,270.0,5.0,18.6,20,74.2,0.0,5,6.0,0.0,5.0,0.0,270.0,0
PRV53163,0.0,0.0,0.0,0.0,12.0,800.0,66.66666666666667,3.0,20.333333333333332,22,65.33333333333333,0.0,3,19.0,0.0,12.0,0.0,66.66666666666667,0
PRV53164,0.0,0.0,0.0,0.0,25.0,4180.0,167.2,21.0,17.666666666666668,21,74.85714285714286,0.0,21,51.0,0.0,25.0,0.0,167.2,0
PRV53166,1.0,5000.0,5000.0,1.0,22.0,3960.0,180.0,20.0,16.666666666666668,21,76.47619047619048,0.0,21,58.0,0.0,23.0,0.043478260869565216,389.5652173913044,0
PRV53167,0.0,0.0,0.0,0.0,3.0,1770.0,590.0,3.0,15.666666666666666,16,71.33333333333333,0.0,3,8.0,0.0,3.0,0.0,590.0,0
PRV53168,0.0,0.0,0.0,0.0,2.0,2070.0,1035.0,2.0,18.5,21,54.0,0.0,2,3.0,0.0,2.0,0.0,1035.0,0
PRV53169,0.0,0.0,0.0,0.0,4.0,170.0,42.5,4.0,20.0,21,83.5,0.0,4,11.0,0.0,4.0,0.0,42.5,0
PRV53171,0.0,0.0,0.0,0.0,17.0,8330.0,490.0,5.0,17.4,21,65.0,0.0,5,54.0,0.0,17.0,0.0,490.0,0
PRV53172,0.0,0.0,0.0,0.0,3.0,2450.0,816.6666666666666,3.0,16.0,18,83.66666666666667,0.0,3,10.0,0.0,3.0,0.0,816.6666666666666,0
PRV53173,0.0,0.0,0.0,0.0,43.0,16610.0,386.27906976744185,23.0,16.47826086956522,22,77.95652173913044,0.0,23,112.0,0.0,43.0,0.0,386.27906976744185,0
PRV53174,0.0,0.0,0.0,0.0,5.0,260.0,52.0,4.0,17.75,22,78.5,0.0,4,16.0,0.0,5.0,0.0,52.0,0
PRV53175,0.0,0.0,0.0,0.0,9.0,710.0,78.88888888888889,9.0,19.666666666666668,22,77.11111111111111,0.0,9,22.0,0.0,9.0,0.0,78.88888888888889,0
PRV53176,0.0,0.0,0.0,0.0,34.0,6000.0,176.47058823529412,13.0,18.153846153846153,22,71.84615384615384,0.0,13,79.0,0.0,34.0,0.0,176.47058823529412,0
PRV53177,0.0,0.0,0.0,0.0,16.0,1520.0,95.0,11.0,18.363636363636363,21,80.45454545454545,0.0,11,42.0,0.0,16.0,0.0,95.0,0
PRV53178,0.0,0.0,0.0,0.0,7.0,730.0,104.28571428571429,5.0,17.6,19,64.4,0.0,5,19.0,0.0,7.0,0.0,104.28571428571429,0
PRV53179,2.0,14000.0,7000.0,2.0,26.0,6190.0,238.07692307692307,25.0,18.25925925925926,21,70.44444444444444,0.0,27,78.0,1.0,28.0,0.07142857142857142,721.0714285714286,0
PRV53180,0.0,0.0,0.0,0.0,5.0,3010.0,602.0,4.0,14.25,17,79.5,0.0,4,15.0,0.0,5.0,0.0,602.0,0
PRV53182,0.0,0.0,0.0,0.0,3.0,100.0,33.333333333333336,3.0,18.666666666666668,20,76.0,0.0,3,3.0,0.0,3.0,0.0,33.333333333333336,0
PRV53183,0.0,0.0,0.0,0.0,1.0,80.0,80.0,1.0,18.0,18,87.0,0.0,1,2.0,0.0,1.0,0.0,80.0,0
PRV53186,0.0,0.0,0.0,0.0,8.0,4710.0,588.75,7.0,16.285714285714285,19,76.71428571428571,0.0,7,29.0,0.0,8.0,0.0,588.75,0
PRV53187,0.0,0.0,0.0,0.0,4.0,180.0,45.0,4.0,15.75,20,75.0,0.0,4,11.0,0.0,4.0,0.0,45.0,0
PRV53188,0.0,0.0,0.0,0.0,10.0,1220.0,122.0,8.0,17.625,21,70.125,0.0,8,17.0,0.0,10.0,0.0,122.0,0
PRV53189,4.0,42000.0,10500.0,3.0,24.0,11030.0,459.5833333333333,20.0,17.434782608695652,22,74.8695652173913,0.0,23,91.0,2.0,28.0,0.14285714285714285,1893.9285714285713,0
PRV53191,0.0,0.0,0.0,0.0,15.0,3310.0,220.66666666666666,3.0,19.666666666666668,22,76.33333333333333,0.0,3,37.0,0.0,15.0,0.0,220.66666666666666,0
PRV53192,0.0,0.0,0.0,0.0,149.0,40610.0,272.5503355704698,51.0,17.313725490196077,22,74.52941176470588,0.0196078431372549,51,293.0,0.0,149.0,0.0,272.5503355704698,0
PRV53194,0.0,0.0,0.0,0.0,32.0,22330.0,697.8125,12.0,17.833333333333332,22,75.33333333333333,0.0,12,80.0,0.0,32.0,0.0,697.8125,0
PRV53196,0.0,0.0,0.0,0.0,16.0,4480.0,280.0,9.0,18.444444444444443,22,72.55555555555556,0.0,9,47.0,0.0,16.0,0.0,280.0,0
PRV53197,0.0,0.0,0.0,0.0,4.0,500.0,125.0,4.0,18.0,21,66.75,0.0,4,7.0,0.0,4.0,0.0,125.0,0
PRV53198,0.0,0.0,0.0,0.0,6.0,250.0,41.666666666666664,5.0,15.0,17,70.6,0.0,5,12.0,0.0,6.0,0.0,41.666666666666664,0
PRV53201,0.0,0.0,0.0,0.0,13.0,14220.0,1093.8461538461538,8.0,16.625,22,73.375,0.0,8,23.0,0.0,13.0,0.0,1093.8461538461538,0
PRV53202,0.0,0.0,0.0,0.0,11.0,670.0,60.90909090909091,8.0,19.25,22,76.125,0.0,8,29.0,0.0,11.0,0.0,60.90909090909091,0
PRV53203,0.0,0.0,0.0,0.0,7.0,420.0,60.0,5.0,18.2,20,83.2,0.0,5,13.0,0.0,7.0,0.0,60.0,0
PRV53204,0.0,0.0,0.0,0.0,7.0,3020.0,431.42857142857144,6.0,16.5,21,69.5,0.0,6,18.0,0.0,7.0,0.0,431.42857142857144,0
PRV53205,0.0,0.0,0.0,0.0,14.0,1280.0,91.42857142857143,10.0,17.7,22,65.0,0.0,10,41.0,0.0,14.0,0.0,91.42857142857143,0
PRV53206,0.0,0.0,0.0,0.0,3.0,570.0,190.0,2.0,16.5,18,73.5,0.0,2,16.0,0.0,3.0,0.0,190.0,0
PRV53207,0.0,0.0,0.0,0.0,10.0,500.0,50.0,7.0,19.714285714285715,21,66.0,0.0,7,21.0,0.0,10.0,0.0,50.0,0
PRV53208,4.0,55000.0,13750.0,4.0,19.0,3500.0,184.21052631578948,13.0,17.823529411764707,21,71.88235294117646,0.0,17,67.0,2.0,23.0,0.17391304347826086,2543.478260869565,1
PRV53210,3.0,21000.0,7000.0,3.0,29.0,6050.0,208.6206896551724,27.0,17.266666666666666,22,75.96666666666667,0.0,30,81.0,5.0,32.0,0.09375,845.3125,0
PRV53211,0.0,0.0,0.0,0.0,4.0,3460.0,865.0,3.0,17.333333333333332,19,78.33333333333333,0.0,3,13.0,0.0,4.0,0.0,865.0,0
PRV53212,0.0,0.0,0.0,0.0,2.0,100.0,50.0,2.0,20.5,21,53.5,0.0,2,8.0,0.0,2.0,0.0,50.0,0
PRV53213,0.0,0.0,0.0,0.0,22.0,6910.0,314.09090909090907,19.0,17.526315789473685,21,72.47368421052632,0.0,19,65.0,0.0,22.0,0.0,314.09090909090907,0
PRV53214,0.0,0.0,0.0,0.0,18.0,4280.0,237.77777777777777,14.0,18.642857142857142,21,79.5,0.0,14,58.0,0.0,18.0,0.0,237.77777777777777,0
PRV53215,0.0,0.0,0.0,0.0,11.0,1560.0,141.8181818181818,11.0,17.545454545454547,21,76.36363636363636,0.0,11,22.0,0.0,11.0,0.0,141.8181818181818,0
PRV53216,0.0,0.0,0.0,0.0,115.0,20930.0,182.0,46.0,17.630434782608695,22,74.91304347826087,0.021739130434782608,46,214.0,0.0,115.0,0.0,182.0,0
PRV53217,0.0,0.0,0.0,0.0,5.0,1570.0,314.0,5.0,19.2,21,74.2,0.0,5,14.0,0.0,5.0,0.0,314.0,0
PRV53218,0.0,0.0,0.0,0.0,13.0,2780.0,213.84615384615384,9.0,17.555555555555557,20,75.11111111111111,0.0,9,25.0,0.0,13.0,0.0,213.84615384615384,0
PRV53220,5.0,110000.0,22000.0,5.0,0.0,0.0,0.0,0.0,17.0,21,74.0,0.0,5,35.0,7.0,5.0,1.0,22000.0,0
PRV53221,0.0,0.0,0.0,0.0,16.0,6510.0,406.875,9.0,18.11111111111111,21,70.66666666666667,0.0,9,41.0,0.0,16.0,0.0,406.875,0
PRV53222,0.0,0.0,0.0,0.0,45.0,10770.0,239.33333333333334,24.0,17.25,21,74.54166666666667,0.0,24,85.0,0.0,45.0,0.0,239.33333333333334,0
PRV53223,0.0,0.0,0.0,0.0,23.0,11790.0,512.6086956521739,18.0,17.055555555555557,21,68.16666666666667,0.0,18,53.0,0.0,23.0,0.0,512.6086956521739,0
PRV53224,0.0,0.0,0.0,0.0,12.0,1680.0,140.0,12.0,18.083333333333332,21,70.83333333333333,0.0,12,22.0,0.0,12.0,0.0,140.0,0
PRV53225,49.0,415300.0,8475.510204081633,47.0,0.0,0.0,0.0,0.0,16.404255319148938,21,75.27659574468085,0.02127659574468085,47,239.0,30.0,49.0,1.0,8475.510204081633,0
PRV53226,19.0,150000.0,7894.736842105263,19.0,0.0,0.0,0.0,0.0,16.526315789473685,21,79.84210526315789,0.0,19,116.0,11.0,19.0,1.0,7894.736842105263,0
PRV53227,0.0,0.0,0.0,0.0,74.0,18610.0,251.48648648648648,59.0,17.88135593220339,22,74.2542372881356,0.0,59,153.0,0.0,74.0,0.0,251.48648648648648,0
PRV53228,0.0,0.0,0.0,0.0,1.0,600.0,600.0,1.0,18.0,18,81.0,0.0,1,3.0,0.0,1.0,0.0,600.0,0
PRV53229,0.0,0.0,0.0,0.0,139.0,29840.0,214.67625899280574,65.0,17.815384615384616,22,72.81538461538462,0.0,65,262.0,0.0,139.0,0.0,214.67625899280574,0
PRV53230,0.0,0.0,0.0,0.0,56.0,16260.0,290.35714285714283,40.0,17.45,22,72.675,0.0,40,141.0,0.0,56.0,0.0,290.35714285714283,0
PRV53232,0.0,0.0,0.0,0.0,64.0,25300.0,395.3125,28.0,17.821428571428573,22,76.21428571428571,0.0,28,141.0,0.0,64.0,0.0,395.3125,0
PRV53233,13.0,96000.0,7384.615384615385,12.0,0.0,0.0,0.0,0.0,16.416666666666668,20,72.91666666666667,0.0,12,85.0,11.0,13.0,1.0,7384.615384615385,0
PRV53235,0.0,0.0,0.0,0.0,2.0,170.0,85.0,2.0,16.0,17,87.0,0.0,2,6.0,0.0,2.0,0.0,85.0,0
PRV53236,9.0,96000.0,10666.666666666666,8.0,0.0,0.0,0.0,0.0,16.375,20,79.5,0.0,8,56.0,6.0,9.0,1.0,10666.666666666666,0
PRV53237,0.0,0.0,0.0,0.0,8.0,1230.0,153.75,7.0,17.857142857142858,20,71.42857142857143,0.0,7,23.0,0.0,8.0,0.0,153.75,0
PRV53238,9.0,98000.0,10888.888888888889,9.0,186.0,45590.0,245.10752688172042,156.0,17.503030303030304,22,71.10909090909091,0.0,165,323.0,5.0,195.0,0.046153846153846156,736.3589743589744,0
PRV53239,19.0,197000.0,10368.421052631578,15.0,94.0,35580.0,378.51063829787233,76.0,17.670454545454547,22,72.56818181818181,0.011363636363636364,88,279.0,6.0,113.0,0.168141592920354,2058.2300884955753,0
PRV53240,1.0,3000.0,3000.0,1.0,5.0,1860.0,372.0,4.0,15.25,19,67.0,0.0,4,26.0,0.0,6.0,0.16666666666666666,810.0,0
PRV53242,105.0,1142000.0,10876.190476190477,91.0,154.0,34290.0,222.66233766233765,131.0,17.0,22,72.2488038277512,0.004784688995215311,209,607.0,59.0,259.0,0.40540540540540543,4541.660231660232,1
PRV53243,9.0,100000.0,11111.111111111111,9.0,66.0,11760.0,178.1818181818182,53.0,17.540983606557376,22,72.09836065573771,0.0,61,173.0,7.0,75.0,0.12,1490.1333333333334,0
PRV53244,42.0,341500.0,8130.952380952381,37.0,466.0,124250.0,266.6309012875536,148.0,17.864197530864196,22,68.35802469135803,0.030864197530864196,162,772.0,27.0,508.0,0.08267716535433071,916.8307086614174,0
PRV53245,16.0,176000.0,11000.0,13.0,130.0,38800.0,298.46153846153845,99.0,17.443396226415093,22,71.04716981132076,0.018867924528301886,106,316.0,8.0,146.0,0.1095890410958904,1471.2328767123288,1
PRV53246,2.0,26000.0,13000.0,2.0,107.0,30490.0,284.95327102803736,99.0,17.712871287128714,22,70.77227722772277,0.009900990099009901,101,212.0,3.0,109.0,0.01834862385321101,518.256880733945,0
PRV53247,7.0,59000.0,8428.57142857143,7.0,30.0,6960.0,232.0,28.0,17.942857142857143,22,67.82857142857142,0.0,35,103.0,5.0,37.0,0.1891891891891892,1782.7027027027027,0
PRV53248,5.0,74000.0,14800.0,4.0,52.0,14890.0,286.34615384615387,35.0,17.794871794871796,22,70.84615384615384,0.02564102564102564,39,151.0,6.0,57.0,0.08771929824561403,1559.4736842105262,0
PRV53249,6.0,54000.0,9000.0,5.0,17.0,6140.0,361.1764705882353,14.0,17.36842105263158,21,75.89473684210526,0.0,19,78.0,4.0,23.0,0.2608695652173913,2614.782608695652,0
PRV53251,4.0,29000.0,7250.0,4.0,229.0,66400.0,289.95633187772927,116.0,17.854700854700855,22,71.83760683760684,0.017094017094017096,117,425.0,3.0,233.0,0.017167381974248927,409.4420600858369,0
PRV53252,4.0,67000.0,16750.0,3.0,73.0,11090.0,151.91780821917808,29.0,18.161290322580644,22,72.03225806451613,0.03225806451612903,31,163.0,1.0,77.0,0.05194805194805195,1014.1558441558442,0
PRV53253,0.0,0.0,0.0,0.0,110.0,35600.0,323.6363636363636,94.0,17.382978723404257,22,70.19148936170212,0.010638297872340425,94,217.0,0.0,110.0,0.0,323.6363636363636,0
PRV53254,0.0,0.0,0.0,0.0,9.0,1190.0,132.22222222222223,9.0,17.444444444444443,21,65.66666666666667,0.0,9,30.0,0.0,9.0,0.0,132.22222222222223,0
PRV53255,0.0,0.0,0.0,0.0,26.0,7760.0,298.46153846153845,24.0,17.333333333333332,22,75.91666666666667,0.041666666666666664,24,56.0,0.0,26.0,0.0,298.46153846153845,0
PRV53256,36.0,361000.0,10027.777777777777,32.0,309.0,97710.0,316.2135922330097,261.0,17.68661971830986,22,71.5669014084507,0.017605633802816902,284,592.0,18.0,345.0,0.10434782608695652,1329.5942028985507,0
PRV53257,0.0,0.0,0.0,0.0,25.0,11120.0,444.8,21.0,16.80952380952381,21,69.95238095238095,0.0,21,62.0,0.0,25.0,0.0,444.8,0
PRV53258,3.0,27000.0,9000.0,3.0,77.0,12490.0,162.2077922077922,65.0,17.735294117647058,22,69.17647058823529,0.014705882352941176,68,159.0,2.0,80.0,0.0375,493.625,0
PRV53259,0.0,0.0,0.0,0.0,187.0,61050.0,326.47058823529414,117.0,17.333333333333332,22,70.8974358974359,0.0,117,318.0,0.0,187.0,0.0,326.47058823529414,0
PRV53260,2.0,7000.0,3500.0,2.0,132.0,24320.0,184.24242424242425,103.0,17.35576923076923,22,72.39423076923077,0.009615384615384616,104,255.0,0.0,134.0,0.014925373134328358,233.73134328358208,0
PRV53261,0.0,0.0,0.0,0.0,194.0,41550.0,214.17525773195877,101.0,18.257425742574256,22,70.53465346534654,0.019801980198019802,101,331.0,0.0,194.0,0.0,214.17525773195877,0
PRV53262,0.0,0.0,0.0,0.0,118.0,45250.0,383.47457627118644,83.0,17.746987951807228,22,70.6987951807229,0.012048192771084338,83,231.0,0.0,118.0,0.0,383.47457627118644,0
PRV53265,27.0,315000.0,11666.666666666666,19.0,65.0,13820.0,212.6153846153846,50.0,17.58823529411765,22,71.23529411764706,0.014705882352941176,68,255.0,17.0,92.0,0.29347826086956524,3574.1304347826085,1
PRV53266,88.0,911100.0,10353.40909090909,81.0,169.0,63010.0,372.84023668639054,153.0,17.223684210526315,22,69.5219298245614,0.0043859649122807015,228,589.0,50.0,257.0,0.3424124513618677,3790.3112840466924,1
PRV53268,7.0,69000.0,9857.142857142857,7.0,67.0,19230.0,287.0149253731343,56.0,17.0,22,69.66666666666667,0.0,63,197.0,8.0,74.0,0.0945945945945946,1192.2972972972973,0
PRV53269,112.0,957000.0,8544.642857142857,96.0,344.0,88640.0,257.6744186046512,269.0,17.34733893557423,22,73.05882352941177,0.014005602240896359,357,834.0,69.0,456.0,0.24561403508771928,2293.0701754385964,1
PRV53272,4.0,25000.0,6250.0,4.0,20.0,7660.0,383.0,18.0,16.333333333333332,20,71.38095238095238,0.0,21,64.0,3.0,24.0,0.16666666666666666,1360.8333333333333,0
PRV53274,0.0,0.0,0.0,0.0,30.0,4490.0,149.66666666666666,25.0,17.92,22,71.52,0.04,25,69.0,0.0,30.0,0.0,149.66666666666666,0
PRV53276,0.0,0.0,0.0,0.0,291.0,85280.0,293.05841924398624,131.0,17.633587786259543,22,71.83206106870229,0.0,131,452.0,0.0,291.0,0.0,293.05841924398624,0
PRV53277,15.0,121000.0,8066.666666666667,14.0,29.0,8060.0,277.9310344827586,24.0,17.441176470588236,20,73.5,0.0,34,137.0,10.0,44.0,0.3409090909090909,2933.181818181818,1
PRV53279,1.0,4000.0,4000.0,1.0,35.0,6520.0,186.28571428571428,33.0,17.205882352941178,22,72.32352941176471,0.0,34,71.0,1.0,36.0,0.027777777777777776,292.22222222222223,0
PRV53280,0.0,0.0,0.0,0.0,15.0,2030.0,135.33333333333334,11.0,18.272727272727273,22,68.81818181818181,0.0,11,38.0,0.0,15.0,0.0,135.33333333333334,0
PRV53281,21.0,131000.0,6238.0952380952385,18.0,32.0,7310.0,228.4375,26.0,17.372093023255815,22,73.5813953488372,0.0,43,175.0,10.0,53.0,0.39622641509433965,2609.622641509434,0
PRV53282,0.0,0.0,0.0,0.0,31.0,5730.0,184.83870967741936,24.0,18.125,20,69.45833333333333,0.0,24,59.0,0.0,31.0,0.0,184.83870967741936,0
PRV53283,3.0,55000.0,18333.333333333332,2.0,94.0,45220.0,481.06382978723406,55.0,17.75438596491228,22,72.82456140350877,0.0,57,222.0,2.0,97.0,0.030927835051546393,1033.1958762886597,0
PRV53284,6.0,40000.0,6666.666666666667,6.0,142.0,34780.0,244.92957746478874,76.0,17.810126582278482,22,69.30379746835443,0.0,79,293.0,4.0,148.0,0.04054054054054054,505.27027027027026,0
PRV53288,0.0,0.0,0.0,0.0,43.0,12340.0,286.9767441860465,42.0,17.404761904761905,22,72.85714285714286,0.023809523809523808,42,102.0,0.0,43.0,0.0,286.9767441860465,0
PRV53289,1.0,8000.0,8000.0,1.0,105.0,28260.0,269.14285714285717,66.0,17.742424242424242,22,70.21212121212122,0.0,66,194.0,0.0,106.0,0.009433962264150943,342.07547169811323,0
PRV53290,0.0,0.0,0.0,0.0,6.0,3860.0,643.3333333333334,5.0,17.6,21,68.8,0.0,5,14.0,0.0,6.0,0.0,643.3333333333334,0
PRV53291,0.0,0.0,0.0,0.0,10.0,2730.0,273.0,8.0,16.875,19,82.125,0.0,8,24.0,0.0,10.0,0.0,273.0,0
PRV53292,5.0,23000.0,4600.0,5.0,36.0,10700.0,297.22222222222223,32.0,17.742857142857144,22,70.02857142857142,0.0,35,111.0,1.0,41.0,0.12195121951219512,821.9512195121952,0
PRV53293,0.0,0.0,0.0,0.0,41.0,10080.0,245.85365853658536,28.0,18.035714285714285,21,69.39285714285714,0.0,28,108.0,0.0,41.0,0.0,245.85365853658536,0
PRV53294,0.0,0.0,0.0,0.0,582.0,180760.0,310.58419243986253,230.0,18.01304347826087,22,71.28260869565217,0.004347826086956522,230,784.0,0.0,582.0,0.0,310.58419243986253,0
PRV53295,29.0,301000.0,10379.310344827587,29.0,168.0,32990.0,196.36904761904762,139.0,17.373493975903614,22,70.74698795180723,0.0,166,420.0,18.0,197.0,0.14720812182741116,1695.3807106598986,1
PRV53296,0.0,0.0,0.0,0.0,187.0,62740.0,335.5080213903743,131.0,17.702290076335878,22,71.9618320610687,0.0,131,348.0,0.0,187.0,0.0,335.5080213903743,0
PRV53297,15.0,166000.0,11066.666666666666,13.0,14.0,5770.0,412.14285714285717,14.0,17.53846153846154,20,71.96153846153847,0.038461538461538464,26,120.0,10.0,29.0,0.5172413793103449,5923.103448275862,1
PRV53298,8.0,53000.0,6625.0,8.0,55.0,14130.0,256.90909090909093,53.0,17.39344262295082,22,72.34426229508196,0.01639344262295082,61,140.0,6.0,63.0,0.12698412698412698,1065.5555555555557,0
PRV53300,0.0,0.0,0.0,0.0,354.0,126160.0,356.38418079096044,255.0,17.59607843137255,22,71.72156862745098,0.0,255,538.0,0.0,354.0,0.0,356.38418079096044,0
PRV53301,0.0,0.0,0.0,0.0,67.0,16070.0,239.8507462686567,46.0,18.282608695652176,22,71.0,0.021739130434782608,46,139.0,0.0,67.0,0.0,239.8507462686567,0
PRV53303,0.0,0.0,0.0,0.0,111.0,35770.0,322.2522522522523,69.0,17.231884057971016,22,71.27536231884058,0.014492753623188406,69,202.0,0.0,111.0,0.0,322.2522522522523,0
PRV53304,2.0,59000.0,29500.0,2.0,11.0,670.0,60.90909090909091,11.0,17.923076923076923,20,69.38461538461539,0.0,13,42.0,1.0,13.0,0.15384615384615385,4590.0,0
PRV53305,1.0,14000.0,14000.0,1.0,18.0,7440.0,413.3333333333333,15.0,18.5625,22,73.0625,0.0625,16,59.0,0.0,19.0,0.05263157894736842,1128.421052631579,0
PRV53306,0.0,0.0,0.0,0.0,78.0,17600.0,225.64102564102564,29.0,17.75862068965517,22,71.89655172413794,0.034482758620689655,29,147.0,0.0,78.0,0.0,225.64102564102564,0
PRV53307,0.0,0.0,0.0,0.0,34.0,7430.0,218.52941176470588,31.0,17.580645161290324,22,68.0,0.03225806451612903,31,92.0,0.0,34.0,0.0,218.52941176470588,0
PRV53308,7.0,117000.0,16714.285714285714,5.0,38.0,8990.0,236.57894736842104,21.0,17.695652173913043,22,76.69565217391305,0.0,23,127.0,5.0,45.0,0.15555555555555556,2799.777777777778,0
PRV53309,4.0,32000.0,8000.0,4.0,59.0,13260.0,224.74576271186442,32.0,17.314285714285713,22,72.82857142857142,0.0,35,159.0,2.0,63.0,0.06349206349206349,718.4126984126984,0
PRV53310,0.0,0.0,0.0,0.0,10.0,2290.0,229.0,8.0,16.625,20,71.5,0.125,8,24.0,0.0,10.0,0.0,229.0,0
PRV53312,1.0,5000.0,5000.0,1.0,64.0,24790.0,387.34375,46.0,17.5,22,72.26086956521739,0.0,46,149.0,1.0,65.0,0.015384615384615385,458.3076923076923,0
PRV53313,0.0,0.0,0.0,0.0,68.0,17800.0,261.7647058823529,22.0,18.0,21,70.31818181818181,0.045454545454545456,22,143.0,0.0,68.0,0.0,261.7647058823529,0
PRV53314,4.0,77000.0,19250.0,3.0,53.0,15490.0,292.2641509433962,23.0,17.625,22,72.33333333333333,0.0,24,124.0,3.0,57.0,0.07017543859649122,1622.6315789473683,0
PRV53315,0.0,0.0,0.0,0.0,25.0,8340.0,333.6,18.0,18.27777777777778,22,69.83333333333333,0.0,18,64.0,0.0,25.0,0.0,333.6,0
PRV53317,5.0,45000.0,9000.0,4.0,11.0,850.0,77.27272727272727,11.0,18.0,21,74.4,0.0,15,61.0,6.0,16.0,0.3125,2865.625,0
PRV53318,0.0,0.0,0.0,0.0,21.0,9420.0,448.57142857142856,19.0,17.68421052631579,21,73.42105263157895,0.0,19,45.0,0.0,21.0,0.0,448.57142857142856,0
PRV53319,13.0,99000.0,7615.384615384615,9.0,101.0,31220.0,309.1089108910891,45.0,17.73913043478261,22,71.8695652173913,0.0,46,249.0,7.0,114.0,0.11403508771929824,1142.280701754386,0
PRV53320,3.0,65000.0,21666.666666666668,2.0,59.0,16340.0,276.9491525423729,34.0,18.257142857142856,22,71.48571428571428,0.0,35,157.0,2.0,62.0,0.04838709677419355,1311.9354838709678,0
PRV53321,0.0,0.0,0.0,0.0,81.0,27530.0,339.87654320987656,39.0,17.94871794871795,22,72.2051282051282,0.0,39,187.0,0.0,81.0,0.0,339.87654320987656,0
PRV53323,0.0,0.0,0.0,0.0,18.0,2920.0,162.22222222222223,11.0,16.363636363636363,20,67.72727272727273,0.0,11,52.0,0.0,18.0,0.0,162.22222222222223,0
PRV53325,0.0,0.0,0.0,0.0,63.0,12890.0,204.6031746031746,27.0,17.37037037037037,22,73.37037037037037,0.0,27,118.0,0.0,63.0,0.0,204.6031746031746,0
PRV53326,0.0,0.0,0.0,0.0,102.0,31950.0,313.2352941176471,46.0,18.47826086956522,22,69.73913043478261,0.0,46,222.0,0.0,102.0,0.0,313.2352941176471,0
PRV53329,1.0,0.0,0.0,1.0,10.0,2070.0,207.0,10.0,17.09090909090909,22,66.72727272727273,0.0,11,26.0,0.0,11.0,0.09090909090909091,188.1818181818182,0
PRV53331,0.0,0.0,0.0,0.0,7.0,810.0,115.71428571428571,7.0,16.714285714285715,19,71.57142857142857,0.0,7,15.0,0.0,7.0,0.0,115.71428571428571,0
PRV53334,0.0,0.0,0.0,0.0,29.0,9340.0,322.0689655172414,14.0,18.071428571428573,22,67.42857142857143,0.0,14,80.0,0.0,29.0,0.0,322.0689655172414,0
PRV53335,0.0,0.0,0.0,0.0,381.0,114030.0,299.29133858267716,266.0,17.729323308270676,22,71.12781954887218,0.007518796992481203,266,572.0,0.0,381.0,0.0,299.29133858267716,0
PRV53336,3.0,34000.0,11333.333333333334,3.0,0.0,0.0,0.0,0.0,16.0,19,60.333333333333336,0.0,3,27.0,5.0,3.0,1.0,11333.333333333334,0
PRV53337,0.0,0.0,0.0,0.0,5.0,1620.0,324.0,3.0,20.333333333333332,22,64.33333333333333,0.0,3,14.0,0.0,5.0,0.0,324.0,0
PRV53339,0.0,0.0,0.0,0.0,10.0,1430.0,143.0,8.0,16.25,20,76.0,0.0,8,18.0,0.0,10.0,0.0,143.0,0
PRV53340,0.0,0.0,0.0,0.0,23.0,2170.0,94.34782608695652,16.0,17.6875,21,69.6875,0.0,16,52.0,0.0,23.0,0.0,94.34782608695652,0
PRV53341,0.0,0.0,0.0,0.0,9.0,4090.0,454.44444444444446,9.0,17.11111111111111,21,68.77777777777777,0.0,9,27.0,0.0,9.0,0.0,454.44444444444446,0
PRV53342,0.0,0.0,0.0,0.0,73.0,25810.0,353.56164383561645,59.0,17.64406779661017,22,70.15254237288136,0.0,59,133.0,0.0,73.0,0.0,353.56164383561645,0
PRV53343,0.0,0.0,0.0,0.0,6.0,310.0,51.666666666666664,6.0,16.333333333333332,21,73.0,0.16666666666666666,6,10.0,0.0,6.0,0.0,51.666666666666664,0
PRV53344,0.0,0.0,0.0,0.0,3.0,630.0,210.0,3.0,18.666666666666668,20,64.66666666666667,0.0,3,3.0,0.0,3.0,0.0,210.0,0
PRV53346,0.0,0.0,0.0,0.0,4.0,770.0,192.5,4.0,17.75,21,57.25,0.0,4,8.0,0.0,4.0,0.0,192.5,0
PRV53347,0.0,0.0,0.0,0.0,6.0,280.0,46.666666666666664,6.0,17.666666666666668,20,72.5,0.0,6,11.0,0.0,6.0,0.0,46.666666666666664,0
PRV53349,0.0,0.0,0.0,0.0,24.0,2180.0,90.83333333333333,16.0,17.1875,21,68.3125,0.0,16,49.0,0.0,24.0,0.0,90.83333333333333,0
PRV53350,0.0,0.0,0.0,0.0,4.0,2420.0,605.0,3.0,15.333333333333334,17,71.33333333333333,0.0,3,14.0,0.0,4.0,0.0,605.0,0
PRV53351,0.0,0.0,0.0,0.0,18.0,4660.0,258.8888888888889,13.0,17.615384615384617,22,68.38461538461539,0.0,13,33.0,0.0,18.0,0.0,258.8888888888889,0
PRV53352,0.0,0.0,0.0,0.0,288.0,92300.0,320.4861111111111,187.0,17.893048128342247,22,72.27807486631016,0.016042780748663103,187,467.0,0.0,288.0,0.0,320.4861111111111,0
PRV53353,0.0,0.0,0.0,0.0,30.0,9310.0,310.3333333333333,25.0,17.84,22,73.76,0.04,25,53.0,0.0,30.0,0.0,310.3333333333333,0
PRV53354,0.0,0.0,0.0,0.0,18.0,5120.0,284.44444444444446,18.0,16.555555555555557,22,66.11111111111111,0.05555555555555555,18,37.0,0.0,18.0,0.0,284.44444444444446,0
PRV53355,0.0,0.0,0.0,0.0,3.0,510.0,170.0,3.0,18.0,20,75.33333333333333,0.0,3,14.0,0.0,3.0,0.0,170.0,0
PRV53356,0.0,0.0,0.0,0.0,38.0,3950.0,103.94736842105263,36.0,17.86111111111111,22,71.55555555555556,0.0,36,90.0,0.0,38.0,0.0,103.94736842105263,0
PRV53357,0.0,0.0,0.0,0.0,2.0,1820.0,910.0,2.0,17.5,19,68.5,0.0,2,6.0,0.0,2.0,0.0,910.0,0
PRV53358,0.0,0.0,0.0,0.0,3.0,2840.0,946.6666666666666,3.0,19.666666666666668,21,58.333333333333336,0.0,3,9.0,0.0,3.0,0.0,946.6666666666666,0
PRV53359,0.0,0.0,0.0,0.0,213.0,57150.0,268.3098591549296,155.0,17.419354838709676,22,73.38709677419355,0.012903225806451613,155,394.0,0.0,213.0,0.0,268.3098591549296,0
PRV53360,0.0,0.0,0.0,0.0,20.0,2660.0,133.0,12.0,17.583333333333332,21,76.41666666666667,0.0,12,41.0,0.0,20.0,0.0,133.0,0
PRV53361,0.0,0.0,0.0,0.0,9.0,4540.0,504.44444444444446,7.0,17.285714285714285,20,70.57142857142857,0.0,7,15.0,0.0,9.0,0.0,504.44444444444446,0
PRV53362,0.0,0.0,0.0,0.0,35.0,13220.0,377.7142857142857,24.0,17.458333333333332,22,71.5,0.0,24,69.0,0.0,35.0,0.0,377.7142857142857,0
PRV53363,0.0,0.0,0.0,0.0,41.0,16940.0,413.1707317073171,38.0,17.05263157894737,22,72.5,0.02631578947368421,38,72.0,0.0,41.0,0.0,413.1707317073171,0
PRV53364,0.0,0.0,0.0,0.0,26.0,8770.0,337.3076923076923,24.0,17.25,22,72.25,0.0,24,60.0,0.0,26.0,0.0,337.3076923076923,0
PRV53365,0.0,0.0,0.0,0.0,6.0,730.0,121.66666666666667,6.0,18.5,22,62.333333333333336,0.0,6,12.0,0.0,6.0,0.0,121.66666666666667,0
PRV53369,0.0,0.0,0.0,0.0,1.0,90.0,90.0,1.0,15.0,15,84.0,0.0,1,1.0,0.0,1.0,0.0,90.0,0
PRV53370,0.0,0.0,0.0,0.0,9.0,1070.0,118.88888888888889,7.0,17.0,22,77.0,0.0,7,21.0,0.0,9.0,0.0,118.88888888888889,0
PRV53371,0.0,0.0,0.0,0.0,43.0,10930.0,254.1860465116279,29.0,17.655172413793103,22,73.79310344827586,0.0,29,108.0,0.0,43.0,0.0,254.1860465116279,0
PRV53373,0.0,0.0,0.0,0.0,3.0,2210.0,736.6666666666666,3.0,19.0,21,73.33333333333333,0.0,3,3.0,0.0,3.0,0.0,736.6666666666666,0
PRV53374,0.0,0.0,0.0,0.0,387.0,105160.0,271.7312661498708,132.0,17.977272727272727,22,71.41666666666667,0.007575757575757576,132,578.0,0.0,387.0,0.0,271.7312661498708,0
PRV53375,0.0,0.0,0.0,0.0,15.0,4590.0,306.0,14.0,18.642857142857142,22,72.42857142857143,0.0,14,42.0,0.0,15.0,0.0,306.0,0
PRV53376,0.0,0.0,0.0,0.0,74.0,28240.0,381.6216216216216,31.0,17.838709677419356,22,70.7741935483871,0.0,31,148.0,0.0,74.0,0.0,381.6216216216216,0
PRV53377,7.0,57000.0,8142.857142857143,7.0,0.0,0.0,0.0,0.0,16.285714285714285,20,67.28571428571429,0.0,7,44.0,6.0,7.0,1.0,8142.857142857143,0
PRV53378,10.0,74000.0,7400.0,10.0,0.0,0.0,0.0,0.0,15.8,19,73.5,0.0,10,72.0,8.0,10.0,1.0,7400.0,0
PRV53379,11.0,153000.0,13909.09090909091,10.0,0.0,0.0,0.0,0.0,16.7,22,68.5,0.0,10,71.0,12.0,11.0,1.0,13909.09090909091,1
PRV53380,4.0,22000.0,5500.0,4.0,0.0,0.0,0.0,0.0,16.0,17,68.25,0.0,4,30.0,1.0,4.0,1.0,5500.0,0
PRV53381,11.0,134000.0,12181.818181818182,9.0,22.0,4120.0,187.27272727272728,22.0,17.275862068965516,22,76.3103448275862,0.0,29,112.0,4.0,33.0,0.3333333333333333,4185.454545454545,0
PRV53382,0.0,0.0,0.0,0.0,45.0,18320.0,407.1111111111111,38.0,17.789473684210527,21,74.57894736842105,0.0,38,96.0,0.0,45.0,0.0,407.1111111111111,0
PRV53383,4.0,43000.0,10750.0,4.0,18.0,8890.0,493.8888888888889,16.0,16.25,19,65.5,0.0,20,68.0,3.0,22.0,0.18181818181818182,2358.6363636363635,0
PRV53384,38.0,331000.0,8710.526315789473,28.0,24.0,4120.0,171.66666666666666,23.0,17.235294117647058,22,72.96078431372548,0.0196078431372549,51,234.0,17.0,62.0,0.6129032258064516,5405.1612903225805,1
PRV53385,106.0,1055300.0,9955.66037735849,88.0,931.0,307270.0,330.04296455424276,390.0,17.73444976076555,22,71.64832535885168,0.0,418,1340.0,63.0,1037.0,0.10221793635486982,1313.953712632594,1
PRV53386,0.0,0.0,0.0,0.0,53.0,13070.0,246.60377358490567,51.0,17.41176470588235,22,74.88235294117646,0.0,51,121.0,0.0,53.0,0.0,246.60377358490567,0
PRV53387,3.0,23200.0,7733.333333333333,3.0,46.0,13120.0,285.2173913043478,37.0,17.7,22,70.7,0.0,40,119.0,1.0,49.0,0.061224489795918366,741.2244897959183,0
PRV53388,11.0,97000.0,8818.181818181818,10.0,111.0,26340.0,237.2972972972973,61.0,18.369230769230768,22,70.87692307692308,0.015384615384615385,65,285.0,6.0,122.0,0.09016393442622951,1010.983606557377,0
PRV53389,1.0,15000.0,15000.0,1.0,12.0,4070.0,339.1666666666667,12.0,17.384615384615383,21,75.6923076923077,0.0,13,45.0,2.0,13.0,0.07692307692307693,1466.923076923077,0
PRV53390,0.0,0.0,0.0,0.0,15.0,4320.0,288.0,14.0,17.285714285714285,20,72.64285714285714,0.0,14,50.0,0.0,15.0,0.0,288.0,0
PRV53391,0.0,0.0,0.0,0.0,69.0,11420.0,165.5072463768116,62.0,17.467741935483872,22,70.64516129032258,0.0,62,119.0,0.0,69.0,0.0,165.5072463768116,0
PRV53392,0.0,0.0,0.0,0.0,99.0,33790.0,341.3131313131313,80.0,17.175,22,72.0625,0.0125,80,182.0,0.0,99.0,0.0,341.3131313131313,0
PRV53393,2.0,9000.0,4500.0,2.0,3.0,170.0,56.666666666666664,3.0,16.2,18,76.0,0.0,5,22.0,2.0,5.0,0.4,1834.0,0
PRV53394,47.0,443000.0,9425.531914893618,43.0,1168.0,342420.0,293.1678082191781,355.0,17.53804347826087,22,73.00271739130434,0.008152173913043478,368,1380.0,23.0,1215.0,0.03868312757201646,646.4362139917696,0
PRV53396,45.0,439000.0,9755.555555555555,37.0,54.0,13600.0,251.85185185185185,50.0,17.180722891566266,22,67.33734939759036,0.012048192771084338,83,313.0,27.0,99.0,0.45454545454545453,4571.717171717171,0
PRV53397,3.0,116000.0,38666.666666666664,3.0,11.0,6270.0,570.0,11.0,16.928571428571427,20,72.71428571428571,0.0,14,42.0,2.0,14.0,0.21428571428571427,8733.57142857143,1
PRV53398,1.0,17000.0,17000.0,1.0,4.0,410.0,102.5,4.0,17.0,20,76.6,0.0,5,17.0,2.0,5.0,0.2,3482.0,0
PRV53399,7.0,67000.0,9571.42857142857,7.0,26.0,7120.0,273.84615384615387,23.0,17.033333333333335,22,75.33333333333333,0.0,30,106.0,7.0,33.0,0.21212121212121213,2246.060606060606,1
PRV53401,130.0,1101000.0,8469.23076923077,113.0,173.0,42010.0,242.83236994219652,165.0,17.06909090909091,22,73.59272727272727,0.007272727272727273,275,648.0,57.0,303.0,0.429042904290429,3772.3102310231025,1
PRV53402,0.0,0.0,0.0,0.0,17.0,7230.0,425.29411764705884,10.0,18.8,22,76.7,0.0,10,43.0,0.0,17.0,0.0,425.29411764705884,0
PRV53403,0.0,0.0,0.0,0.0,72.0,15250.0,211.80555555555554,67.0,17.35820895522388,22,73.56716417910448,0.0,67,156.0,0.0,72.0,0.0,211.80555555555554,0
PRV53405,21.0,192000.0,9142.857142857143,21.0,168.0,47010.0,279.82142857142856,146.0,17.445121951219512,22,72.25,0.006097560975609756,164,381.0,15.0,189.0,0.1111111111111111,1264.6031746031747,0
PRV53407,3.0,16000.0,5333.333333333333,2.0,130.0,37960.0,292.0,40.0,17.25,21,69.525,0.0,40,262.0,3.0,133.0,0.022556390977443608,405.7142857142857,0
PRV53408,10.0,74000.0,7400.0,10.0,37.0,14780.0,399.4594594594595,36.0,17.11111111111111,21,74.86666666666666,0.0,45,144.0,11.0,47.0,0.2127659574468085,1888.936170212766,0
PRV53409,3.0,24000.0,8000.0,3.0,31.0,4130.0,133.2258064516129,21.0,18.0,21,67.72727272727273,0.0,22,88.0,5.0,34.0,0.08823529411764706,827.3529411764706,0
PRV53411,0.0,0.0,0.0,0.0,6.0,2570.0,428.3333333333333,6.0,15.833333333333334,20,65.5,0.0,6,20.0,0.0,6.0,0.0,428.3333333333333,0
PRV53412,0.0,0.0,0.0,0.0,27.0,9640.0,357.037037037037,26.0,17.153846153846153,22,72.84615384615384,0.0,26,67.0,0.0,27.0,0.0,357.037037037037,0
PRV53413,2.0,29000.0,14500.0,2.0,28.0,5040.0,180.0,25.0,17.037037037037038,22,76.29629629629629,0.0,27,70.0,1.0,30.0,0.06666666666666667,1134.6666666666667,0
PRV53415,0.0,0.0,0.0,0.0,34.0,12050.0,354.4117647058824,27.0,17.703703703703702,22,67.62962962962963,0.0,27,66.0,0.0,34.0,0.0,354.4117647058824,0
PRV53416,1.0,14000.0,14000.0,1.0,86.0,36840.0,428.3720930232558,58.0,17.593220338983052,22,69.50847457627118,0.01694915254237288,59,198.0,1.0,87.0,0.011494252873563218,584.3678160919541,0
PRV53417,7.0,76000.0,10857.142857142857,7.0,164.0,39090.0,238.35365853658536,69.0,17.943661971830984,22,70.08450704225352,0.0,71,338.0,4.0,171.0,0.04093567251461988,673.0409356725146,1
PRV53419,5.0,43000.0,8600.0,5.0,14.0,3410.0,243.57142857142858,13.0,17.444444444444443,22,73.61111111111111,0.0,18,62.0,6.0,19.0,0.2631578947368421,2442.6315789473683,0
PRV53421,95.0,984000.0,10357.894736842105,77.0,34.0,15910.0,467.94117647058823,34.0,17.272727272727273,22,72.76363636363637,0.0,110,401.0,48.0,129.0,0.7364341085271318,7751.240310077519,1
PRV53423,5.0,34000.0,6800.0,4.0,48.0,14240.0,296.6666666666667,40.0,17.27906976744186,21,73.37209302325581,0.0,43,146.0,6.0,53.0,0.09433962264150944,910.188679245283,0
PRV53424,37.0,375000.0,10135.135135135135,28.0,226.0,77390.0,342.43362831858406,113.0,18.12,22,71.072,0.0,125,505.0,19.0,263.0,0.14068441064638784,1720.1140684410645,0
PRV53426,0.0,0.0,0.0,0.0,10.0,1480.0,148.0,6.0,17.5,22,76.83333333333333,0.0,6,20.0,0.0,10.0,0.0,148.0,0
PRV53427,0.0,0.0,0.0,0.0,24.0,8880.0,370.0,17.0,17.0,19,71.76470588235294,0.0,17,54.0,0.0,24.0,0.0,370.0,0
PRV53428,0.0,0.0,0.0,0.0,22.0,4930.0,224.0909090909091,22.0,17.40909090909091,21,72.9090909090909,0.0,22,44.0,0.0,22.0,0.0,224.0909090909091,0
PRV53429,1.0,16000.0,16000.0,1.0,28.0,6690.0,238.92857142857142,26.0,17.62962962962963,22,71.77777777777777,0.0,27,55.0,1.0,29.0,0.034482758620689655,782.4137931034483,0
PRV53431,1.0,21000.0,21000.0,1.0,41.0,9080.0,221.46341463414635,30.0,17.387096774193548,21,70.61290322580645,0.0,31,75.0,1.0,42.0,0.023809523809523808,716.1904761904761,0
PRV53432,13.0,170000.0,13076.923076923076,13.0,109.0,21580.0,197.9816513761468,97.0,17.19090909090909,22,69.69090909090909,0.0,110,270.0,10.0,122.0,0.10655737704918032,1570.327868852459,0
PRV53433,0.0,0.0,0.0,0.0,19.0,2920.0,153.68421052631578,15.0,17.533333333333335,20,69.66666666666667,0.0,15,48.0,0.0,19.0,0.0,153.68421052631578,0
PRV53435,0.0,0.0,0.0,0.0,6.0,5490.0,915.0,6.0,17.333333333333332,21,63.833333333333336,0.0,6,20.0,0.0,6.0,0.0,915.0,0
PRV53436,3.0,14000.0,4666.666666666667,3.0,15.0,2420.0,161.33333333333334,15.0,16.61111111111111,20,69.05555555555556,0.0,18,61.0,3.0,18.0,0.16666666666666666,912.2222222222222,0
PRV53437,1.0,6000.0,6000.0,1.0,8.0,1740.0,217.5,8.0,17.0,20,68.55555555555556,0.0,9,40.0,1.0,9.0,0.1111111111111111,860.0,0
PRV53438,8.0,58000.0,7250.0,8.0,53.0,9830.0,185.47169811320754,45.0,17.58823529411765,22,69.09803921568627,0.0,51,135.0,5.0,61.0,0.13114754098360656,1111.967213114754,0
PRV53439,0.0,0.0,0.0,0.0,24.0,5670.0,236.25,23.0,17.782608695652176,21,75.17391304347827,0.0,23,58.0,0.0,24.0,0.0,236.25,0
PRV53440,1.0,4000.0,4000.0,1.0,163.0,55590.0,341.04294478527606,98.0,17.887755102040817,22,73.0204081632653,0.01020408163265306,98,298.0,1.0,164.0,0.006097560975609756,363.3536585365854,0
PRV53441,14.0,184000.0,13142.857142857143,13.0,24.0,3610.0,150.41666666666666,24.0,17.25,22,69.80555555555556,0.0,36,143.0,11.0,38.0,0.3684210526315789,4937.105263157895,0
PRV53442,8.0,82000.0,10250.0,7.0,38.0,10730.0,282.36842105263156,35.0,17.575,22,68.6,0.0,40,125.0,6.0,46.0,0.17391304347826086,2015.8695652173913,0
PRV53443,0.0,0.0,0.0,0.0,215.0,81290.0,378.09302325581393,100.0,17.46,22,69.52,0.0,100,392.0,0.0,215.0,0.0,378.09302325581393,0
PRV53444,10.0,97000.0,9700.0,9.0,17.0,4300.0,252.94117647058823,17.0,16.807692307692307,21,72.23076923076923,0.0,26,101.0,7.0,27.0,0.37037037037037035,3751.8518518518517,0
PRV53445,0.0,0.0,0.0,0.0,7.0,4940.0,705.7142857142857,7.0,17.428571428571427,20,67.57142857142857,0.0,7,20.0,0.0,7.0,0.0,705.7142857142857,0
PRV53446,0.0,0.0,0.0,0.0,46.0,12880.0,280.0,44.0,17.227272727272727,22,74.6590909090909,0.022727272727272728,44,112.0,0.0,46.0,0.0,280.0,0
PRV53447,0.0,0.0,0.0,0.0,39.0,6170.0,158.2051282051282,35.0,16.82857142857143,21,73.31428571428572,0.0,35,96.0,0.0,39.0,0.0,158.2051282051282,0
PRV53448,10.0,76200.0,7620.0,10.0,54.0,16230.0,300.55555555555554,52.0,16.919354838709676,22,72.08064516129032,0.0,62,172.0,5.0,64.0,0.15625,1444.21875,0
PRV53449,1.0,9000.0,9000.0,1.0,8.0,980.0,122.5,8.0,17.333333333333332,19,77.66666666666667,0.0,9,28.0,1.0,9.0,0.1111111111111111,1108.888888888889,0
PRV53450,0.0,0.0,0.0,0.0,50.0,14890.0,297.8,48.0,17.208333333333332,22,71.625,0.0,48,97.0,0.0,50.0,0.0,297.8,0
PRV53451,5.0,25000.0,5000.0,5.0,0.0,0.0,0.0,0.0,16.4,18,73.8,0.0,5,39.0,2.0,5.0,1.0,5000.0,0
PRV53452,0.0,0.0,0.0,0.0,62.0,37100.0,598.3870967741935,44.0,17.386363636363637,21,70.18181818181819,0.022727272727272728,44,119.0,0.0,62.0,0.0,598.3870967741935,0
PRV53453,4.0,38000.0,9500.0,4.0,11.0,4980.0,452.72727272727275,11.0,16.6,22,70.13333333333334,0.0,15,64.0,5.0,15.0,0.26666666666666666,2865.3333333333335,0
PRV53454,0.0,0.0,0.0,0.0,25.0,5580.0,223.2,21.0,17.333333333333332,21,66.80952380952381,0.0,21,51.0,2.0,25.0,0.0,223.2,0
PRV53455,0.0,0.0,0.0,0.0,39.0,8640.0,221.53846153846155,36.0,17.63888888888889,22,71.05555555555556,0.0,36,91.0,0.0,39.0,0.0,221.53846153846155,0
PRV53456,5.0,62000.0,12400.0,5.0,24.0,7670.0,319.5833333333333,22.0,17.0,22,70.48148148148148,0.0,27,80.0,4.0,29.0,0.1724137931034483,2402.4137931034484,0
PRV53457,0.0,0.0,0.0,0.0,5.0,9430.0,1886.0,5.0,16.6,18,77.6,0.0,5,11.0,0.0,5.0,0.0,1886.0,0
PRV53460,0.0,0.0,0.0,0.0,3.0,820.0,273.3333333333333,3.0,19.333333333333332,20,69.0,0.0,3,11.0,0.0,3.0,0.0,273.3333333333333,0
PRV53461,14.0,315000.0,22500.0,12.0,22.0,110080.0,5003.636363636364,22.0,17.15625,22,71.5625,0.0,32,125.0,8.0,36.0,0.3888888888888889,11807.777777777777,1
PRV53462,0.0,0.0,0.0,0.0,11.0,4450.0,404.54545454545456,11.0,17.09090909090909,20,76.54545454545455,0.0,11,33.0,0.0,11.0,0.0,404.54545454545456,0
PRV53463,3.0,13000.0,4333.333333333333,3.0,73.0,25030.0,342.8767123287671,40.0,17.372093023255815,22,71.20930232558139,0.0,43,186.0,1.0,76.0,0.039473684210526314,500.39473684210526,0
PRV53465,3.0,28000.0,9333.333333333334,3.0,20.0,6750.0,337.5,18.0,17.857142857142858,22,70.47619047619048,0.0,21,74.0,3.0,23.0,0.13043478260869565,1510.8695652173913,0
PRV53467,0.0,0.0,0.0,0.0,10.0,850.0,85.0,9.0,17.666666666666668,21,75.11111111111111,0.0,9,18.0,0.0,10.0,0.0,85.0,0
PRV53469,0.0,0.0,0.0,0.0,14.0,7460.0,532.8571428571429,13.0,18.153846153846153,21,70.76923076923077,0.0,13,30.0,0.0,14.0,0.0,532.8571428571429,0
PRV53470,0.0,0.0,0.0,0.0,64.0,21900.0,342.1875,57.0,17.035087719298247,22,73.56140350877193,0.0,57,126.0,0.0,64.0,0.0,342.1875,0
PRV53471,1.0,19000.0,19000.0,1.0,30.0,6720.0,224.0,25.0,17.692307692307693,22,73.1923076923077,0.0,26,75.0,1.0,31.0,0.03225806451612903,829.6774193548387,0
PRV53472,0.0,0.0,0.0,0.0,3.0,3440.0,1146.6666666666667,3.0,17.666666666666668,19,75.0,0.0,3,8.0,0.0,3.0,0.0,1146.6666666666667,0
PRV53473,0.0,0.0,0.0,0.0,11.0,7140.0,649.0909090909091,7.0,17.857142857142858,22,69.85714285714286,0.0,7,32.0,0.0,11.0,0.0,649.0909090909091,0
PRV53474,0.0,0.0,0.0,0.0,6.0,470.0,78.33333333333333,6.0,17.5,21,81.5,0.0,6,17.0,0.0,6.0,0.0,78.33333333333333,0
PRV53475,0.0,0.0,0.0,0.0,10.0,4190.0,419.0,10.0,17.4,21,62.7,0.0,10,19.0,0.0,10.0,0.0,419.0,0
PRV53476,0.0,0.0,0.0,0.0,10.0,3310.0,331.0,10.0,16.7,21,70.9,0.0,10,30.0,0.0,10.0,0.0,331.0,0
PRV53477,0.0,0.0,0.0,0.0,50.0,14170.0,283.4,45.0,17.666666666666668,22,67.24444444444444,0.0,45,110.0,0.0,50.0,0.0,283.4,0
PRV53478,0.0,0.0,0.0,0.0,149.0,50680.0,340.13422818791946,93.0,18.182795698924732,22,68.41935483870968,0.0,93,276.0,0.0,149.0,0.0,340.13422818791946,0
PRV53479,0.0,0.0,0.0,0.0,5.0,390.0,78.0,5.0,17.0,21,68.6,0.0,5,11.0,0.0,5.0,0.0,78.0,0
PRV53480,0.0,0.0,0.0,0.0,10.0,1520.0,152.0,9.0,17.444444444444443,22,82.77777777777777,0.0,9,25.0,0.0,10.0,0.0,152.0,0
PRV53482,0.0,0.0,0.0,0.0,24.0,10120.0,421.6666666666667,21.0,17.428571428571427,20,68.57142857142857,0.0,21,61.0,0.0,24.0,0.0,421.6666666666667,0
PRV53483,2.0,10000.0,5000.0,2.0,16.0,10080.0,630.0,13.0,16.2,19,72.2,0.0,15,47.0,2.0,18.0,0.1111111111111111,1115.5555555555557,0
PRV53484,0.0,0.0,0.0,0.0,63.0,16720.0,265.3968253968254,42.0,17.214285714285715,21,73.83333333333333,0.0,42,152.0,0.0,63.0,0.0,265.3968253968254,0
PRV53485,0.0,0.0,0.0,0.0,5.0,330.0,66.0,5.0,17.6,20,72.6,0.0,5,14.0,0.0,5.0,0.0,66.0,0
PRV53486,0.0,0.0,0.0,0.0,28.0,5640.0,201.42857142857142,13.0,18.46153846153846,22,72.76923076923077,0.0,13,81.0,0.0,28.0,0.0,201.42857142857142,0
PRV53487,0.0,0.0,0.0,0.0,40.0,15530.0,388.25,17.0,17.41176470588235,21,70.6470588235294,0.0,17,77.0,0.0,40.0,0.0,388.25,0
PRV53489,5.0,71000.0,14200.0,3.0,15.0,3870.0,258.0,12.0,18.666666666666668,22,63.8,0.0,15,71.0,2.0,20.0,0.25,3743.5,0
PRV53490,0.0,0.0,0.0,0.0,145.0,38620.0,266.3448275862069,66.0,17.545454545454547,22,71.4090909090909,0.030303030303030304,66,291.0,0.0,145.0,0.0,266.3448275862069,0
PRV53491,0.0,0.0,0.0,0.0,16.0,1760.0,110.0,14.0,16.857142857142858,20,65.57142857142857,0.0,14,30.0,0.0,16.0,0.0,110.0,0
PRV53492,0.0,0.0,0.0,0.0,3.0,590.0,196.66666666666666,3.0,17.666666666666668,19,76.0,0.0,3,9.0,0.0,3.0,0.0,196.66666666666666,0
PRV53494,0.0,0.0,0.0,0.0,7.0,470.0,67.14285714285714,7.0,18.571428571428573,21,71.14285714285714,0.0,7,11.0,0.0,7.0,0.0,67.14285714285714,0
PRV53495,0.0,0.0,0.0,0.0,34.0,14990.0,440.88235294117646,20.0,17.65,21,75.1,0.0,20,72.0,0.0,34.0,0.0,440.88235294117646,0
PRV53496,0.0,0.0,0.0,0.0,58.0,14660.0,252.75862068965517,29.0,18.379310344827587,22,76.10344827586206,0.0,29,134.0,0.0,58.0,0.0,252.75862068965517,0
PRV53498,0.0,0.0,0.0,0.0,2.0,860.0,430.0,2.0,18.5,19,79.5,0.0,2,3.0,0.0,2.0,0.0,430.0,0
PRV53499,0.0,0.0,0.0,0.0,46.0,12370.0,268.9130434782609,18.0,17.555555555555557,22,71.83333333333333,0.0,18,102.0,0.0,46.0,0.0,268.9130434782609,0
PRV53501,0.0,0.0,0.0,0.0,1.0,300.0,300.0,1.0,18.0,18,41.0,0.0,1,4.0,0.0,1.0,0.0,300.0,0
PRV53502,0.0,0.0,0.0,0.0,47.0,8000.0,170.2127659574468,27.0,17.37037037037037,22,69.4074074074074,0.0,27,91.0,0.0,47.0,0.0,170.2127659574468,0
PRV53503,0.0,0.0,0.0,0.0,13.0,5380.0,413.84615384615387,9.0,18.11111111111111,22,71.0,0.0,9,17.0,0.0,13.0,0.0,413.84615384615387,0
PRV53504,0.0,0.0,0.0,0.0,4.0,730.0,182.5,4.0,17.75,20,76.0,0.0,4,8.0,0.0,4.0,0.0,182.5,0
PRV53506,0.0,0.0,0.0,0.0,1.0,500.0,500.0,1.0,17.0,17,70.0,0.0,1,8.0,0.0,1.0,0.0,500.0,0
PRV53507,9.0,62000.0,6888.888888888889,8.0,0.0,0.0,0.0,0.0,16.125,20,81.75,0.0,8,63.0,4.0,9.0,1.0,6888.888888888889,0
PRV53509,1.0,15000.0,15000.0,1.0,0.0,0.0,0.0,0.0,17.0,17,75.0,0.0,1,9.0,1.0,1.0,1.0,15000.0,0
PRV53510,2.0,11000.0,5500.0,2.0,14.0,2880.0,205.71428571428572,10.0,17.416666666666668,21,66.75,0.0,12,53.0,2.0,16.0,0.125,867.5,0
PRV53511,1.0,0.0,0.0,1.0,0.0,0.0,0.0,0.0,16.0,16,67.0,1.0,1,9.0,2.0,1.0,1.0,0.0,0
PRV53513,2.0,18000.0,9000.0,2.0,0.0,0.0,0.0,0.0,14.0,15,65.5,0.0,2,15.0,2.0,2.0,1.0,9000.0,0
PRV53515,1.0,14000.0,14000.0,1.0,0.0,0.0,0.0,0.0,13.0,13,49.0,0.0,1,9.0,2.0,1.0,1.0,14000.0,0
PRV53516,1.0,3000.0,3000.0,1.0,0.0,0.0,0.0,0.0,15.0,15,78.0,0.0,1,9.0,0.0,1.0,1.0,3000.0,0
PRV53517,2.0,17000.0,8500.0,2.0,0.0,0.0,0.0,0.0,17.0,18,75.5,0.0,2,17.0,0.0,2.0,1.0,8500.0,0
PRV53519,9.0,61000.0,6777.777777777777,9.0,0.0,0.0,0.0,0.0,16.88888888888889,19,68.11111111111111,0.0,9,61.0,8.0,9.0,1.0,6777.777777777777,0
PRV53520,0.0,0.0,0.0,0.0,4.0,690.0,172.5,4.0,16.75,19,73.75,0.0,4,18.0,0.0,4.0,0.0,172.5,0
PRV53521,0.0,0.0,0.0,0.0,9.0,380.0,42.22222222222222,8.0,19.125,22,65.0,0.0,8,16.0,0.0,9.0,0.0,42.22222222222222,0
PRV53522,0.0,0.0,0.0,0.0,26.0,3690.0,141.92307692307693,25.0,17.64,22,68.0,0.0,25,58.0,0.0,26.0,0.0,141.92307692307693,0
PRV53523,0.0,0.0,0.0,0.0,89.0,26250.0,294.9438202247191,70.0,17.642857142857142,22,71.68571428571428,0.0,70,168.0,0.0,89.0,0.0,294.9438202247191,0
PRV53524,0.0,0.0,0.0,0.0,52.0,10110.0,194.42307692307693,44.0,17.59090909090909,22,66.8409090909091,0.0,44,104.0,0.0,52.0,0.0,194.42307692307693,0
PRV53525,0.0,0.0,0.0,0.0,2.0,700.0,350.0,2.0,16.5,17,87.5,0.0,2,2.0,0.0,2.0,0.0,350.0,0
PRV53526,0.0,0.0,0.0,0.0,60.0,18440.0,307.3333333333333,28.0,17.928571428571427,22,66.96428571428571,0.0,28,122.0,0.0,60.0,0.0,307.3333333333333,0
PRV53527,0.0,0.0,0.0,0.0,37.0,9500.0,256.7567567567568,31.0,17.903225806451612,22,71.25806451612904,0.0,31,82.0,0.0,37.0,0.0,256.7567567567568,0
PRV53530,0.0,0.0,0.0,0.0,27.0,6940.0,257.037037037037,26.0,17.807692307692307,22,73.76923076923077,0.0,26,67.0,0.0,27.0,0.0,257.037037037037,0
PRV53531,0.0,0.0,0.0,0.0,11.0,940.0,85.45454545454545,9.0,18.11111111111111,21,72.77777777777777,0.0,9,27.0,0.0,11.0,0.0,85.45454545454545,0
PRV53532,0.0,0.0,0.0,0.0,9.0,2230.0,247.77777777777777,8.0,15.125,20,72.5,0.0,8,24.0,0.0,9.0,0.0,247.77777777777777,0
PRV53533,0.0,0.0,0.0,0.0,51.0,21850.0,428.4313725490196,32.0,17.5,22,67.84375,0.0,32,109.0,0.0,51.0,0.0,428.4313725490196,0
PRV53534,0.0,0.0,0.0,0.0,76.0,24190.0,318.2894736842105,41.0,18.341463414634145,22,68.3170731707317,0.0,41,132.0,0.0,76.0,0.0,318.2894736842105,0
PRV53535,0.0,0.0,0.0,0.0,19.0,8970.0,472.10526315789474,18.0,17.944444444444443,22,77.27777777777777,0.0,18,47.0,0.0,19.0,0.0,472.10526315789474,0
PRV53536,0.0,0.0,0.0,0.0,31.0,5660.0,182.58064516129033,25.0,16.68,21,70.16,0.08,25,61.0,0.0,31.0,0.0,182.58064516129033,0
PRV53539,0.0,0.0,0.0,0.0,2.0,200.0,100.0,2.0,18.0,21,64.5,0.0,2,6.0,0.0,2.0,0.0,100.0,0
PRV53540,0.0,0.0,0.0,0.0,13.0,3060.0,235.3846153846154,12.0,18.333333333333332,21,75.83333333333333,0.0,12,40.0,0.0,13.0,0.0,235.3846153846154,0
PRV53544,0.0,0.0,0.0,0.0,17.0,4860.0,285.88235294117646,14.0,17.0,21,65.57142857142857,0.0,14,50.0,0.0,17.0,0.0,285.88235294117646,0
PRV53545,0.0,0.0,0.0,0.0,1.0,60.0,60.0,1.0,18.0,18,66.0,0.0,1,3.0,0.0,1.0,0.0,60.0,0
PRV53547,0.0,0.0,0.0,0.0,21.0,6850.0,326.1904761904762,18.0,17.88888888888889,21,73.88888888888889,0.0,18,44.0,0.0,21.0,0.0,326.1904761904762,0
PRV53548,0.0,0.0,0.0,0.0,4.0,250.0,62.5,4.0,17.25,20,70.25,0.0,4,14.0,0.0,4.0,0.0,62.5,0
PRV53549,0.0,0.0,0.0,0.0,6.0,450.0,75.0,6.0,15.666666666666666,20,65.16666666666667,0.0,6,11.0,0.0,6.0,0.0,75.0,0
PRV53550,0.0,0.0,0.0,0.0,10.0,3130.0,313.0,10.0,17.5,19,78.4,0.0,10,27.0,0.0,10.0,0.0,313.0,0
PRV53551,0.0,0.0,0.0,0.0,29.0,11220.0,386.8965517241379,19.0,17.526315789473685,21,73.3157894736842,0.0,19,71.0,0.0,29.0,0.0,386.8965517241379,0
PRV53553,0.0,0.0,0.0,0.0,30.0,7060.0,235.33333333333334,20.0,17.4,22,71.6,0.0,20,61.0,0.0,30.0,0.0,235.33333333333334,0
PRV53554,0.0,0.0,0.0,0.0,2.0,70.0,35.0,2.0,21.0,22,77.0,0.0,2,4.0,0.0,2.0,0.0,35.0,0
PRV53555,0.0,0.0,0.0,0.0,11.0,3260.0,296.3636363636364,5.0,16.8,20,71.4,0.0,5,25.0,0.0,11.0,0.0,296.3636363636364,0
PRV53556,0.0,0.0,0.0,0.0,31.0,11550.0,372.5806451612903,26.0,17.923076923076923,22,63.38461538461539,0.0,26,77.0,0.0,31.0,0.0,372.5806451612903,0
PRV53558,0.0,0.0,0.0,0.0,22.0,7320.0,332.72727272727275,10.0,18.1,21,74.4,0.0,10,69.0,0.0,22.0,0.0,332.72727272727275,0
PRV53559,0.0,0.0,0.0,0.0,2.0,60.0,30.0,2.0,20.5,21,78.0,0.0,2,7.0,0.0,2.0,0.0,30.0,0
PRV53560,0.0,0.0,0.0,0.0,23.0,6960.0,302.60869565217394,21.0,17.61904761904762,21,71.38095238095238,0.0,21,56.0,0.0,23.0,0.0,302.60869565217394,0
PRV53561,0.0,0.0,0.0,0.0,9.0,5690.0,632.2222222222222,8.0,17.875,21,74.125,0.0,8,18.0,0.0,9.0,0.0,632.2222222222222,0
PRV53562,0.0,0.0,0.0,0.0,10.0,5890.0,589.0,10.0,18.8,22,66.6,0.0,10,28.0,0.0,10.0,0.0,589.0,0
PRV53563,0.0,0.0,0.0,0.0,2.0,60.0,30.0,2.0,18.0,19,78.5,0.0,2,5.0,0.0,2.0,0.0,30.0,0
PRV53564,0.0,0.0,0.0,0.0,5.0,220.0,44.0,4.0,16.25,18,82.75,0.0,4,12.0,0.0,5.0,0.0,44.0,0
PRV53565,0.0,0.0,0.0,0.0,5.0,1910.0,382.0,5.0,18.8,20,63.8,0.0,5,10.0,0.0,5.0,0.0,382.0,0
PRV53566,0.0,0.0,0.0,0.0,4.0,590.0,147.5,4.0,16.5,21,78.25,0.0,4,5.0,0.0,4.0,0.0,147.5,0
PRV53568,0.0,0.0,0.0,0.0,4.0,1230.0,307.5,2.0,15.5,16,60.5,0.0,2,10.0,0.0,4.0,0.0,307.5,0
PRV53569,0.0,0.0,0.0,0.0,14.0,3790.0,270.7142857142857,11.0,18.181818181818183,21,72.18181818181819,0.0,11,32.0,0.0,14.0,0.0,270.7142857142857,0
PRV53570,0.0,0.0,0.0,0.0,18.0,8110.0,450.55555555555554,18.0,17.0,21,68.05555555555556,0.0,18,50.0,0.0,18.0,0.0,450.55555555555554,0
PRV53571,0.0,0.0,0.0,0.0,26.0,2810.0,108.07692307692308,25.0,17.24,21,69.72,0.0,25,59.0,0.0,26.0,0.0,108.07692307692308,0
PRV53572,0.0,0.0,0.0,0.0,5.0,1610.0,322.0,5.0,19.0,21,74.2,0.0,5,8.0,0.0,5.0,0.0,322.0,0
PRV53573,0.0,0.0,0.0,0.0,32.0,10830.0,338.4375,27.0,17.62962962962963,21,71.29629629629629,0.0,27,67.0,0.0,32.0,0.0,338.4375,0
PRV53574,0.0,0.0,0.0,0.0,17.0,2750.0,161.76470588235293,14.0,16.857142857142858,22,70.0,0.0,14,34.0,0.0,17.0,0.0,161.76470588235293,0
PRV53577,0.0,0.0,0.0,0.0,11.0,2150.0,195.45454545454547,11.0,16.272727272727273,20,74.54545454545455,0.0,11,24.0,0.0,11.0,0.0,195.45454545454547,0
PRV53578,0.0,0.0,0.0,0.0,7.0,570.0,81.42857142857143,6.0,15.5,17,73.33333333333333,0.0,6,23.0,0.0,7.0,0.0,81.42857142857143,0
PRV53581,0.0,0.0,0.0,0.0,11.0,990.0,90.0,10.0,17.5,22,74.4,0.0,10,30.0,0.0,11.0,0.0,90.0,0
PRV53582,0.0,0.0,0.0,0.0,14.0,6920.0,494.2857142857143,7.0,16.714285714285715,18,69.85714285714286,0.0,7,37.0,0.0,14.0,0.0,494.2857142857143,0
PRV53584,0.0,0.0,0.0,0.0,8.0,1490.0,186.25,6.0,17.833333333333332,22,70.66666666666667,0.0,6,19.0,0.0,8.0,0.0,186.25,0
PRV53585,0.0,0.0,0.0,0.0,4.0,500.0,125.0,4.0,19.0,19,74.75,0.25,4,8.0,0.0,4.0,0.0,125.0,0
PRV53586,0.0,0.0,0.0,0.0,3.0,160.0,53.333333333333336,3.0,17.0,20,59.333333333333336,0.0,3,11.0,0.0,3.0,0.0,53.333333333333336,0
PRV53587,0.0,0.0,0.0,0.0,3.0,770.0,256.6666666666667,3.0,17.666666666666668,20,74.0,0.0,3,8.0,0.0,3.0,0.0,256.6666666666667,0
PRV53588,0.0,0.0,0.0,0.0,1.0,10.0,10.0,1.0,18.0,18,54.0,0.0,1,4.0,0.0,1.0,0.0,10.0,0
PRV53589,0.0,0.0,0.0,0.0,2.0,500.0,250.0,2.0,18.0,20,61.0,0.0,2,2.0,0.0,2.0,0.0,250.0,0
PRV53590,7.0,96000.0,13714.285714285714,7.0,12.0,2820.0,235.0,11.0,16.833333333333332,20,76.22222222222223,0.0,18,65.0,4.0,19.0,0.3684210526315789,5201.0526315789475,0
PRV53591,6.0,70000.0,11666.666666666666,6.0,0.0,0.0,0.0,0.0,15.333333333333334,18,71.83333333333333,0.0,6,48.0,7.0,6.0,1.0,11666.666666666666,0
PRV53593,0.0,0.0,0.0,0.0,17.0,5090.0,299.4117647058824,11.0,18.545454545454547,22,73.9090909090909,0.0,11,44.0,0.0,17.0,0.0,299.4117647058824,0
PRV53594,0.0,0.0,0.0,0.0,101.0,29470.0,291.7821782178218,60.0,17.8,22,69.91666666666667,0.0,60,194.0,0.0,101.0,0.0,291.7821782178218,0
PRV53595,0.0,0.0,0.0,0.0,9.0,4460.0,495.55555555555554,9.0,16.444444444444443,20,76.66666666666667,0.0,9,18.0,0.0,9.0,0.0,495.55555555555554,0
PRV53596,0.0,0.0,0.0,0.0,4.0,820.0,205.0,4.0,15.25,17,85.5,0.0,4,6.0,0.0,4.0,0.0,205.0,0
PRV53597,6.0,41000.0,6833.333333333333,6.0,0.0,0.0,0.0,0.0,18.166666666666668,22,60.333333333333336,0.0,6,42.0,6.0,6.0,1.0,6833.333333333333,0
PRV53598,8.0,70000.0,8750.0,8.0,0.0,0.0,0.0,0.0,16.875,20,68.125,0.0,8,48.0,6.0,8.0,1.0,8750.0,0
PRV53599,3.0,22000.0,7333.333333333333,3.0,0.0,0.0,0.0,0.0,18.666666666666668,20,69.66666666666667,0.0,3,27.0,2.0,3.0,1.0,7333.333333333333,0
PRV53600,1.0,4000.0,4000.0,1.0,0.0,0.0,0.0,0.0,18.0,18,76.0,0.0,1,10.0,1.0,1.0,1.0,4000.0,0
PRV53601,2.0,6000.0,3000.0,2.0,0.0,0.0,0.0,0.0,19.5,22,65.0,0.0,2,11.0,3.0,2.0,1.0,3000.0,0
PRV53602,4.0,21000.0,5250.0,4.0,0.0,0.0,0.0,0.0,17.75,20,78.0,0.0,4,35.0,3.0,4.0,1.0,5250.0,0
PRV53604,6.0,51000.0,8500.0,5.0,0.0,0.0,0.0,0.0,17.8,22,71.0,0.0,5,36.0,2.0,6.0,1.0,8500.0,0
PRV53605,0.0,0.0,0.0,0.0,55.0,7250.0,131.8181818181818,55.0,17.89090909090909,22,72.23636363636363,0.0,55,105.0,0.0,55.0,0.0,131.8181818181818,0
PRV53606,0.0,0.0,0.0,0.0,76.0,11750.0,154.60526315789474,74.0,17.85135135135135,22,73.54054054054055,0.0,74,150.0,0.0,76.0,0.0,154.60526315789474,0
PRV53607,0.0,0.0,0.0,0.0,26.0,8290.0,318.84615384615387,26.0,18.115384615384617,21,69.15384615384616,0.0,26,73.0,0.0,26.0,0.0,318.84615384615387,0
PRV53608,0.0,0.0,0.0,0.0,199.0,50290.0,252.71356783919597,176.0,17.931818181818183,22,72.1534090909091,0.005681818181818182,176,355.0,0.0,199.0,0.0,252.71356783919597,0
PRV53609,2.0,8000.0,4000.0,2.0,181.0,52050.0,287.56906077348066,174.0,17.6875,22,73.63636363636364,0.005681818181818182,176,330.0,1.0,183.0,0.01092896174863388,328.14207650273227,0
PRV53611,0.0,0.0,0.0,0.0,36.0,14410.0,400.27777777777777,36.0,17.27777777777778,22,70.33333333333333,0.0,36,89.0,0.0,36.0,0.0,400.27777777777777,0
PRV53612,6.0,27000.0,4500.0,6.0,40.0,4180.0,104.5,40.0,17.67391304347826,21,74.93478260869566,0.0,46,109.0,5.0,46.0,0.13043478260869565,677.8260869565217,0
PRV53613,15.0,137000.0,9133.333333333334,14.0,120.0,31350.0,261.25,117.0,17.566929133858267,22,73.37007874015748,0.015748031496062992,127,283.0,11.0,135.0,0.1111111111111111,1247.037037037037,0
PRV53614,0.0,0.0,0.0,0.0,118.0,25710.0,217.88135593220338,104.0,17.817307692307693,22,74.64423076923077,0.0,104,214.0,0.0,118.0,0.0,217.88135593220338,0
PRV53616,2.0,26000.0,13000.0,2.0,42.0,8970.0,213.57142857142858,39.0,17.390243902439025,22,73.07317073170732,0.024390243902439025,41,107.0,1.0,44.0,0.045454545454545456,794.7727272727273,0
PRV53617,0.0,0.0,0.0,0.0,83.0,33480.0,403.3734939759036,70.0,18.014285714285716,22,73.57142857142857,0.014285714285714285,70,187.0,0.0,83.0,0.0,403.3734939759036,0
PRV53618,12.0,60000.0,5000.0,11.0,224.0,55660.0,248.48214285714286,192.0,17.59605911330049,22,71.77339901477832,0.009852216748768473,203,450.0,5.0,236.0,0.05084745762711865,490.08474576271186,0
PRV53619,0.0,0.0,0.0,0.0,2.0,560.0,280.0,2.0,14.5,16,60.0,0.0,2,3.0,0.0,2.0,0.0,280.0,0
PRV53620,6.0,38000.0,6333.333333333333,5.0,122.0,44850.0,367.62295081967216,117.0,17.729508196721312,22,72.99180327868852,0.00819672131147541,122,282.0,4.0,128.0,0.046875,647.265625,0
PRV53621,0.0,0.0,0.0,0.0,81.0,22500.0,277.77777777777777,75.0,17.2,22,73.0,0.0,75,182.0,0.0,81.0,0.0,277.77777777777777,0
PRV53622,0.0,0.0,0.0,0.0,6.0,460.0,76.66666666666667,6.0,17.5,22,70.83333333333333,0.0,6,6.0,0.0,6.0,0.0,76.66666666666667,0
PRV53623,0.0,0.0,0.0,0.0,894.0,245450.0,274.5525727069351,395.0,18.10126582278481,22,73.13417721518988,0.020253164556962026,395,1063.0,0.0,894.0,0.0,274.5525727069351,1
PRV53624,0.0,0.0,0.0,0.0,143.0,40790.0,285.24475524475525,140.0,17.642857142857142,22,73.92142857142858,0.007142857142857143,140,266.0,0.0,143.0,0.0,285.24475524475525,0
PRV53625,0.0,0.0,0.0,0.0,147.0,44210.0,300.7482993197279,128.0,17.921875,22,73.734375,0.0,128,252.0,0.0,147.0,0.0,300.7482993197279,0
PRV53626,1.0,3000.0,3000.0,1.0,12.0,7560.0,630.0,12.0,15.692307692307692,20,76.23076923076923,0.0,13,37.0,0.0,13.0,0.07692307692307693,812.3076923076923,0
PRV53627,0.0,0.0,0.0,0.0,118.0,32390.0,274.49152542372883,56.0,18.053571428571427,22,69.5,0.03571428571428571,56,211.0,0.0,118.0,0.0,274.49152542372883,0
PRV53628,4.0,19000.0,4750.0,3.0,198.0,63780.0,322.1212121212121,175.0,17.696629213483146,22,73.84269662921348,0.0056179775280898875,178,354.0,7.0,202.0,0.019801980198019802,409.8019801980198,0
PRV53629,0.0,0.0,0.0,0.0,15.0,3950.0,263.3333333333333,15.0,17.8,20,76.2,0.0,15,34.0,0.0,15.0,0.0,263.3333333333333,0
PRV53631,0.0,0.0,0.0,0.0,6.0,470.0,78.33333333333333,6.0,16.5,19,75.33333333333333,0.0,6,13.0,0.0,6.0,0.0,78.33333333333333,0
PRV53632,2.0,7000.0,3500.0,2.0,13.0,7380.0,567.6923076923077,10.0,16.75,20,75.66666666666667,0.0,12,45.0,1.0,15.0,0.13333333333333333,958.6666666666666,0
PRV53633,0.0,0.0,0.0,0.0,66.0,18010.0,272.8787878787879,48.0,18.0,22,74.125,0.020833333333333332,48,157.0,0.0,66.0,0.0,272.8787878787879,0
PRV53634,0.0,0.0,0.0,0.0,497.0,145400.0,292.55533199195173,286.0,17.821678321678323,22,74.18881118881119,0.01048951048951049,286,712.0,0.0,497.0,0.0,292.55533199195173,0
PRV53635,5.0,82000.0,16400.0,5.0,49.0,8660.0,176.73469387755102,47.0,17.653846153846153,22,69.76923076923077,0.0,52,120.0,5.0,54.0,0.09259259259259259,1678.888888888889,0
PRV53638,0.0,0.0,0.0,0.0,111.0,38040.0,342.7027027027027,54.0,17.74074074074074,22,70.31481481481481,0.0,54,229.0,0.0,111.0,0.0,342.7027027027027,0
PRV53640,0.0,0.0,0.0,0.0,33.0,5660.0,171.5151515151515,27.0,18.14814814814815,21,74.48148148148148,0.0,27,80.0,0.0,33.0,0.0,171.5151515151515,0
PRV53641,0.0,0.0,0.0,0.0,8.0,2140.0,267.5,8.0,18.125,22,67.375,0.0,8,22.0,0.0,8.0,0.0,267.5,0
PRV53642,0.0,0.0,0.0,0.0,6.0,3270.0,545.0,6.0,19.333333333333332,21,73.16666666666667,0.0,6,12.0,0.0,6.0,0.0,545.0,0
PRV53643,0.0,0.0,0.0,0.0,1.0,200.0,200.0,1.0,13.0,13,69.0,0.0,1,2.0,0.0,1.0,0.0,200.0,0
PRV53644,0.0,0.0,0.0,0.0,22.0,4640.0,210.9090909090909,17.0,18.41176470588235,22,79.76470588235294,0.0,17,61.0,0.0,22.0,0.0,210.9090909090909,0
PRV53645,0.0,0.0,0.0,0.0,6.0,3600.0,600.0,6.0,16.5,20,72.66666666666667,0.0,6,16.0,0.0,6.0,0.0,600.0,0
PRV53646,0.0,0.0,0.0,0.0,3.0,20.0,6.666666666666667,3.0,17.666666666666668,20,79.33333333333333,0.0,3,9.0,0.0,3.0,0.0,6.666666666666667,0
PRV53647,0.0,0.0,0.0,0.0,7.0,610.0,87.14285714285714,5.0,17.8,21,81.4,0.0,5,18.0,0.0,7.0,0.0,87.14285714285714,0
PRV53648,0.0,0.0,0.0,0.0,20.0,10540.0,527.0,12.0,18.5,22,80.41666666666667,0.0,12,35.0,0.0,20.0,0.0,527.0,0
PRV53649,0.0,0.0,0.0,0.0,27.0,4770.0,176.66666666666666,24.0,17.833333333333332,22,72.58333333333333,0.0,24,47.0,0.0,27.0,0.0,176.66666666666666,0
PRV53651,0.0,0.0,0.0,0.0,11.0,900.0,81.81818181818181,10.0,17.9,21,71.0,0.0,10,30.0,0.0,11.0,0.0,81.81818181818181,0
PRV53652,0.0,0.0,0.0,0.0,25.0,3640.0,145.6,24.0,17.375,20,71.79166666666667,0.0,24,60.0,0.0,25.0,0.0,145.6,0
PRV53654,0.0,0.0,0.0,0.0,39.0,12040.0,308.71794871794873,35.0,17.914285714285715,21,78.37142857142857,0.0,35,88.0,0.0,39.0,0.0,308.71794871794873,0
PRV53655,0.0,0.0,0.0,0.0,1.0,20.0,20.0,1.0,18.0,18,68.0,0.0,1,4.0,0.0,1.0,0.0,20.0,0
PRV53656,0.0,0.0,0.0,0.0,5.0,1150.0,230.0,5.0,18.6,20,66.8,0.0,5,9.0,0.0,5.0,0.0,230.0,0
PRV53657,0.0,0.0,0.0,0.0,25.0,2850.0,114.0,24.0,17.916666666666668,22,70.375,0.0,24,59.0,0.0,25.0,0.0,114.0,0
PRV53658,0.0,0.0,0.0,0.0,27.0,3810.0,141.11111111111111,22.0,18.227272727272727,22,76.86363636363636,0.045454545454545456,22,64.0,0.0,27.0,0.0,141.11111111111111,0
PRV53659,0.0,0.0,0.0,0.0,5.0,680.0,136.0,5.0,17.0,21,77.2,0.0,5,12.0,0.0,5.0,0.0,136.0,0
PRV53660,0.0,0.0,0.0,0.0,35.0,5970.0,170.57142857142858,34.0,18.323529411764707,22,78.55882352941177,0.058823529411764705,34,68.0,0.0,35.0,0.0,170.57142857142858,0
PRV53661,0.0,0.0,0.0,0.0,1.0,200.0,200.0,1.0,19.0,19,79.0,0.0,1,1.0,0.0,1.0,0.0,200.0,0
PRV53662,0.0,0.0,0.0,0.0,331.0,86030.0,259.9093655589124,140.0,17.8,22,72.55714285714286,0.007142857142857143,140,537.0,0.0,331.0,0.0,259.9093655589124,0
PRV53663,0.0,0.0,0.0,0.0,76.0,19810.0,260.6578947368421,55.0,17.98181818181818,21,69.61818181818182,0.0,55,163.0,0.0,76.0,0.0,260.6578947368421,0
PRV53664,0.0,0.0,0.0,0.0,132.0,59730.0,452.5,85.0,17.32941176470588,22,73.23529411764706,0.011764705882352941,85,265.0,0.0,132.0,0.0,452.5,0
PRV53665,0.0,0.0,0.0,0.0,65.0,16330.0,251.23076923076923,36.0,17.88888888888889,22,72.61111111111111,0.027777777777777776,36,144.0,0.0,65.0,0.0,251.23076923076923,0
PRV53666,0.0,0.0,0.0,0.0,20.0,3510.0,175.5,19.0,18.63157894736842,22,74.84210526315789,0.05263157894736842,19,59.0,0.0,20.0,0.0,175.5,0
PRV53667,9.0,155000.0,17222.222222222223,8.0,0.0,0.0,0.0,0.0,16.75,19,68.375,0.0,8,60.0,7.0,9.0,1.0,17222.222222222223,0
PRV53668,16.0,141200.0,8825.0,16.0,0.0,0.0,0.0,0.0,16.125,19,65.8125,0.0,16,104.0,9.0,16.0,1.0,8825.0,1
PRV53669,0.0,0.0,0.0,0.0,13.0,4250.0,326.9230769230769,13.0,17.923076923076923,21,72.07692307692308,0.07692307692307693,13,39.0,0.0,13.0,0.0,326.9230769230769,0
PRV53670,0.0,0.0,0.0,0.0,1173.0,322450.0,274.89343563512364,788.0,17.756345177664976,22,74.74111675126903,0.005076142131979695,788,1299.0,0.0,1173.0,0.0,274.89343563512364,1
PRV53671,31.0,247700.0,7990.322580645161,24.0,24.0,5890.0,245.41666666666666,22.0,16.97826086956522,21,76.8695652173913,0.0,46,199.0,22.0,55.0,0.5636363636363636,4610.727272727273,1
PRV53672,0.0,0.0,0.0,0.0,487.0,142060.0,291.7043121149897,377.0,17.578249336870027,22,73.79310344827586,0.01856763925729443,377,681.0,0.0,487.0,0.0,291.7043121149897,0
PRV53673,14.0,179000.0,12785.714285714286,14.0,22.0,2630.0,119.54545454545455,22.0,17.666666666666668,22,73.47222222222223,0.0,36,117.0,11.0,36.0,0.3888888888888889,5045.277777777777,0
PRV53674,0.0,0.0,0.0,0.0,496.0,153530.0,309.53629032258067,384.0,17.442708333333332,22,75.5625,0.015625,384,696.0,0.0,496.0,0.0,309.53629032258067,0
PRV53675,76.0,680700.0,8956.578947368422,72.0,221.0,66980.0,303.0769230769231,205.0,17.579710144927535,22,73.68115942028986,0.018115942028985508,276,585.0,43.0,297.0,0.2558922558922559,2517.4410774410776,0
PRV53676,0.0,0.0,0.0,0.0,471.0,167540.0,355.71125265392783,374.0,17.764705882352942,22,75.17379679144385,0.008021390374331552,374,656.0,0.0,471.0,0.0,355.71125265392783,0
PRV53677,63.0,653000.0,10365.079365079366,53.0,499.0,120150.0,240.7815631262525,143.0,17.825581395348838,22,75.86627906976744,0.01744186046511628,172,843.0,38.0,562.0,0.11209964412811388,1375.711743772242,1
PRV53678,0.0,0.0,0.0,0.0,3.0,120.0,40.0,3.0,19.666666666666668,20,74.66666666666667,0.0,3,4.0,0.0,3.0,0.0,40.0,0
PRV53679,0.0,0.0,0.0,0.0,826.0,283020.0,342.6392251815981,667.0,17.787106446776612,22,74.39730134932533,0.0074962518740629685,667,1015.0,0.0,826.0,0.0,342.6392251815981,0
PRV53680,0.0,0.0,0.0,0.0,27.0,7890.0,292.22222222222223,25.0,17.4,22,75.88,0.0,25,59.0,0.0,27.0,0.0,292.22222222222223,0
PRV53681,0.0,0.0,0.0,0.0,31.0,9970.0,321.61290322580646,26.0,17.384615384615383,22,75.3076923076923,0.0,26,84.0,0.0,31.0,0.0,321.61290322580646,0
PRV53682,0.0,0.0,0.0,0.0,365.0,99570.0,272.7945205479452,130.0,17.853846153846153,22,74.55384615384615,0.0,130,567.0,0.0,365.0,0.0,272.7945205479452,0
PRV53683,2.0,35000.0,17500.0,2.0,7.0,2300.0,328.57142857142856,6.0,18.125,21,73.375,0.0,8,27.0,5.0,9.0,0.2222222222222222,4144.444444444444,0
PRV53684,0.0,0.0,0.0,0.0,4.0,2570.0,642.5,4.0,18.25,21,72.25,0.0,4,9.0,0.0,4.0,0.0,642.5,0
PRV53685,0.0,0.0,0.0,0.0,45.0,17770.0,394.8888888888889,29.0,17.275862068965516,22,73.86206896551724,0.0,29,96.0,0.0,45.0,0.0,394.8888888888889,0
PRV53686,0.0,0.0,0.0,0.0,292.0,78140.0,267.6027397260274,232.0,17.599137931034484,22,74.96120689655173,0.008620689655172414,232,517.0,0.0,292.0,0.0,267.6027397260274,0
PRV53688,0.0,0.0,0.0,0.0,17.0,3440.0,202.35294117647058,15.0,17.533333333333335,21,69.46666666666667,0.0,15,30.0,0.0,17.0,0.0,202.35294117647058,0
PRV53689,0.0,0.0,0.0,0.0,561.0,178130.0,317.5222816399287,383.0,17.926892950391643,22,75.01566579634465,0.015665796344647518,383,772.0,0.0,561.0,0.0,317.5222816399287,0
PRV53690,0.0,0.0,0.0,0.0,11.0,1690.0,153.63636363636363,9.0,17.88888888888889,22,74.66666666666667,0.0,9,13.0,0.0,11.0,0.0,153.63636363636363,0
PRV53692,146.0,1366400.0,9358.90410958904,125.0,98.0,31200.0,318.3673469387755,92.0,17.09259259259259,22,74.06481481481481,0.009259259259259259,216,599.0,67.0,244.0,0.5983606557377049,5727.868852459016,1
PRV53694,0.0,0.0,0.0,0.0,61.0,14560.0,238.68852459016392,61.0,17.901639344262296,22,75.49180327868852,0.0,61,129.0,0.0,61.0,0.0,238.68852459016392,0
PRV53695,0.0,0.0,0.0,0.0,116.0,32120.0,276.8965517241379,78.0,17.602564102564102,22,73.41025641025641,0.01282051282051282,78,237.0,0.0,116.0,0.0,276.8965517241379,0
PRV53696,0.0,0.0,0.0,0.0,15.0,4830.0,322.0,15.0,17.066666666666666,20,67.66666666666667,0.0,15,35.0,0.0,15.0,0.0,322.0,0
PRV53697,71.0,868000.0,12225.352112676057,62.0,43.0,11270.0,262.09302325581393,42.0,16.72,21,75.16,0.01,100,365.0,39.0,114.0,0.6228070175438597,7712.894736842105,0
PRV53698,0.0,0.0,0.0,0.0,77.0,30550.0,396.75324675324674,72.0,17.59722222222222,22,75.63888888888889,0.0,72,154.0,0.0,77.0,0.0,396.75324675324674,0
PRV53699,2.0,18000.0,9000.0,2.0,359.0,112970.0,314.67966573816153,278.0,17.582142857142856,22,74.47857142857143,0.010714285714285714,280,591.0,1.0,361.0,0.00554016620498615,362.797783933518,0
PRV53700,0.0,0.0,0.0,0.0,913.0,220320.0,241.31434830230012,454.0,17.94273127753304,22,74.8568281938326,0.0022026431718061676,454,1080.0,0.0,913.0,0.0,241.31434830230012,0
PRV53701,0.0,0.0,0.0,0.0,6.0,2270.0,378.3333333333333,6.0,18.333333333333332,22,74.83333333333333,0.0,6,23.0,0.0,6.0,0.0,378.3333333333333,0
PRV53702,0.0,0.0,0.0,0.0,1010.0,289070.0,286.2079207920792,729.0,17.714677640603565,22,74.78189300411523,0.015089163237311385,729,1147.0,0.0,1010.0,0.0,286.2079207920792,0
PRV53703,0.0,0.0,0.0,0.0,39.0,6160.0,157.94871794871796,39.0,17.307692307692307,22,75.53846153846153,0.02564102564102564,39,93.0,0.0,39.0,0.0,157.94871794871796,0
PRV53704,0.0,0.0,0.0,0.0,15.0,2950.0,196.66666666666666,15.0,18.333333333333332,21,76.13333333333334,0.0,15,47.0,0.0,15.0,0.0,196.66666666666666,0
PRV53705,4.0,32600.0,8150.0,4.0,53.0,15820.0,298.49056603773585,53.0,17.49122807017544,22,75.94736842105263,0.0,57,135.0,3.0,57.0,0.07017543859649122,849.4736842105264,0
PRV53706,282.0,2776000.0,9843.971631205673,262.0,191.0,55940.0,292.87958115183244,185.0,16.896629213483145,22,74.83595505617977,0.011235955056179775,445,922.0,111.0,473.0,0.5961945031712473,5987.188160676533,1
PRV53708,0.0,0.0,0.0,0.0,53.0,20820.0,392.8301886792453,36.0,16.916666666666668,21,73.86111111111111,0.027777777777777776,36,105.0,0.0,53.0,0.0,392.8301886792453,0
PRV53709,0.0,0.0,0.0,0.0,99.0,25310.0,255.65656565656565,91.0,17.36263736263736,22,74.98901098901099,0.0,91,193.0,0.0,99.0,0.0,255.65656565656565,0
PRV53710,58.0,534000.0,9206.896551724138,50.0,327.0,81000.0,247.70642201834863,217.0,17.705882352941178,22,74.80392156862744,0.011764705882352941,255,676.0,36.0,385.0,0.15064935064935064,1597.4025974025974,0
PRV53712,161.0,1859500.0,11549.689440993789,143.0,76.0,22920.0,301.57894736842104,67.0,17.275862068965516,22,74.33004926108374,0.0049261083743842365,203,614.0,84.0,237.0,0.679324894514768,7942.700421940928,1
PRV53713,0.0,0.0,0.0,0.0,31.0,4340.0,140.0,28.0,18.321428571428573,22,73.92857142857143,0.0,28,78.0,0.0,31.0,0.0,140.0,0
PRV53714,0.0,0.0,0.0,0.0,144.0,44310.0,307.7083333333333,68.0,17.573529411764707,22,74.32352941176471,0.0,68,248.0,0.0,144.0,0.0,307.7083333333333,0
PRV53715,0.0,0.0,0.0,0.0,24.0,7140.0,297.5,21.0,18.714285714285715,22,67.0952380952381,0.0,21,50.0,0.0,24.0,0.0,297.5,0
PRV53716,0.0,0.0,0.0,0.0,33.0,7400.0,224.24242424242425,30.0,18.233333333333334,22,68.8,0.03333333333333333,30,74.0,0.0,33.0,0.0,224.24242424242425,0
PRV53717,0.0,0.0,0.0,0.0,61.0,17940.0,294.0983606557377,37.0,18.0,22,73.67567567567568,0.02702702702702703,37,127.0,0.0,61.0,0.0,294.0983606557377,0
PRV53718,0.0,0.0,0.0,0.0,1.0,200.0,200.0,1.0,17.0,17,72.0,0.0,1,2.0,0.0,1.0,0.0,200.0,0
PRV53719,0.0,0.0,0.0,0.0,5.0,770.0,154.0,5.0,19.6,22,66.2,0.0,5,12.0,0.0,5.0,0.0,154.0,0
PRV53720,0.0,0.0,0.0,0.0,55.0,13700.0,249.0909090909091,51.0,17.80392156862745,22,69.62745098039215,0.0196078431372549,51,124.0,0.0,55.0,0.0,249.0909090909091,0
PRV53721,0.0,0.0,0.0,0.0,5.0,2560.0,512.0,5.0,16.6,19,67.8,0.0,5,7.0,0.0,5.0,0.0,512.0,0
PRV53722,0.0,0.0,0.0,0.0,6.0,1000.0,166.66666666666666,6.0,18.5,20,72.83333333333333,0.0,6,16.0,0.0,6.0,0.0,166.66666666666666,0
PRV53723,0.0,0.0,0.0,0.0,6.0,3900.0,650.0,6.0,16.166666666666668,20,80.83333333333333,0.0,6,16.0,0.0,6.0,0.0,650.0,0
PRV53724,0.0,0.0,0.0,0.0,2.0,120.0,60.0,2.0,16.0,16,81.0,0.0,2,4.0,0.0,2.0,0.0,60.0,0
PRV53725,0.0,0.0,0.0,0.0,1.0,0.0,0.0,1.0,17.0,17,81.0,0.0,1,3.0,0.0,1.0,0.0,0.0,0
PRV53726,0.0,0.0,0.0,0.0,16.0,3710.0,231.875,12.0,17.083333333333332,21,75.08333333333333,0.0,12,28.0,0.0,16.0,0.0,231.875,0
PRV53727,0.0,0.0,0.0,0.0,20.0,7230.0,361.5,17.0,17.0,22,72.70588235294117,0.0,17,53.0,0.0,20.0,0.0,361.5,0
PRV53728,0.0,0.0,0.0,0.0,14.0,3480.0,248.57142857142858,14.0,17.785714285714285,21,71.64285714285714,0.0,14,32.0,0.0,14.0,0.0,248.57142857142858,0
PRV53729,0.0,0.0,0.0,0.0,3.0,1900.0,633.3333333333334,3.0,17.0,18,83.33333333333333,0.0,3,13.0,0.0,3.0,0.0,633.3333333333334,0
PRV53730,0.0,0.0,0.0,0.0,2.0,230.0,115.0,2.0,16.0,17,97.5,0.0,2,2.0,0.0,2.0,0.0,115.0,0
PRV53731,0.0,0.0,0.0,0.0,4.0,2660.0,665.0,4.0,16.25,19,75.75,0.0,4,9.0,0.0,4.0,0.0,665.0,0
PRV53732,0.0,0.0,0.0,0.0,15.0,3150.0,210.0,15.0,17.266666666666666,22,75.6,0.0,15,36.0,0.0,15.0,0.0,210.0,0
PRV53733,0.0,0.0,0.0,0.0,20.0,6430.0,321.5,19.0,18.894736842105264,22,74.21052631578948,0.0,19,47.0,0.0,20.0,0.0,321.5,0
PRV53734,0.0,0.0,0.0,0.0,1.0,20.0,20.0,1.0,15.0,15,61.0,0.0,1,4.0,0.0,1.0,0.0,20.0,0
PRV53735,0.0,0.0,0.0,0.0,3.0,810.0,270.0,3.0,19.0,20,66.33333333333333,0.0,3,6.0,0.0,3.0,0.0,270.0,0
PRV53740,0.0,0.0,0.0,0.0,47.0,12140.0,258.29787234042556,29.0,17.620689655172413,22,72.62068965517241,0.034482758620689655,29,104.0,0.0,47.0,0.0,258.29787234042556,0
PRV53741,0.0,0.0,0.0,0.0,7.0,2390.0,341.42857142857144,7.0,16.428571428571427,22,76.71428571428571,0.0,7,20.0,0.0,7.0,0.0,341.42857142857144,0
PRV53743,0.0,0.0,0.0,0.0,31.0,14140.0,456.1290322580645,31.0,17.483870967741936,22,70.6774193548387,0.0,31,58.0,0.0,31.0,0.0,456.1290322580645,0
PRV53745,0.0,0.0,0.0,0.0,23.0,3760.0,163.47826086956522,20.0,18.1,21,76.7,0.05,20,46.0,0.0,23.0,0.0,163.47826086956522,0
PRV53746,6.0,35000.0,5833.333333333333,6.0,0.0,0.0,0.0,0.0,16.833333333333332,20,73.16666666666667,0.0,6,37.0,5.0,6.0,1.0,5833.333333333333,0
PRV53749,24.0,231000.0,9625.0,21.0,45.0,10350.0,230.0,43.0,17.234375,22,74.40625,0.0,64,205.0,11.0,69.0,0.34782608695652173,3497.8260869565215,1
PRV53750,1.0,7000.0,7000.0,1.0,1244.0,346470.0,278.5128617363344,380.0,18.063157894736843,22,73.25,0.013157894736842105,380,1355.0,1.0,1245.0,0.0008032128514056225,283.9116465863454,0
PRV53751,0.0,0.0,0.0,0.0,22.0,9070.0,412.27272727272725,22.0,18.40909090909091,22,71.54545454545455,0.0,22,47.0,0.0,22.0,0.0,412.27272727272725,0
PRV53752,0.0,0.0,0.0,0.0,35.0,11840.0,338.2857142857143,34.0,17.735294117647058,22,76.0,0.0,34,84.0,0.0,35.0,0.0,338.2857142857143,0
PRV53754,0.0,0.0,0.0,0.0,9.0,2530.0,281.1111111111111,9.0,16.77777777777778,18,76.88888888888889,0.0,9,36.0,0.0,9.0,0.0,281.1111111111111,0
PRV53755,0.0,0.0,0.0,0.0,20.0,2050.0,102.5,20.0,17.55,22,73.0,0.0,20,54.0,0.0,20.0,0.0,102.5,0
PRV53756,0.0,0.0,0.0,0.0,59.0,18210.0,308.64406779661016,59.0,17.271186440677965,22,70.83050847457628,0.0,59,109.0,0.0,59.0,0.0,308.64406779661016,0
PRV53757,1.0,23000.0,23000.0,1.0,55.0,14230.0,258.72727272727275,53.0,17.64814814814815,22,73.5,0.0,54,132.0,1.0,56.0,0.017857142857142856,664.8214285714286,0
PRV53759,0.0,0.0,0.0,0.0,56.0,12020.0,214.64285714285714,52.0,17.48076923076923,21,74.53846153846153,0.0,52,125.0,0.0,56.0,0.0,214.64285714285714,0
PRV53761,0.0,0.0,0.0,0.0,38.0,9980.0,262.63157894736844,38.0,17.973684210526315,22,70.10526315789474,0.02631578947368421,38,98.0,0.0,38.0,0.0,262.63157894736844,0
PRV53762,84.0,915000.0,10892.857142857143,59.0,534.0,167730.0,314.1011235955056,500.0,17.560143626570916,22,73.8294434470377,0.017953321364452424,557,958.0,42.0,618.0,0.13592233009708737,1751.990291262136,1
PRV53763,58.0,739000.0,12741.379310344828,57.0,0.0,0.0,0.0,0.0,16.280701754385966,21,73.2280701754386,0.017543859649122806,57,253.0,37.0,58.0,1.0,12741.379310344828,1
PRV53764,1.0,2000.0,2000.0,1.0,38.0,10390.0,273.42105263157896,37.0,17.263157894736842,22,74.52631578947368,0.02631578947368421,38,91.0,0.0,39.0,0.02564102564102564,317.6923076923077,0
PRV53765,0.0,0.0,0.0,0.0,67.0,25080.0,374.32835820895525,66.0,17.636363636363637,22,75.0909090909091,0.0,66,142.0,0.0,67.0,0.0,374.32835820895525,0
PRV53766,0.0,0.0,0.0,0.0,30.0,4860.0,162.0,29.0,17.862068965517242,22,73.86206896551724,0.0,29,72.0,0.0,30.0,0.0,162.0,0
PRV53767,0.0,0.0,0.0,0.0,18.0,4130.0,229.44444444444446,18.0,16.833333333333332,21,76.27777777777777,0.05555555555555555,18,39.0,0.0,18.0,0.0,229.44444444444446,0
PRV53768,5.0,21000.0,4200.0,5.0,57.0,16180.0,283.859649122807,54.0,17.694915254237287,22,69.35593220338983,0.0,59,157.0,1.0,62.0,0.08064516129032258,599.6774193548387,0
PRV53769,132.0,1624900.0,12309.848484848484,126.0,245.0,60280.0,246.0408163265306,229.0,17.110169491525422,22,73.37570621468926,0.005649717514124294,354,745.0,73.0,377.0,0.35013262599469497,4469.9734748010615,1
PRV53770,77.0,807500.0,10487.012987012988,68.0,176.0,42020.0,238.75,171.0,17.598326359832637,22,74.39330543933055,0.0041841004184100415,239,574.0,50.0,253.0,0.30434782608695654,3357.786561264822,0
PRV53771,0.0,0.0,0.0,0.0,51.0,21610.0,423.72549019607845,50.0,17.28,22,69.2,0.0,50,101.0,0.0,51.0,0.0,423.72549019607845,0
PRV53772,0.0,0.0,0.0,0.0,22.0,5410.0,245.9090909090909,22.0,17.818181818181817,22,75.18181818181819,0.0,22,52.0,0.0,22.0,0.0,245.9090909090909,0
PRV53773,0.0,0.0,0.0,0.0,567.0,175830.0,310.1058201058201,531.0,17.642184557438796,22,73.68361581920904,0.003766478342749529,531,804.0,0.0,567.0,0.0,310.1058201058201,0
PRV53774,50.0,546000.0,10920.0,44.0,174.0,43370.0,249.2528735632184,163.0,17.480582524271846,22,74.68446601941747,0.009708737864077669,206,480.0,30.0,224.0,0.22321428571428573,2631.1160714285716,0
PRV53775,2.0,12000.0,6000.0,2.0,45.0,19170.0,426.0,43.0,18.066666666666666,22,75.5111111111111,0.022222222222222223,45,146.0,1.0,47.0,0.0425531914893617,663.1914893617021,0
PRV53776,47.0,530000.0,11276.595744680852,45.0,153.0,41960.0,274.2483660130719,148.0,17.602094240837697,22,74.12565445026178,0.005235602094240838,191,436.0,30.0,200.0,0.235,2859.8,1
PRV53779,0.0,0.0,0.0,0.0,49.0,12430.0,253.6734693877551,48.0,18.0625,22,70.35416666666667,0.0,48,114.0,0.0,49.0,0.0,253.6734693877551,0
PRV53780,0.0,0.0,0.0,0.0,26.0,5080.0,195.3846153846154,26.0,17.46153846153846,22,73.8076923076923,0.0,26,63.0,0.0,26.0,0.0,195.3846153846154,0
PRV53781,79.0,874600.0,11070.886075949367,74.0,314.0,88590.0,282.13375796178343,304.0,17.37735849056604,22,73.38274932614556,0.0026954177897574125,371,736.0,46.0,393.0,0.2010178117048346,2450.8651399491096,1
PRV53782,0.0,0.0,0.0,0.0,53.0,17820.0,336.22641509433964,39.0,17.615384615384617,22,72.23076923076923,0.0,39,123.0,0.0,53.0,0.0,336.22641509433964,0
PRV53783,0.0,0.0,0.0,0.0,30.0,6640.0,221.33333333333334,30.0,17.833333333333332,22,70.63333333333334,0.0,30,76.0,0.0,30.0,0.0,221.33333333333334,0
PRV53784,0.0,0.0,0.0,0.0,41.0,5870.0,143.17073170731706,38.0,17.236842105263158,21,75.44736842105263,0.0,38,94.0,0.0,41.0,0.0,143.17073170731706,0
PRV53785,0.0,0.0,0.0,0.0,129.0,54580.0,423.1007751937984,124.0,17.338709677419356,22,75.30645161290323,0.008064516129032258,124,224.0,0.0,129.0,0.0,423.1007751937984,0
PRV53786,36.0,342000.0,9500.0,33.0,1346.0,373760.0,277.6820208023774,530.0,18.04832713754647,22,73.37174721189591,0.007434944237918215,538,1493.0,24.0,1382.0,0.02604920405209841,517.9160636758321,1
PRV53787,32.0,290000.0,9062.5,32.0,42.0,13480.0,320.95238095238096,42.0,16.87837837837838,22,70.60810810810811,0.0,74,256.0,25.0,74.0,0.43243243243243246,4101.081081081081,1
PRV53788,0.0,0.0,0.0,0.0,18.0,3500.0,194.44444444444446,18.0,17.555555555555557,21,73.72222222222223,0.0,18,55.0,0.0,18.0,0.0,194.44444444444446,0
PRV53790,44.0,504000.0,11454.545454545454,44.0,449.0,138230.0,307.8619153674833,426.0,17.642553191489363,22,73.0936170212766,0.014893617021276596,470,788.0,25.0,493.0,0.08924949290060852,1302.6977687626775,1
PRV53791,6.0,42000.0,7000.0,5.0,86.0,20190.0,234.7674418604651,85.0,17.644444444444446,22,73.52222222222223,0.022222222222222223,90,219.0,5.0,92.0,0.06521739130434782,675.9782608695652,0
PRV53792,33.0,261000.0,7909.090909090909,32.0,20.0,11510.0,575.5,20.0,16.634615384615383,22,71.82692307692308,0.019230769230769232,52,212.0,14.0,53.0,0.6226415094339622,5141.698113207547,1
PRV53793,0.0,0.0,0.0,0.0,45.0,25700.0,571.1111111111111,37.0,17.18918918918919,21,73.32432432432432,0.02702702702702703,37,109.0,0.0,45.0,0.0,571.1111111111111,0
PRV53794,0.0,0.0,0.0,0.0,167.0,47640.0,285.2694610778443,160.0,17.75625,22,73.0125,0.01875,160,303.0,0.0,167.0,0.0,285.2694610778443,0
PRV53796,0.0,0.0,0.0,0.0,28.0,5960.0,212.85714285714286,27.0,16.77777777777778,21,66.25925925925925,0.0,27,58.0,0.0,28.0,0.0,212.85714285714286,0
PRV53797,0.0,0.0,0.0,0.0,4739.0,1303600.0,275.0791306182739,2020.0,18.043069306930693,22,73.04950495049505,0.006435643564356435,2020,3024.0,2.0,4739.0,0.0,275.0791306182739,1
PRV53798,0.0,0.0,0.0,0.0,38.0,15620.0,411.05263157894734,38.0,17.05263157894737,21,72.94736842105263,0.0,38,104.0,0.0,38.0,0.0,411.05263157894734,0
PRV53799,14.0,100000.0,7142.857142857143,13.0,739.0,206440.0,279.3504736129905,664.0,17.488165680473372,22,74.03402366863905,0.0073964497041420114,676,997.0,8.0,753.0,0.01859229747675963,406.95883134130145,0
PRV53801,0.0,0.0,0.0,0.0,59.0,26260.0,445.08474576271186,58.0,17.982758620689655,22,74.24137931034483,0.017241379310344827,58,125.0,0.0,59.0,0.0,445.08474576271186,0
PRV53802,46.0,448000.0,9739.130434782608,42.0,34.0,11870.0,349.11764705882354,34.0,16.973684210526315,22,71.77631578947368,0.013157894736842105,76,294.0,27.0,80.0,0.575,5748.375,0
PRV53805,0.0,0.0,0.0,0.0,70.0,22520.0,321.7142857142857,69.0,17.695652173913043,22,71.27536231884058,0.014492753623188406,69,151.0,0.0,70.0,0.0,321.7142857142857,0
PRV53806,0.0,0.0,0.0,0.0,173.0,50270.0,290.5780346820809,161.0,17.819875776397517,22,72.95031055900621,0.006211180124223602,161,296.0,0.0,173.0,0.0,290.5780346820809,0
PRV53807,36.0,344300.0,9563.888888888889,36.0,122.0,30730.0,251.88524590163934,120.0,17.219354838709677,22,73.98709677419355,0.0064516129032258064,155,363.0,23.0,158.0,0.22784810126582278,2373.6075949367087,0
PRV53808,195.0,1854200.0,9508.71794871795,185.0,298.0,73050.0,245.13422818791946,284.0,17.26923076923077,22,73.91025641025641,0.00641025641025641,468,899.0,78.0,493.0,0.39553752535496955,3909.2292089249495,1
PRV53812,0.0,0.0,0.0,0.0,2.0,260.0,130.0,2.0,17.5,19,82.0,0.0,2,5.0,0.0,2.0,0.0,130.0,0
PRV53814,3.0,18000.0,6000.0,3.0,50.0,12040.0,240.8,49.0,17.153846153846153,21,77.01923076923077,0.019230769230769232,52,129.0,2.0,53.0,0.05660377358490566,566.7924528301887,0
PRV53815,0.0,0.0,0.0,0.0,11.0,1800.0,163.63636363636363,11.0,17.90909090909091,20,71.9090909090909,0.0,11,26.0,0.0,11.0,0.0,163.63636363636363,0
PRV53816,0.0,0.0,0.0,0.0,194.0,57210.0,294.89690721649487,177.0,17.768361581920903,22,73.2542372881356,0.011299435028248588,177,326.0,0.0,194.0,0.0,294.89690721649487,0
PRV53817,0.0,0.0,0.0,0.0,21.0,5180.0,246.66666666666666,21.0,17.761904761904763,21,75.0,0.0,21,32.0,0.0,21.0,0.0,246.66666666666666,0
PRV53818,0.0,0.0,0.0,0.0,10.0,1020.0,102.0,9.0,17.77777777777778,20,73.11111111111111,0.0,9,25.0,0.0,10.0,0.0,102.0,0
PRV53819,0.0,0.0,0.0,0.0,53.0,17930.0,338.3018867924528,40.0,18.25,22,70.325,0.025,40,106.0,0.0,53.0,0.0,338.3018867924528,0
PRV53820,0.0,0.0,0.0,0.0,15.0,2450.0,163.33333333333334,15.0,17.666666666666668,22,73.2,0.0,15,45.0,0.0,15.0,0.0,163.33333333333334,0
PRV53821,0.0,0.0,0.0,0.0,10.0,1070.0,107.0,10.0,17.0,20,76.6,0.0,10,25.0,0.0,10.0,0.0,107.0,0
PRV53824,0.0,0.0,0.0,0.0,114.0,35580.0,312.10526315789474,91.0,17.428571428571427,22,74.21978021978022,0.0,91,228.0,0.0,114.0,0.0,312.10526315789474,0
PRV53827,0.0,0.0,0.0,0.0,9.0,2830.0,314.44444444444446,9.0,18.22222222222222,21,76.55555555555556,0.0,9,22.0,0.0,9.0,0.0,314.44444444444446,0
PRV53828,0.0,0.0,0.0,0.0,28.0,6260.0,223.57142857142858,24.0,17.416666666666668,22,72.70833333333333,0.041666666666666664,24,71.0,0.0,28.0,0.0,223.57142857142858,0
PRV53829,0.0,0.0,0.0,0.0,16.0,5910.0,369.375,16.0,19.0,22,72.3125,0.0,16,30.0,0.0,16.0,0.0,369.375,0
PRV53831,0.0,0.0,0.0,0.0,83.0,27550.0,331.9277108433735,71.0,17.887323943661972,22,69.74647887323944,0.0,71,187.0,0.0,83.0,0.0,331.9277108433735,0
PRV53832,0.0,0.0,0.0,0.0,12.0,4910.0,409.1666666666667,12.0,16.333333333333332,21,71.91666666666667,0.0,12,42.0,0.0,12.0,0.0,409.1666666666667,0
PRV53835,0.0,0.0,0.0,0.0,8.0,2300.0,287.5,8.0,19.0,22,68.625,0.0,8,16.0,0.0,8.0,0.0,287.5,0
PRV53836,0.0,0.0,0.0,0.0,49.0,10970.0,223.87755102040816,44.0,16.75,22,74.06818181818181,0.0,44,124.0,0.0,49.0,0.0,223.87755102040816,0
PRV53837,0.0,0.0,0.0,0.0,13.0,2490.0,191.53846153846155,13.0,18.46153846153846,22,78.15384615384616,0.0,13,34.0,0.0,13.0,0.0,191.53846153846155,0
PRV53838,0.0,0.0,0.0,0.0,194.0,57800.0,297.9381443298969,148.0,18.155405405405407,22,73.58108108108108,0.006756756756756757,148,353.0,0.0,194.0,0.0,297.9381443298969,0
PRV53839,0.0,0.0,0.0,0.0,1.0,0.0,0.0,1.0,16.0,16,74.0,0.0,1,1.0,0.0,1.0,0.0,0.0,0
PRV53840,0.0,0.0,0.0,0.0,6.0,460.0,76.66666666666667,6.0,16.0,19,71.83333333333333,0.0,6,8.0,0.0,6.0,0.0,76.66666666666667,0
PRV53841,0.0,0.0,0.0,0.0,22.0,3370.0,153.1818181818182,19.0,17.210526315789473,19,76.94736842105263,0.0,19,57.0,0.0,22.0,0.0,153.1818181818182,0
PRV53842,0.0,0.0,0.0,0.0,7.0,2410.0,344.2857142857143,7.0,16.428571428571427,20,79.28571428571429,0.0,7,19.0,0.0,7.0,0.0,344.2857142857143,0
PRV53843,0.0,0.0,0.0,0.0,14.0,1460.0,104.28571428571429,14.0,17.5,21,82.64285714285714,0.0,14,44.0,0.0,14.0,0.0,104.28571428571429,0
PRV53844,0.0,0.0,0.0,0.0,53.0,7910.0,149.24528301886792,40.0,18.05,22,75.775,0.0,40,126.0,0.0,53.0,0.0,149.24528301886792,0
PRV53845,0.0,0.0,0.0,0.0,20.0,9160.0,458.0,18.0,17.22222222222222,21,78.0,0.0,18,47.0,0.0,20.0,0.0,458.0,0
PRV53846,0.0,0.0,0.0,0.0,12.0,2640.0,220.0,11.0,17.363636363636363,22,76.9090909090909,0.0,11,20.0,0.0,12.0,0.0,220.0,0
PRV53848,0.0,0.0,0.0,0.0,8.0,1080.0,135.0,8.0,19.25,21,77.75,0.0,8,17.0,0.0,8.0,0.0,135.0,0
PRV53849,0.0,0.0,0.0,0.0,21.0,2930.0,139.52380952380952,20.0,17.5,22,79.95,0.0,20,44.0,0.0,21.0,0.0,139.52380952380952,0
PRV53850,0.0,0.0,0.0,0.0,10.0,1720.0,172.0,10.0,17.6,22,70.1,0.0,10,45.0,0.0,10.0,0.0,172.0,0
PRV53851,0.0,0.0,0.0,0.0,48.0,21100.0,439.5833333333333,47.0,18.404255319148938,22,70.68085106382979,0.0,47,113.0,0.0,48.0,0.0,439.5833333333333,0
PRV53855,20.0,141000.0,7050.0,17.0,0.0,0.0,0.0,0.0,16.470588235294116,20,71.11764705882354,0.0,17,122.0,10.0,20.0,1.0,7050.0,1
PRV53857,10.0,140000.0,14000.0,10.0,0.0,0.0,0.0,0.0,16.2,19,76.2,0.0,10,76.0,10.0,10.0,1.0,14000.0,0
PRV53859,0.0,0.0,0.0,0.0,143.0,33810.0,236.43356643356643,134.0,17.708955223880597,22,71.65671641791045,0.014925373134328358,134,261.0,0.0,143.0,0.0,236.43356643356643,0
PRV53860,0.0,0.0,0.0,0.0,1.0,100.0,100.0,1.0,15.0,15,64.0,0.0,1,2.0,0.0,1.0,0.0,100.0,0
PRV53861,2.0,11000.0,5500.0,2.0,0.0,0.0,0.0,0.0,20.0,21,61.0,0.0,2,12.0,1.0,2.0,1.0,5500.0,0
PRV53862,4.0,50000.0,12500.0,4.0,2.0,100.0,50.0,2.0,17.166666666666668,20,79.5,0.0,6,37.0,5.0,6.0,0.6666666666666666,8350.0,0
PRV53864,0.0,0.0,0.0,0.0,2.0,460.0,230.0,2.0,18.5,20,84.5,0.0,2,9.0,0.0,2.0,0.0,230.0,0
PRV53865,6.0,60000.0,10000.0,6.0,0.0,0.0,0.0,0.0,18.166666666666668,22,77.66666666666667,0.0,6,39.0,3.0,6.0,1.0,10000.0,0
PRV53867,9.0,90000.0,10000.0,9.0,4.0,3270.0,817.5,4.0,16.692307692307693,20,72.3076923076923,0.07692307692307693,13,75.0,3.0,13.0,0.6923076923076923,7174.615384615385,0
PRV53868,10.0,158000.0,15800.0,9.0,18.0,3420.0,190.0,18.0,17.037037037037038,22,73.03703703703704,0.0,27,108.0,11.0,28.0,0.35714285714285715,5765.0,0
PRV53871,0.0,0.0,0.0,0.0,1220.0,272730.0,223.54918032786884,531.0,17.774011299435028,22,72.80790960451978,0.015065913370998116,531,1350.0,1.0,1220.0,0.0,223.54918032786884,0
PRV53872,9.0,105000.0,11666.666666666666,9.0,222.0,65480.0,294.9549549549549,135.0,17.669014084507044,22,73.35915492957747,0.014084507042253521,142,451.0,6.0,231.0,0.03896103896103896,738.008658008658,0
PRV53873,14.0,97000.0,6928.571428571428,13.0,68.0,19650.0,288.97058823529414,63.0,17.460526315789473,22,76.23684210526316,0.013157894736842105,76,202.0,6.0,82.0,0.17073170731707318,1422.560975609756,0
PRV53874,0.0,0.0,0.0,0.0,524.0,149580.0,285.4580152671756,416.0,17.78125,22,72.37740384615384,0.004807692307692308,416,771.0,0.0,524.0,0.0,285.4580152671756,0
PRV53875,0.0,0.0,0.0,0.0,41.0,9290.0,226.58536585365854,35.0,17.742857142857144,22,73.82857142857142,0.02857142857142857,35,88.0,0.0,41.0,0.0,226.58536585365854,0
PRV53876,0.0,0.0,0.0,0.0,125.0,31310.0,250.48,60.0,17.65,22,71.73333333333333,0.03333333333333333,60,260.0,0.0,125.0,0.0,250.48,0
PRV53877,0.0,0.0,0.0,0.0,19.0,6750.0,355.2631578947368,17.0,17.88235294117647,22,73.88235294117646,0.058823529411764705,17,31.0,0.0,19.0,0.0,355.2631578947368,0
PRV53878,5.0,35000.0,7000.0,5.0,41.0,13670.0,333.4146341463415,35.0,17.475,22,69.525,0.0,40,122.0,3.0,46.0,0.10869565217391304,1058.0434782608695,0
PRV53879,0.0,0.0,0.0,0.0,15.0,1340.0,89.33333333333333,15.0,17.733333333333334,21,75.93333333333334,0.0,15,31.0,0.0,15.0,0.0,89.33333333333333,0
PRV53880,0.0,0.0,0.0,0.0,61.0,19790.0,324.42622950819674,46.0,17.58695652173913,21,74.78260869565217,0.0,46,121.0,0.0,61.0,0.0,324.42622950819674,0
PRV53884,117.0,996900.0,8520.51282051282,98.0,152.0,43070.0,283.35526315789474,138.0,17.393805309734514,22,73.02212389380531,0.01327433628318584,226,615.0,55.0,269.0,0.4349442379182156,3866.059479553903,1
PRV53885,6.0,48900.0,8150.0,6.0,6.0,730.0,121.66666666666667,6.0,17.666666666666668,22,78.5,0.0,12,54.0,6.0,12.0,0.5,4135.833333333333,0
PRV53887,0.0,0.0,0.0,0.0,598.0,165500.0,276.75585284280936,213.0,18.305164319248828,22,72.68075117370893,0.004694835680751174,213,813.0,0.0,598.0,0.0,276.75585284280936,1
PRV53888,0.0,0.0,0.0,0.0,70.0,19410.0,277.2857142857143,56.0,17.607142857142858,22,73.80357142857143,0.03571428571428571,56,147.0,0.0,70.0,0.0,277.2857142857143,0
PRV53889,9.0,60000.0,6666.666666666667,9.0,186.0,38480.0,206.88172043010752,179.0,17.705882352941178,22,72.94117647058823,0.0,187,380.0,6.0,195.0,0.046153846153846156,505.02564102564105,0
PRV53891,0.0,0.0,0.0,0.0,22.0,10530.0,478.6363636363636,22.0,18.545454545454547,22,72.95454545454545,0.0,22,43.0,0.0,22.0,0.0,478.6363636363636,0
PRV53892,8.0,120000.0,15000.0,7.0,111.0,30340.0,273.3333333333333,108.0,17.721739130434784,22,73.5304347826087,0.0,115,252.0,8.0,119.0,0.06722689075630252,1263.361344537815,0
PRV53894,15.0,215000.0,14333.333333333334,14.0,202.0,53080.0,262.7722772277228,91.0,17.948453608247423,22,71.76288659793815,0.010309278350515464,97,414.0,9.0,217.0,0.06912442396313365,1235.3917050691243,1
PRV53895,0.0,0.0,0.0,0.0,1273.0,401380.0,315.30243519245874,576.0,17.932291666666668,22,72.36631944444444,0.013888888888888888,576,1375.0,0.0,1273.0,0.0,315.30243519245874,1
PRV53896,0.0,0.0,0.0,0.0,43.0,10950.0,254.65116279069767,38.0,17.973684210526315,22,73.47368421052632,0.02631578947368421,38,84.0,0.0,43.0,0.0,254.65116279069767,0
PRV53899,0.0,0.0,0.0,0.0,3.0,120.0,40.0,3.0,16.0,16,61.666666666666664,0.0,3,9.0,0.0,3.0,0.0,40.0,0
PRV53900,0.0,0.0,0.0,0.0,789.0,201850.0,255.83016476552598,317.0,17.738170347003155,22,73.75078864353313,0.00946372239747634,317,985.0,0.0,789.0,0.0,255.83016476552598,1
PRV53901,0.0,0.0,0.0,0.0,14.0,5400.0,385.7142857142857,14.0,17.428571428571427,21,73.42857142857143,0.0,14,38.0,0.0,14.0,0.0,385.7142857142857,0
PRV53905,0.0,0.0,0.0,0.0,77.0,21730.0,282.2077922077922,72.0,17.72222222222222,22,75.375,0.0,72,143.0,0.0,77.0,0.0,282.2077922077922,0
PRV53906,0.0,0.0,0.0,0.0,4.0,480.0,120.0,4.0,18.75,21,72.75,0.0,4,16.0,0.0,4.0,0.0,120.0,0
PRV53907,0.0,0.0,0.0,0.0,126.0,45960.0,364.76190476190476,120.0,17.591666666666665,22,71.25,0.0,120,246.0,0.0,126.0,0.0,364.76190476190476,0
PRV53908,0.0,0.0,0.0,0.0,15.0,8510.0,567.3333333333334,15.0,17.666666666666668,22,63.93333333333333,0.0,15,38.0,1.0,15.0,0.0,567.3333333333334,0
PRV53909,0.0,0.0,0.0,0.0,256.0,79990.0,312.4609375,154.0,17.564935064935064,22,73.42207792207792,0.025974025974025976,154,402.0,0.0,256.0,0.0,312.4609375,0
PRV53910,27.0,254000.0,9407.407407407407,27.0,69.0,21480.0,311.30434782608694,64.0,17.065934065934066,22,74.03296703296704,0.01098901098901099,91,248.0,18.0,96.0,0.28125,2869.5833333333335,0
PRV53911,14.0,177000.0,12642.857142857143,14.0,522.0,197480.0,378.3141762452107,191.0,17.771144278606965,22,74.13432835820896,0.014925373134328358,201,783.0,13.0,536.0,0.026119402985074626,698.6567164179105,1
PRV53912,0.0,0.0,0.0,0.0,66.0,16820.0,254.84848484848484,61.0,18.0327868852459,22,73.37704918032787,0.0,61,115.0,0.0,66.0,0.0,254.84848484848484,0
PRV53913,0.0,0.0,0.0,0.0,131.0,36180.0,276.1832061068702,129.0,17.25581395348837,22,73.82945736434108,0.007751937984496124,129,279.0,1.0,131.0,0.0,276.1832061068702,0
PRV53915,0.0,0.0,0.0,0.0,545.0,152600.0,280.0,434.0,17.850230414746544,22,73.02534562211981,0.004608294930875576,434,753.0,0.0,545.0,0.0,280.0,0
PRV53916,0.0,0.0,0.0,0.0,192.0,43180.0,224.89583333333334,109.0,17.807339449541285,22,73.79816513761467,0.0,109,341.0,0.0,192.0,0.0,224.89583333333334,0
PRV53917,7.0,52300.0,7471.428571428572,6.0,193.0,69900.0,362.1761658031088,103.0,17.69811320754717,22,73.08490566037736,0.0,106,384.0,9.0,200.0,0.035,611.0,0
PRV53918,0.0,0.0,0.0,0.0,3588.0,1014510.0,282.75083612040135,1709.0,17.98186073727326,22,72.84669397308367,0.00994733762434172,1709,2600.0,4.0,3588.0,0.0,282.75083612040135,1
PRV53919,6.0,50800.0,8466.666666666666,6.0,18.0,3250.0,180.55555555555554,17.0,17.863636363636363,22,72.68181818181819,0.0,22,74.0,7.0,24.0,0.25,2252.0833333333335,1
PRV53920,3.0,36000.0,12000.0,3.0,218.0,59610.0,273.4403669724771,117.0,17.906779661016948,22,73.05932203389831,0.00847457627118644,118,388.0,1.0,221.0,0.013574660633484163,432.6244343891403,0
PRV53921,9.0,55040.0,6115.555555555556,9.0,759.0,267190.0,352.0289855072464,492.0,17.859437751004016,22,73.285140562249,0.012048192771084338,498,965.0,5.0,768.0,0.01171875,419.5703125,0
PRV53922,0.0,0.0,0.0,0.0,55.0,13530.0,246.0,51.0,17.568627450980394,22,74.3529411764706,0.0,51,130.0,0.0,55.0,0.0,246.0,0
PRV53923,30.0,243000.0,8100.0,29.0,125.0,27400.0,219.2,111.0,17.676258992805757,22,72.00719424460432,0.0,139,330.0,14.0,155.0,0.1935483870967742,1744.516129032258,1
PRV53924,0.0,0.0,0.0,0.0,1.0,0.0,0.0,1.0,19.0,19,45.0,0.0,1,5.0,0.0,1.0,0.0,0.0,0
PRV53925,20.0,148000.0,7400.0,18.0,41.0,12200.0,297.5609756097561,40.0,17.275862068965516,22,73.20689655172414,0.0,58,205.0,12.0,61.0,0.32786885245901637,2626.2295081967213,0
PRV53926,0.0,0.0,0.0,0.0,27.0,8840.0,327.4074074074074,26.0,17.692307692307693,21,72.26923076923077,0.0,26,75.0,0.0,27.0,0.0,327.4074074074074,0
PRV53927,0.0,0.0,0.0,0.0,11.0,3600.0,327.27272727272725,11.0,17.636363636363637,21,75.81818181818181,0.0,11,22.0,0.0,11.0,0.0,327.27272727272725,0
PRV53928,3.0,14000.0,4666.666666666667,3.0,38.0,9750.0,256.57894736842104,38.0,17.853658536585368,22,71.39024390243902,0.0,41,93.0,0.0,41.0,0.07317073170731707,579.2682926829268,0
PRV53931,3.0,30000.0,10000.0,3.0,52.0,10410.0,200.19230769230768,45.0,18.083333333333332,22,74.97916666666667,0.0,48,115.0,4.0,55.0,0.05454545454545454,734.7272727272727,0
PRV53932,82.0,860000.0,10487.80487804878,80.0,222.0,60140.0,270.9009009009009,206.0,17.367491166077738,22,72.60070671378092,0.0176678445229682,283,606.0,37.0,304.0,0.26973684210526316,3026.7763157894738,0
PRV53933,0.0,0.0,0.0,0.0,265.0,81990.0,309.39622641509436,136.0,17.397058823529413,22,74.08088235294117,0.0,136,453.0,0.0,265.0,0.0,309.39622641509436,0
PRV53934,0.0,0.0,0.0,0.0,122.0,33500.0,274.59016393442624,97.0,17.670103092783506,22,74.74226804123711,0.0,97,227.0,0.0,122.0,0.0,274.59016393442624,0
PRV53935,0.0,0.0,0.0,0.0,12.0,5410.0,450.8333333333333,12.0,17.166666666666668,21,73.0,0.0,12,30.0,0.0,12.0,0.0,450.8333333333333,0
PRV53937,17.0,211000.0,12411.764705882353,17.0,21.0,6970.0,331.9047619047619,21.0,16.736842105263158,22,71.52631578947368,0.0,38,132.0,15.0,38.0,0.4473684210526316,5736.0526315789475,1
PRV53938,82.0,637000.0,7768.292682926829,62.0,29.0,16670.0,574.8275862068965,28.0,16.8876404494382,21,74.91011235955057,0.011235955056179775,89,368.0,54.0,111.0,0.7387387387387387,5888.918918918919,1
PRV53939,6.0,112000.0,18666.666666666668,6.0,298.0,81440.0,273.28859060402687,174.0,17.623595505617978,22,72.12359550561797,0.011235955056179775,178,515.0,5.0,304.0,0.019736842105263157,636.3157894736842,0
PRV53940,0.0,0.0,0.0,0.0,97.0,21890.0,225.6701030927835,93.0,17.602150537634408,22,74.72043010752688,0.0,93,203.0,0.0,97.0,0.0,225.6701030927835,0
PRV53941,6.0,59000.0,9833.333333333334,5.0,71.0,23160.0,326.19718309859155,67.0,17.444444444444443,22,72.15277777777777,0.013888888888888888,72,182.0,4.0,77.0,0.07792207792207792,1067.012987012987,0
PRV53942,8.0,73000.0,9125.0,8.0,17.0,4620.0,271.7647058823529,16.0,17.5,22,74.29166666666667,0.041666666666666664,24,92.0,7.0,25.0,0.32,3104.8,0
PRV53943,8.0,63000.0,7875.0,8.0,101.0,28800.0,285.1485148514852,95.0,17.660194174757283,22,74.20388349514563,0.009708737864077669,103,240.0,6.0,109.0,0.07339449541284404,842.2018348623853,0
PRV53944,0.0,0.0,0.0,0.0,104.0,21740.0,209.03846153846155,55.0,17.69090909090909,22,70.76363636363637,0.0,55,205.0,0.0,104.0,0.0,209.03846153846155,0
PRV53945,0.0,0.0,0.0,0.0,49.0,15300.0,312.2448979591837,47.0,17.680851063829788,22,75.12765957446808,0.0,47,116.0,0.0,49.0,0.0,312.2448979591837,0
PRV53946,0.0,0.0,0.0,0.0,21.0,10070.0,479.5238095238095,21.0,18.0,21,75.42857142857143,0.0,21,47.0,0.0,21.0,0.0,479.5238095238095,0
PRV53947,0.0,0.0,0.0,0.0,8.0,430.0,53.75,8.0,18.0,22,73.125,0.0,8,13.0,0.0,8.0,0.0,53.75,0
PRV53949,0.0,0.0,0.0,0.0,5.0,710.0,142.0,5.0,18.2,20,70.4,0.0,5,12.0,0.0,5.0,0.0,142.0,0
PRV53950,0.0,0.0,0.0,0.0,298.0,82130.0,275.6040268456376,235.0,17.727659574468085,22,73.00851063829788,0.00851063829787234,235,491.0,0.0,298.0,0.0,275.6040268456376,0
PRV53951,22.0,211000.0,9590.90909090909,18.0,32.0,12620.0,394.375,31.0,17.285714285714285,22,75.38775510204081,0.0,49,183.0,11.0,54.0,0.4074074074074074,4141.111111111111,1
PRV53952,0.0,0.0,0.0,0.0,15.0,4580.0,305.3333333333333,13.0,17.46153846153846,20,68.0,0.0,13,29.0,0.0,15.0,0.0,305.3333333333333,0
PRV53956,0.0,0.0,0.0,0.0,526.0,157610.0,299.638783269962,454.0,17.76872246696035,22,72.80176211453744,0.00881057268722467,454,708.0,0.0,526.0,0.0,299.638783269962,0
PRV53957,0.0,0.0,0.0,0.0,15.0,6640.0,442.6666666666667,14.0,17.428571428571427,21,75.57142857142857,0.0,14,41.0,0.0,15.0,0.0,442.6666666666667,0
PRV53958,23.0,213000.0,9260.869565217392,22.0,690.0,262260.0,380.0869565217391,326.0,17.985294117647058,22,71.81764705882352,0.0058823529411764705,340,939.0,14.0,713.0,0.03225806451612903,666.5638148667601,0
PRV53959,76.0,866400.0,11400.0,73.0,138.0,30430.0,220.5072463768116,131.0,17.554455445544555,22,71.9009900990099,0.0049504950495049506,202,495.0,42.0,214.0,0.35514018691588783,4190.794392523365,1
PRV53960,0.0,0.0,0.0,0.0,420.0,127360.0,303.23809523809524,115.0,17.843478260869563,22,73.59130434782608,0.017391304347826087,115,622.0,0.0,420.0,0.0,303.23809523809524,0
PRV53961,97.0,793900.0,8184.5360824742265,92.0,32.0,17560.0,548.75,32.0,16.870967741935484,21,74.56451612903226,0.008064516129032258,124,397.0,41.0,129.0,0.751937984496124,6290.387596899225,1
PRV53963,4.0,57000.0,14250.0,4.0,35.0,13660.0,390.2857142857143,33.0,17.486486486486488,21,73.83783783783784,0.0,37,95.0,1.0,39.0,0.10256410256410256,1811.7948717948718,0
PRV53964,0.0,0.0,0.0,0.0,146.0,40830.0,279.6575342465753,81.0,17.48148148148148,22,70.39506172839506,0.024691358024691357,81,282.0,0.0,146.0,0.0,279.6575342465753,0
PRV53965,0.0,0.0,0.0,0.0,110.0,32070.0,291.54545454545456,33.0,17.606060606060606,22,72.57575757575758,0.0,33,225.0,0.0,110.0,0.0,291.54545454545456,0
PRV53966,0.0,0.0,0.0,0.0,2.0,500.0,250.0,2.0,18.5,19,66.0,0.0,2,7.0,0.0,2.0,0.0,250.0,0
PRV53967,0.0,0.0,0.0,0.0,2.0,100.0,50.0,2.0,18.0,18,79.5,0.0,2,5.0,0.0,2.0,0.0,50.0,0
PRV53968,0.0,0.0,0.0,0.0,32.0,6600.0,206.25,30.0,17.633333333333333,22,72.6,0.0,30,75.0,0.0,32.0,0.0,206.25,0
PRV53969,0.0,0.0,0.0,0.0,118.0,35990.0,305.0,72.0,18.444444444444443,22,70.88888888888889,0.013888888888888888,72,252.0,0.0,118.0,0.0,305.0,0
PRV53970,3.0,65000.0,21666.666666666668,3.0,1.0,200.0,200.0,1.0,17.0,21,79.25,0.0,4,29.0,2.0,4.0,0.75,16300.0,0
PRV53971,0.0,0.0,0.0,0.0,102.0,22210.0,217.7450980392157,55.0,18.254545454545454,22,73.52727272727273,0.01818181818181818,55,194.0,0.0,102.0,0.0,217.7450980392157,0
PRV53972,6.0,35000.0,5833.333333333333,5.0,68.0,16920.0,248.8235294117647,56.0,17.18032786885246,22,71.36065573770492,0.01639344262295082,61,183.0,4.0,74.0,0.08108108108108109,701.6216216216217,0
PRV53973,0.0,0.0,0.0,0.0,170.0,45130.0,265.47058823529414,84.0,18.19047619047619,22,72.66666666666667,0.023809523809523808,84,292.0,0.0,170.0,0.0,265.47058823529414,0
PRV53974,0.0,0.0,0.0,0.0,67.0,12950.0,193.28358208955223,59.0,18.203389830508474,22,71.11864406779661,0.0,59,127.0,0.0,67.0,0.0,193.28358208955223,0
PRV53975,0.0,0.0,0.0,0.0,70.0,11390.0,162.71428571428572,42.0,17.976190476190474,22,74.52380952380952,0.0,42,148.0,0.0,70.0,0.0,162.71428571428572,0
PRV53977,0.0,0.0,0.0,0.0,65.0,22120.0,340.3076923076923,40.0,17.875,21,73.1,0.0,40,125.0,0.0,65.0,0.0,340.3076923076923,0
PRV53978,0.0,0.0,0.0,0.0,1.0,100.0,100.0,1.0,20.0,20,85.0,0.0,1,1.0,0.0,1.0,0.0,100.0,0
PRV53979,0.0,0.0,0.0,0.0,77.0,26170.0,339.87012987012986,38.0,18.5,22,73.36842105263158,0.0,38,163.0,0.0,77.0,0.0,339.87012987012986,0
PRV53980,0.0,0.0,0.0,0.0,22.0,3730.0,169.54545454545453,15.0,17.8,22,70.46666666666667,0.0,15,56.0,0.0,22.0,0.0,169.54545454545453,0
PRV53981,0.0,0.0,0.0,0.0,22.0,4810.0,218.63636363636363,22.0,18.0,21,73.5909090909091,0.045454545454545456,22,44.0,0.0,22.0,0.0,218.63636363636363,0
PRV53982,0.0,0.0,0.0,0.0,9.0,980.0,108.88888888888889,9.0,16.88888888888889,21,67.11111111111111,0.0,9,23.0,0.0,9.0,0.0,108.88888888888889,0
PRV53983,0.0,0.0,0.0,0.0,24.0,6400.0,266.6666666666667,23.0,17.0,21,69.65217391304348,0.0,23,53.0,0.0,24.0,0.0,266.6666666666667,0
PRV53985,8.0,108000.0,13500.0,7.0,189.0,55330.0,292.75132275132273,59.0,18.161290322580644,22,70.8225806451613,0.03225806451612903,62,372.0,4.0,197.0,0.04060913705583756,829.0862944162436,1
PRV53986,11.0,78000.0,7090.909090909091,11.0,34.0,12060.0,354.70588235294116,32.0,17.261904761904763,22,75.0,0.0,42,132.0,6.0,45.0,0.24444444444444444,2001.3333333333333,0
PRV53988,0.0,0.0,0.0,0.0,32.0,6360.0,198.75,25.0,17.56,22,78.48,0.0,25,73.0,0.0,32.0,0.0,198.75,0
PRV53989,1.0,13000.0,13000.0,1.0,26.0,9130.0,351.15384615384613,21.0,17.727272727272727,22,76.27272727272727,0.0,22,67.0,1.0,27.0,0.037037037037037035,819.6296296296297,0
PRV53990,5.0,43000.0,8600.0,4.0,94.0,20350.0,216.48936170212767,56.0,17.571428571428573,22,73.51785714285714,0.017857142857142856,56,223.0,4.0,99.0,0.050505050505050504,639.89898989899,0
PRV53991,0.0,0.0,0.0,0.0,62.0,14050.0,226.61290322580646,57.0,17.666666666666668,22,72.9298245614035,0.017543859649122806,57,129.0,0.0,62.0,0.0,226.61290322580646,0
PRV53992,0.0,0.0,0.0,0.0,244.0,87620.0,359.0983606557377,101.0,17.821782178217823,22,75.5049504950495,0.009900990099009901,101,434.0,0.0,244.0,0.0,359.0983606557377,0
PRV53993,0.0,0.0,0.0,0.0,201.0,53770.0,267.5124378109453,107.0,17.83177570093458,22,73.30841121495327,0.0,107,360.0,0.0,201.0,0.0,267.5124378109453,0
PRV53994,0.0,0.0,0.0,0.0,174.0,46000.0,264.367816091954,62.0,17.951612903225808,22,75.88709677419355,0.0,62,343.0,0.0,174.0,0.0,264.367816091954,0
PRV53995,0.0,0.0,0.0,0.0,3.0,440.0,146.66666666666666,3.0,20.0,22,76.33333333333333,0.0,3,11.0,0.0,3.0,0.0,146.66666666666666,0
PRV53996,2.0,11000.0,5500.0,2.0,3.0,390.0,130.0,3.0,17.0,19,74.0,0.0,5,21.0,1.0,5.0,0.4,2278.0,0
PRV53997,0.0,0.0,0.0,0.0,172.0,70230.0,408.3139534883721,95.0,17.652631578947368,22,73.49473684210527,0.0,95,317.0,0.0,172.0,0.0,408.3139534883721,0
PRV53999,0.0,0.0,0.0,0.0,1.0,60.0,60.0,1.0,19.0,19,65.0,0.0,1,1.0,0.0,1.0,0.0,60.0,0
PRV54000,0.0,0.0,0.0,0.0,206.0,42220.0,204.95145631067962,95.0,17.768421052631577,22,74.45263157894736,0.010526315789473684,95,364.0,0.0,206.0,0.0,204.95145631067962,0
PRV54001,8.0,61000.0,7625.0,8.0,0.0,0.0,0.0,0.0,16.375,19,68.25,0.0,8,57.0,5.0,8.0,1.0,7625.0,0
PRV54002,0.0,0.0,0.0,0.0,11.0,2060.0,187.27272727272728,11.0,17.636363636363637,20,73.63636363636364,0.0,11,26.0,0.0,11.0,0.0,187.27272727272728,0
PRV54004,0.0,0.0,0.0,0.0,8.0,1090.0,136.25,8.0,19.125,22,75.75,0.0,8,21.0,0.0,8.0,0.0,136.25,0
PRV54005,0.0,0.0,0.0,0.0,8.0,1800.0,225.0,8.0,16.625,20,74.125,0.0,8,16.0,0.0,8.0,0.0,225.0,0
PRV54006,0.0,0.0,0.0,0.0,1.0,90.0,90.0,1.0,15.0,15,80.0,0.0,1,3.0,0.0,1.0,0.0,90.0,0
PRV54007,0.0,0.0,0.0,0.0,5.0,1400.0,280.0,5.0,18.6,21,78.4,0.0,5,8.0,0.0,5.0,0.0,280.0,0
PRV54008,0.0,0.0,0.0,0.0,50.0,12860.0,257.2,41.0,17.682926829268293,22,74.21951219512195,0.0,41,110.0,0.0,50.0,0.0,257.2,0
PRV54009,0.0,0.0,0.0,0.0,1.0,40.0,40.0,1.0,19.0,19,69.0,0.0,1,2.0,0.0,1.0,0.0,40.0,0
PRV54011,0.0,0.0,0.0,0.0,2.0,70.0,35.0,2.0,18.0,18,70.0,0.0,2,2.0,0.0,2.0,0.0,35.0,0
PRV54012,0.0,0.0,0.0,0.0,8.0,3800.0,475.0,8.0,17.25,19,65.5,0.0,8,25.0,0.0,8.0,0.0,475.0,0
PRV54013,0.0,0.0,0.0,0.0,1.0,100.0,100.0,1.0,16.0,16,71.0,0.0,1,9.0,0.0,1.0,0.0,100.0,0
PRV54014,0.0,0.0,0.0,0.0,2.0,410.0,205.0,2.0,17.0,19,88.5,0.0,2,4.0,0.0,2.0,0.0,205.0,0
PRV54016,0.0,0.0,0.0,0.0,4.0,640.0,160.0,4.0,19.0,22,77.25,0.0,4,15.0,0.0,4.0,0.0,160.0,0
PRV54017,0.0,0.0,0.0,0.0,13.0,2610.0,200.76923076923077,13.0,18.307692307692307,22,67.46153846153847,0.0,13,31.0,0.0,13.0,0.0,200.76923076923077,0
PRV54019,0.0,0.0,0.0,0.0,4.0,900.0,225.0,4.0,20.0,21,71.75,0.0,4,10.0,0.0,4.0,0.0,225.0,0
PRV54020,0.0,0.0,0.0,0.0,7.0,2050.0,292.85714285714283,6.0,18.666666666666668,21,67.66666666666667,0.0,6,27.0,0.0,7.0,0.0,292.85714285714283,0
PRV54021,0.0,0.0,0.0,0.0,20.0,1980.0,99.0,19.0,17.473684210526315,21,76.0,0.05263157894736842,19,35.0,0.0,20.0,0.0,99.0,0
PRV54023,0.0,0.0,0.0,0.0,18.0,2060.0,114.44444444444444,14.0,17.928571428571427,21,78.0,0.0,14,37.0,0.0,18.0,0.0,114.44444444444444,0
PRV54024,0.0,0.0,0.0,0.0,38.0,17870.0,470.2631578947368,32.0,17.75,22,70.59375,0.0625,32,82.0,0.0,38.0,0.0,470.2631578947368,0
PRV54025,0.0,0.0,0.0,0.0,20.0,8980.0,449.0,18.0,17.38888888888889,21,68.5,0.0,18,52.0,0.0,20.0,0.0,449.0,0
PRV54026,0.0,0.0,0.0,0.0,3.0,2420.0,806.6666666666666,3.0,18.666666666666668,21,75.33333333333333,0.0,3,4.0,0.0,3.0,0.0,806.6666666666666,0
PRV54027,0.0,0.0,0.0,0.0,14.0,1390.0,99.28571428571429,8.0,17.875,22,71.75,0.0,8,30.0,0.0,14.0,0.0,99.28571428571429,0
PRV54028,0.0,0.0,0.0,0.0,6.0,720.0,120.0,6.0,17.666666666666668,18,68.33333333333333,0.0,6,20.0,0.0,6.0,0.0,120.0,0
PRV54029,0.0,0.0,0.0,0.0,2.0,320.0,160.0,2.0,18.5,19,75.5,0.0,2,4.0,0.0,2.0,0.0,160.0,0
PRV54030,0.0,0.0,0.0,0.0,14.0,2820.0,201.42857142857142,14.0,17.214285714285715,21,68.85714285714286,0.0,14,43.0,0.0,14.0,0.0,201.42857142857142,0
PRV54031,0.0,0.0,0.0,0.0,5.0,2270.0,454.0,5.0,18.6,20,72.6,0.0,5,10.0,0.0,5.0,0.0,454.0,0
PRV54033,0.0,0.0,0.0,0.0,1.0,30.0,30.0,1.0,17.0,17,54.0,0.0,1,2.0,0.0,1.0,0.0,30.0,0
PRV54034,0.0,0.0,0.0,0.0,1.0,70.0,70.0,1.0,19.0,19,81.0,0.0,1,2.0,0.0,1.0,0.0,70.0,0
PRV54036,0.0,0.0,0.0,0.0,100.0,25890.0,258.9,97.0,17.5979381443299,22,71.8659793814433,0.010309278350515464,97,187.0,0.0,100.0,0.0,258.9,0
PRV54037,0.0,0.0,0.0,0.0,17.0,10510.0,618.2352941176471,16.0,16.6875,21,70.5,0.0,16,62.0,0.0,17.0,0.0,618.2352941176471,0
PRV54038,0.0,0.0,0.0,0.0,19.0,5840.0,307.36842105263156,15.0,17.0,21,80.4,0.0,15,39.0,0.0,19.0,0.0,307.36842105263156,0
PRV54039,0.0,0.0,0.0,0.0,28.0,4770.0,170.35714285714286,18.0,16.333333333333332,21,77.16666666666667,0.05555555555555555,18,57.0,0.0,28.0,0.0,170.35714285714286,0
PRV54040,0.0,0.0,0.0,0.0,2.0,250.0,125.0,2.0,18.0,19,66.5,0.0,2,9.0,0.0,2.0,0.0,125.0,0
PRV54041,0.0,0.0,0.0,0.0,65.0,35330.0,543.5384615384615,32.0,17.4375,22,77.1875,0.0,32,130.0,0.0,65.0,0.0,543.5384615384615,0
PRV54043,0.0,0.0,0.0,0.0,3.0,5540.0,1846.6666666666667,3.0,17.0,19,69.66666666666667,0.0,3,6.0,0.0,3.0,0.0,1846.6666666666667,0
PRV54044,0.0,0.0,0.0,0.0,6.0,820.0,136.66666666666666,6.0,17.666666666666668,22,73.16666666666667,0.0,6,14.0,0.0,6.0,0.0,136.66666666666666,0
PRV54045,0.0,0.0,0.0,0.0,3.0,240.0,80.0,2.0,18.5,19,68.5,0.0,2,10.0,0.0,3.0,0.0,80.0,0
PRV54046,0.0,0.0,0.0,0.0,1.0,0.0,0.0,1.0,17.0,17,77.0,0.0,1,1.0,0.0,1.0,0.0,0.0,0
PRV54048,0.0,0.0,0.0,0.0,4.0,830.0,207.5,4.0,18.75,21,74.75,0.0,4,9.0,0.0,4.0,0.0,207.5,0
PRV54049,0.0,0.0,0.0,0.0,132.0,34600.0,262.1212121212121,37.0,18.16216216216216,22,72.13513513513513,0.02702702702702703,37,261.0,0.0,132.0,0.0,262.1212121212121,0
PRV54050,0.0,0.0,0.0,0.0,1.0,500.0,500.0,1.0,20.0,20,84.0,0.0,1,3.0,0.0,1.0,0.0,500.0,0
PRV54051,5.0,38000.0,7600.0,5.0,0.0,0.0,0.0,0.0,17.0,21,76.2,0.0,5,36.0,4.0,5.0,1.0,7600.0,0
PRV54052,6.0,75000.0,12500.0,6.0,0.0,0.0,0.0,0.0,17.833333333333332,20,76.33333333333333,0.0,6,48.0,5.0,6.0,1.0,12500.0,0
PRV54053,0.0,0.0,0.0,0.0,1.0,10.0,10.0,1.0,21.0,21,84.0,0.0,1,1.0,0.0,1.0,0.0,10.0,0
PRV54054,1.0,5000.0,5000.0,1.0,0.0,0.0,0.0,0.0,12.0,12,83.0,0.0,1,9.0,0.0,1.0,1.0,5000.0,0
PRV54055,25.0,214000.0,8560.0,25.0,0.0,0.0,0.0,0.0,16.04,19,74.8,0.0,25,131.0,13.0,25.0,1.0,8560.0,0
PRV54056,21.0,197000.0,9380.952380952382,15.0,0.0,0.0,0.0,0.0,16.6,21,72.53333333333333,0.06666666666666667,15,129.0,15.0,21.0,1.0,9380.952380952382,1
PRV54057,0.0,0.0,0.0,0.0,1.0,0.0,0.0,1.0,19.0,19,73.0,0.0,1,4.0,0.0,1.0,0.0,0.0,0
PRV54058,35.0,284000.0,8114.285714285715,34.0,0.0,0.0,0.0,0.0,15.911764705882353,20,67.17647058823529,0.0,34,176.0,16.0,35.0,1.0,8114.285714285715,0
PRV54059,18.0,172000.0,9555.555555555555,18.0,0.0,0.0,0.0,0.0,16.88888888888889,21,69.83333333333333,0.0,18,107.0,12.0,18.0,1.0,9555.555555555555,0
PRV54060,16.0,164000.0,10250.0,16.0,0.0,0.0,0.0,0.0,16.6875,22,70.1875,0.0,16,103.0,10.0,16.0,1.0,10250.0,0
PRV54061,4.0,30000.0,7500.0,3.0,7.0,470.0,67.14285714285714,7.0,16.7,20,71.2,0.0,10,40.0,3.0,11.0,0.36363636363636365,2770.0,0
PRV54062,2.0,15000.0,7500.0,2.0,9.0,2730.0,303.3333333333333,8.0,17.0,22,77.1,0.0,10,39.0,0.0,11.0,0.18181818181818182,1611.8181818181818,0
PRV54063,1.0,3000.0,3000.0,1.0,16.0,5620.0,351.25,12.0,18.384615384615383,22,72.84615384615384,0.0,13,49.0,0.0,17.0,0.058823529411764705,507.05882352941177,0
PRV54064,16.0,179000.0,11187.5,15.0,106.0,43200.0,407.54716981132077,66.0,17.569444444444443,22,75.79166666666667,0.0,72,284.0,14.0,122.0,0.13114754098360656,1821.311475409836,0
PRV54065,24.0,238000.0,9916.666666666666,20.0,70.0,18620.0,266.0,52.0,17.535211267605632,22,71.83098591549296,0.0,71,264.0,18.0,94.0,0.2553191489361702,2730.0,1
PRV54066,0.0,0.0,0.0,0.0,148.0,41710.0,281.8243243243243,110.0,17.463636363636365,22,71.9090909090909,0.0,110,278.0,0.0,148.0,0.0,281.8243243243243,0
PRV54068,0.0,0.0,0.0,0.0,7.0,570.0,81.42857142857143,7.0,16.857142857142858,21,72.85714285714286,0.0,7,23.0,0.0,7.0,0.0,81.42857142857143,0
PRV54070,0.0,0.0,0.0,0.0,1467.0,393990.0,268.56850715746424,1177.0,17.80458793542906,22,73.7892948173322,0.0033984706881903144,1177,1490.0,0.0,1467.0,0.0,268.56850715746424,1
PRV54071,8.0,78000.0,9750.0,8.0,428.0,151020.0,352.85046728971963,319.0,17.84923076923077,22,73.89538461538461,0.003076923076923077,325,622.0,4.0,436.0,0.01834862385321101,525.2752293577981,0
PRV54072,6.0,99000.0,16500.0,6.0,24.0,6640.0,276.6666666666667,20.0,17.576923076923077,20,69.15384615384616,0.038461538461538464,26,101.0,3.0,30.0,0.2,3521.3333333333335,0
PRV54073,7.0,100000.0,14285.714285714286,6.0,37.0,16390.0,442.97297297297297,24.0,17.642857142857142,22,74.46428571428571,0.0,28,115.0,6.0,44.0,0.1590909090909091,2645.2272727272725,0
PRV54074,23.0,319000.0,13869.565217391304,23.0,90.0,23890.0,265.44444444444446,87.0,17.412844036697248,22,74.06422018348624,0.0,109,283.0,20.0,113.0,0.20353982300884957,3034.424778761062,1
PRV54075,32.0,286000.0,8937.5,31.0,1487.0,411520.0,276.7451244115669,890.0,17.936263736263736,22,73.71648351648352,0.004395604395604396,910,1537.0,21.0,1519.0,0.02106649111257406,459.1968400263331,1
PRV54076,9.0,78000.0,8666.666666666666,9.0,43.0,13970.0,324.8837209302326,41.0,18.16,22,73.88,0.0,50,150.0,7.0,52.0,0.17307692307692307,1768.6538461538462,0
PRV54077,52.0,521000.0,10019.23076923077,46.0,24.0,16320.0,680.0,24.0,17.0,22,72.87142857142857,0.0,70,264.0,29.0,76.0,0.6842105263157895,7070.0,1
PRV54078,20.0,193000.0,9650.0,18.0,99.0,21380.0,215.95959595959596,91.0,17.6697247706422,22,70.40366972477064,0.0,109,298.0,10.0,119.0,0.16806722689075632,1801.5126050420167,0
PRV54080,0.0,0.0,0.0,0.0,573.0,176370.0,307.80104712041884,261.0,17.942528735632184,22,72.68199233716476,0.0,261,802.0,1.0,573.0,0.0,307.80104712041884,0
PRV54081,11.0,135000.0,12272.727272727272,10.0,3.0,200.0,66.66666666666667,3.0,18.23076923076923,21,73.46153846153847,0.07692307692307693,13,80.0,10.0,14.0,0.7857142857142857,9657.142857142857,0
PRV54082,5.0,35000.0,7000.0,5.0,6.0,450.0,75.0,6.0,17.09090909090909,21,76.72727272727273,0.0,11,42.0,4.0,11.0,0.45454545454545453,3222.7272727272725,0
PRV54083,8.0,60000.0,7500.0,8.0,271.0,73780.0,272.2509225092251,167.0,17.90173410404624,22,75.28901734104046,0.0,173,484.0,5.0,279.0,0.02867383512544803,479.4982078853047,0
PRV54084,8.0,73000.0,9125.0,8.0,41.0,9310.0,227.0731707317073,36.0,17.511627906976745,21,73.16279069767442,0.0,43,125.0,7.0,49.0,0.16326530612244897,1679.795918367347,0
PRV54085,58.0,552000.0,9517.241379310344,58.0,176.0,50110.0,284.71590909090907,143.0,17.86294416243655,22,72.53299492385787,0.0,197,509.0,37.0,234.0,0.24786324786324787,2573.119658119658,0
PRV54086,0.0,0.0,0.0,0.0,66.0,12550.0,190.15151515151516,60.0,17.883333333333333,22,77.35,0.016666666666666666,60,144.0,0.0,66.0,0.0,190.15151515151516,0
PRV54089,7.0,76000.0,10857.142857142857,7.0,34.0,15230.0,447.94117647058823,34.0,17.390243902439025,22,70.90243902439025,0.0,41,149.0,5.0,41.0,0.17073170731707318,2225.121951219512,0
PRV54090,32.0,281000.0,8781.25,27.0,158.0,39740.0,251.51898734177215,105.0,17.682926829268293,22,73.8130081300813,0.008130081300813009,123,395.0,16.0,190.0,0.16842105263157894,1688.1052631578948,0
PRV54091,0.0,0.0,0.0,0.0,112.0,22820.0,203.75,76.0,18.289473684210527,22,75.39473684210526,0.013157894736842105,76,217.0,0.0,112.0,0.0,203.75,0
PRV54092,0.0,0.0,0.0,0.0,481.0,141550.0,294.28274428274426,401.0,17.780548628428928,22,73.71072319201996,0.012468827930174564,401,676.0,0.0,481.0,0.0,294.28274428274426,0
PRV54093,41.0,501700.0,12236.585365853658,40.0,48.0,13280.0,276.6666666666667,46.0,17.302325581395348,22,73.27906976744185,0.0,86,275.0,24.0,89.0,0.4606741573033708,5786.29213483146,1
PRV54096,0.0,0.0,0.0,0.0,7.0,920.0,131.42857142857142,7.0,18.142857142857142,22,65.71428571428571,0.0,7,18.0,0.0,7.0,0.0,131.42857142857142,0
PRV54098,9.0,57080.0,6342.222222222223,7.0,247.0,63320.0,256.3562753036437,93.0,18.479166666666668,22,73.61458333333333,0.03125,96,435.0,4.0,256.0,0.03515625,470.3125,1
PRV54099,14.0,144000.0,10285.714285714286,14.0,203.0,43860.0,216.0591133004926,90.0,18.298969072164947,22,73.29896907216495,0.010309278350515464,97,384.0,7.0,217.0,0.06451612903225806,865.7142857142857,0
PRV54101,11.0,60000.0,5454.545454545455,10.0,18.0,5790.0,321.6666666666667,18.0,17.107142857142858,21,74.25,0.0,28,98.0,7.0,29.0,0.3793103448275862,2268.6206896551726,0
PRV54102,9.0,88000.0,9777.777777777777,7.0,14.0,12720.0,908.5714285714286,11.0,17.27777777777778,22,75.16666666666667,0.0,18,111.0,4.0,23.0,0.391304347826087,4379.130434782609,0
PRV54103,8.0,58000.0,7250.0,7.0,179.0,46930.0,262.1787709497207,79.0,17.975609756097562,22,71.78048780487805,0.0,82,343.0,4.0,187.0,0.0427807486631016,561.1229946524064,1
PRV54106,5.0,62000.0,12400.0,5.0,34.0,7910.0,232.64705882352942,32.0,17.945945945945947,22,70.13513513513513,0.0,37,109.0,6.0,39.0,0.1282051282051282,1792.5641025641025,0
PRV54107,0.0,0.0,0.0,0.0,147.0,44080.0,299.86394557823127,129.0,18.015503875968992,22,72.32558139534883,0.0,129,269.0,0.0,147.0,0.0,299.86394557823127,0
PRV54109,0.0,0.0,0.0,0.0,16.0,4950.0,309.375,14.0,17.928571428571427,21,73.5,0.0,14,35.0,0.0,16.0,0.0,309.375,0
PRV54110,0.0,0.0,0.0,0.0,7.0,450.0,64.28571428571429,7.0,17.571428571428573,21,73.85714285714286,0.0,7,9.0,0.0,7.0,0.0,64.28571428571429,0
PRV54111,54.0,548000.0,10148.148148148148,43.0,195.0,42000.0,215.3846153846154,138.0,17.982954545454547,22,74.27272727272727,0.005681818181818182,176,524.0,28.0,249.0,0.21686746987951808,2369.4779116465866,1
PRV54112,0.0,0.0,0.0,0.0,31.0,6590.0,212.58064516129033,18.0,18.0,22,66.83333333333333,0.0,18,69.0,0.0,31.0,0.0,212.58064516129033,0
PRV54113,0.0,0.0,0.0,0.0,1.0,60.0,60.0,1.0,20.0,20,78.0,0.0,1,2.0,0.0,1.0,0.0,60.0,0
PRV54114,3.0,20000.0,6666.666666666667,3.0,8.0,2790.0,348.75,7.0,17.666666666666668,20,72.0,0.0,9,45.0,3.0,11.0,0.2727272727272727,2071.818181818182,0
PRV54115,0.0,0.0,0.0,0.0,4.0,170.0,42.5,4.0,17.25,19,76.5,0.0,4,12.0,0.0,4.0,0.0,42.5,0
PRV54116,0.0,0.0,0.0,0.0,16.0,1280.0,80.0,4.0,16.0,17,67.25,0.0,4,40.0,0.0,16.0,0.0,80.0,0
PRV54117,0.0,0.0,0.0,0.0,6.0,320.0,53.333333333333336,6.0,18.0,21,78.16666666666667,0.0,6,9.0,0.0,6.0,0.0,53.333333333333336,0
PRV54118,0.0,0.0,0.0,0.0,8.0,470.0,58.75,8.0,18.5,21,77.25,0.0,8,16.0,0.0,8.0,0.0,58.75,0
PRV54119,0.0,0.0,0.0,0.0,14.0,1980.0,141.42857142857142,12.0,16.833333333333332,22,75.33333333333333,0.0,12,39.0,0.0,14.0,0.0,141.42857142857142,0
PRV54120,0.0,0.0,0.0,0.0,2.0,1000.0,500.0,2.0,18.0,20,68.5,0.5,2,11.0,0.0,2.0,0.0,500.0,0
PRV54121,0.0,0.0,0.0,0.0,48.0,15370.0,320.2083333333333,19.0,17.68421052631579,21,74.78947368421052,0.0,19,120.0,0.0,48.0,0.0,320.2083333333333,0
PRV54122,0.0,0.0,0.0,0.0,4.0,510.0,127.5,4.0,18.25,22,84.75,0.0,4,9.0,0.0,4.0,0.0,127.5,0
PRV54123,0.0,0.0,0.0,0.0,2.0,110.0,55.0,2.0,16.0,18,76.0,0.0,2,6.0,0.0,2.0,0.0,55.0,0
PRV54124,0.0,0.0,0.0,0.0,5.0,700.0,140.0,5.0,18.6,21,67.4,0.0,5,15.0,0.0,5.0,0.0,140.0,0
PRV54125,0.0,0.0,0.0,0.0,11.0,7180.0,652.7272727272727,10.0,16.5,18,76.0,0.0,10,30.0,0.0,11.0,0.0,652.7272727272727,0
PRV54127,0.0,0.0,0.0,0.0,28.0,9100.0,325.0,25.0,17.44,21,72.68,0.0,25,51.0,0.0,28.0,0.0,325.0,0
PRV54128,0.0,0.0,0.0,0.0,27.0,10440.0,386.6666666666667,9.0,18.666666666666668,22,71.88888888888889,0.0,9,68.0,0.0,27.0,0.0,386.6666666666667,0
PRV54129,0.0,0.0,0.0,0.0,5.0,3120.0,624.0,5.0,17.8,22,78.6,0.0,5,9.0,0.0,5.0,0.0,624.0,0
PRV54130,0.0,0.0,0.0,0.0,64.0,9210.0,143.90625,36.0,17.75,22,75.16666666666667,0.0,36,140.0,0.0,64.0,0.0,143.90625,0
PRV54131,0.0,0.0,0.0,0.0,24.0,4010.0,167.08333333333334,12.0,18.166666666666668,21,75.75,0.0,12,63.0,0.0,24.0,0.0,167.08333333333334,0
PRV54132,0.0,0.0,0.0,0.0,5.0,530.0,106.0,5.0,20.0,22,64.0,0.0,5,18.0,0.0,5.0,0.0,106.0,0
PRV54133,0.0,0.0,0.0,0.0,25.0,3560.0,142.4,24.0,18.083333333333332,22,76.04166666666667,0.0,24,63.0,0.0,25.0,0.0,142.4,0
PRV54134,2.0,10000.0,5000.0,2.0,42.0,17250.0,410.7142857142857,34.0,17.916666666666668,22,73.91666666666667,0.0,36,108.0,1.0,44.0,0.045454545454545456,619.3181818181819,0
PRV54135,0.0,0.0,0.0,0.0,3.0,260.0,86.66666666666667,2.0,18.5,19,58.0,0.0,2,12.0,0.0,3.0,0.0,86.66666666666667,0
PRV54136,0.0,0.0,0.0,0.0,30.0,7570.0,252.33333333333334,16.0,17.6875,20,71.9375,0.0,16,60.0,0.0,30.0,0.0,252.33333333333334,0
PRV54139,5.0,39000.0,7800.0,4.0,94.0,22480.0,239.14893617021278,51.0,18.01923076923077,22,70.53846153846153,0.0,52,213.0,3.0,99.0,0.050505050505050504,621.010101010101,0
PRV54140,0.0,0.0,0.0,0.0,6.0,230.0,38.333333333333336,6.0,16.5,18,71.16666666666667,0.0,6,14.0,0.0,6.0,0.0,38.333333333333336,0
PRV54141,0.0,0.0,0.0,0.0,31.0,9100.0,293.5483870967742,11.0,17.90909090909091,21,78.81818181818181,0.09090909090909091,11,52.0,0.0,31.0,0.0,293.5483870967742,0
PRV54142,0.0,0.0,0.0,0.0,28.0,9940.0,355.0,7.0,16.571428571428573,20,67.85714285714286,0.0,7,72.0,0.0,28.0,0.0,355.0,0
PRV54144,0.0,0.0,0.0,0.0,294.0,73130.0,248.74149659863946,103.0,18.038834951456312,22,73.71844660194175,0.009708737864077669,103,461.0,0.0,294.0,0.0,248.74149659863946,1
PRV54145,0.0,0.0,0.0,0.0,6.0,6320.0,1053.3333333333333,5.0,16.8,20,76.0,0.0,5,13.0,0.0,6.0,0.0,1053.3333333333333,0
PRV54146,0.0,0.0,0.0,0.0,5.0,240.0,48.0,3.0,19.333333333333332,21,75.66666666666667,0.0,3,8.0,0.0,5.0,0.0,48.0,0
PRV54148,0.0,0.0,0.0,0.0,1.0,90.0,90.0,1.0,17.0,17,77.0,0.0,1,1.0,0.0,1.0,0.0,90.0,0
PRV54149,5.0,32000.0,6400.0,3.0,11.0,2700.0,245.45454545454547,11.0,18.428571428571427,22,71.14285714285714,0.0,14,54.0,0.0,16.0,0.3125,2168.75,1
PRV54150,0.0,0.0,0.0,0.0,25.0,11020.0,440.8,24.0,16.916666666666668,22,73.54166666666667,0.0,24,64.0,0.0,25.0,0.0,440.8,0
PRV54153,3.0,40000.0,13333.333333333334,3.0,11.0,1410.0,128.1818181818182,8.0,17.09090909090909,22,70.45454545454545,0.0,11,47.0,4.0,14.0,0.21428571428571427,2957.8571428571427,0
PRV54154,0.0,0.0,0.0,0.0,12.0,1640.0,136.66666666666666,11.0,17.181818181818183,19,74.0909090909091,0.0,11,28.0,0.0,12.0,0.0,136.66666666666666,0
PRV54155,1.0,13000.0,13000.0,1.0,50.0,11440.0,228.8,29.0,17.517241379310345,22,75.79310344827586,0.0,29,93.0,1.0,51.0,0.0196078431372549,479.2156862745098,0
PRV54156,0.0,0.0,0.0,0.0,121.0,30480.0,251.900826446281,46.0,17.97826086956522,22,77.41304347826087,0.021739130434782608,46,238.0,0.0,121.0,0.0,251.900826446281,0
PRV54157,0.0,0.0,0.0,0.0,130.0,27980.0,215.23076923076923,51.0,17.941176470588236,22,72.6470588235294,0.0392156862745098,51,258.0,0.0,130.0,0.0,215.23076923076923,0
PRV54158,0.0,0.0,0.0,0.0,9.0,2360.0,262.22222222222223,9.0,18.22222222222222,20,72.11111111111111,0.0,9,14.0,0.0,9.0,0.0,262.22222222222223,0
PRV54159,0.0,0.0,0.0,0.0,34.0,14400.0,423.52941176470586,22.0,17.181818181818183,22,75.72727272727273,0.0,22,77.0,0.0,34.0,0.0,423.52941176470586,0
PRV54160,0.0,0.0,0.0,0.0,9.0,4370.0,485.55555555555554,9.0,18.77777777777778,21,73.22222222222223,0.0,9,17.0,0.0,9.0,0.0,485.55555555555554,0
PRV54162,0.0,0.0,0.0,0.0,32.0,8160.0,255.0,18.0,18.333333333333332,21,76.66666666666667,0.0,18,63.0,0.0,32.0,0.0,255.0,0
PRV54163,0.0,0.0,0.0,0.0,41.0,8820.0,215.1219512195122,24.0,18.208333333333332,22,71.95833333333333,0.0,24,96.0,0.0,41.0,0.0,215.1219512195122,0
PRV54164,1.0,4000.0,4000.0,1.0,1.0,100.0,100.0,1.0,18.0,20,80.0,0.0,2,6.0,0.0,2.0,0.5,2050.0,0
PRV54166,0.0,0.0,0.0,0.0,20.0,6500.0,325.0,17.0,17.88235294117647,22,73.94117647058823,0.0,17,53.0,0.0,20.0,0.0,325.0,0
PRV54167,0.0,0.0,0.0,0.0,9.0,1840.0,204.44444444444446,8.0,18.125,20,72.0,0.0,8,31.0,0.0,9.0,0.0,204.44444444444446,0
PRV54168,1.0,7000.0,7000.0,1.0,66.0,27350.0,414.3939393939394,38.0,17.871794871794872,22,72.82051282051282,0.02564102564102564,39,143.0,0.0,67.0,0.014925373134328358,512.6865671641791,0
PRV54171,0.0,0.0,0.0,0.0,72.0,20740.0,288.05555555555554,27.0,18.555555555555557,22,75.03703703703704,0.0,27,164.0,0.0,72.0,0.0,288.05555555555554,0
PRV54172,0.0,0.0,0.0,0.0,2.0,140.0,70.0,2.0,17.0,18,70.0,0.0,2,6.0,0.0,2.0,0.0,70.0,0
PRV54173,0.0,0.0,0.0,0.0,7.0,640.0,91.42857142857143,7.0,17.571428571428573,22,77.57142857142857,0.0,7,11.0,0.0,7.0,0.0,91.42857142857143,0
PRV54175,0.0,0.0,0.0,0.0,1.0,80.0,80.0,1.0,18.0,18,80.0,0.0,1,1.0,0.0,1.0,0.0,80.0,0
PRV54176,0.0,0.0,0.0,0.0,10.0,1670.0,167.0,10.0,17.5,21,72.6,0.0,10,26.0,0.0,10.0,0.0,167.0,0
PRV54177,0.0,0.0,0.0,0.0,2.0,1100.0,550.0,2.0,15.0,16,80.5,0.0,2,2.0,0.0,2.0,0.0,550.0,0
PRV54178,0.0,0.0,0.0,0.0,2.0,90.0,45.0,2.0,18.5,21,57.0,0.0,2,2.0,0.0,2.0,0.0,45.0,0
PRV54179,0.0,0.0,0.0,0.0,1.0,0.0,0.0,1.0,18.0,18,68.0,0.0,1,1.0,0.0,1.0,0.0,0.0,0
PRV54180,0.0,0.0,0.0,0.0,2.0,150.0,75.0,2.0,16.5,17,59.0,0.0,2,5.0,0.0,2.0,0.0,75.0,0
PRV54181,0.0,0.0,0.0,0.0,4.0,190.0,47.5,4.0,17.5,19,75.25,0.0,4,9.0,0.0,4.0,0.0,47.5,0
PRV54182,0.0,0.0,0.0,0.0,4.0,1750.0,437.5,4.0,16.5,19,75.25,0.0,4,22.0,0.0,4.0,0.0,437.5,0
PRV54183,0.0,0.0,0.0,0.0,2.0,4400.0,2200.0,2.0,16.5,20,70.0,0.0,2,5.0,0.0,2.0,0.0,2200.0,0
PRV54184,0.0,0.0,0.0,0.0,10.0,3560.0,356.0,8.0,19.5,22,74.75,0.125,8,31.0,0.0,10.0,0.0,356.0,0
PRV54185,0.0,0.0,0.0,0.0,2.0,350.0,175.0,2.0,19.5,22,75.0,0.0,2,5.0,0.0,2.0,0.0,175.0,0
PRV54186,0.0,0.0,0.0,0.0,11.0,1730.0,157.27272727272728,7.0,17.285714285714285,21,72.0,0.0,7,35.0,0.0,11.0,0.0,157.27272727272728,0
PRV54187,0.0,0.0,0.0,0.0,1.0,200.0,200.0,1.0,18.0,18,66.0,0.0,1,5.0,0.0,1.0,0.0,200.0,0
PRV54188,0.0,0.0,0.0,0.0,4.0,3060.0,765.0,4.0,16.0,17,66.0,0.0,4,6.0,0.0,4.0,0.0,765.0,0
PRV54191,0.0,0.0,0.0,0.0,2.0,360.0,180.0,2.0,19.5,21,76.5,0.0,2,4.0,0.0,2.0,0.0,180.0,0
PRV54192,0.0,0.0,0.0,0.0,2.0,890.0,445.0,2.0,16.0,16,80.0,0.0,2,8.0,0.0,2.0,0.0,445.0,0
PRV54193,0.0,0.0,0.0,0.0,24.0,4030.0,167.91666666666666,12.0,18.25,21,75.25,0.0,12,58.0,0.0,24.0,0.0,167.91666666666666,0
PRV54194,0.0,0.0,0.0,0.0,7.0,3630.0,518.5714285714286,7.0,19.0,21,72.85714285714286,0.0,7,19.0,0.0,7.0,0.0,518.5714285714286,0
PRV54196,0.0,0.0,0.0,0.0,10.0,4320.0,432.0,10.0,17.7,21,72.2,0.0,10,24.0,0.0,10.0,0.0,432.0,0
PRV54197,0.0,0.0,0.0,0.0,14.0,850.0,60.714285714285715,12.0,17.583333333333332,21,76.25,0.0,12,29.0,0.0,14.0,0.0,60.714285714285715,0
PRV54198,0.0,0.0,0.0,0.0,6.0,490.0,81.66666666666667,6.0,17.833333333333332,20,68.83333333333333,0.0,6,16.0,0.0,6.0,0.0,81.66666666666667,0
PRV54199,0.0,0.0,0.0,0.0,1.0,40.0,40.0,1.0,17.0,17,57.0,0.0,1,1.0,0.0,1.0,0.0,40.0,0
PRV54200,13.0,173090.0,13314.615384615385,13.0,0.0,0.0,0.0,0.0,17.0,19,75.0,0.0,13,81.0,8.0,13.0,1.0,13314.615384615385,0
PRV54201,4.0,19600.0,4900.0,4.0,0.0,0.0,0.0,0.0,17.5,19,73.25,0.0,4,20.0,0.0,4.0,1.0,4900.0,0
PRV54202,10.0,137000.0,13700.0,10.0,0.0,0.0,0.0,0.0,17.7,21,77.0,0.0,10,65.0,8.0,10.0,1.0,13700.0,0
PRV54203,0.0,0.0,0.0,0.0,51.0,12930.0,253.52941176470588,45.0,18.022222222222222,22,76.75555555555556,0.0,45,106.0,0.0,51.0,0.0,253.52941176470588,0
PRV54204,4.0,62200.0,15550.0,4.0,0.0,0.0,0.0,0.0,17.0,22,72.25,0.0,4,28.0,4.0,4.0,1.0,15550.0,0
PRV54205,9.0,65000.0,7222.222222222223,8.0,0.0,0.0,0.0,0.0,16.375,21,72.625,0.0,8,59.0,6.0,9.0,1.0,7222.222222222223,0
PRV54206,1.0,10000.0,10000.0,1.0,43.0,11400.0,265.1162790697674,40.0,17.29268292682927,22,73.41463414634147,0.0,41,89.0,2.0,44.0,0.022727272727272728,486.3636363636364,0
PRV54207,0.0,0.0,0.0,0.0,41.0,6950.0,169.5121951219512,32.0,17.9375,22,71.53125,0.0,32,88.0,0.0,41.0,0.0,169.5121951219512,0
PRV54208,10.0,109300.0,10930.0,8.0,17.0,4860.0,285.88235294117646,16.0,17.458333333333332,21,72.33333333333333,0.041666666666666664,24,107.0,5.0,27.0,0.37037037037037035,4228.148148148148,0
PRV54209,20.0,146600.0,7330.0,19.0,131.0,32300.0,246.5648854961832,122.0,17.309352517985612,22,73.54676258992805,0.0,139,331.0,13.0,151.0,0.13245033112582782,1184.76821192053,1
PRV54210,0.0,0.0,0.0,0.0,20.0,4610.0,230.5,18.0,17.27777777777778,21,73.66666666666667,0.0,18,32.0,0.0,20.0,0.0,230.5,0
PRV54212,0.0,0.0,0.0,0.0,54.0,11920.0,220.74074074074073,32.0,17.90625,22,75.5625,0.0625,32,107.0,0.0,54.0,0.0,220.74074074074073,0
PRV54213,21.0,160000.0,7619.047619047619,19.0,46.0,9320.0,202.6086956521739,42.0,16.852459016393443,22,70.77049180327869,0.0,61,214.0,14.0,67.0,0.31343283582089554,2527.1641791044776,0
PRV54215,14.0,142000.0,10142.857142857143,11.0,17.0,2370.0,139.41176470588235,15.0,16.576923076923077,20,71.73076923076923,0.0,26,127.0,11.0,31.0,0.45161290322580644,4657.096774193548,0
PRV54216,10.0,150000.0,15000.0,10.0,39.0,13340.0,342.05128205128204,34.0,17.27906976744186,22,71.20930232558139,0.023255813953488372,43,157.0,8.0,49.0,0.20408163265306123,3333.469387755102,0
PRV54217,0.0,0.0,0.0,0.0,30.0,5260.0,175.33333333333334,14.0,17.285714285714285,22,75.07142857142857,0.0,14,65.0,0.0,30.0,0.0,175.33333333333334,0
PRV54219,0.0,0.0,0.0,0.0,101.0,18730.0,185.44554455445544,33.0,17.606060606060606,22,68.75757575757575,0.0,33,212.0,1.0,101.0,0.0,185.44554455445544,0
PRV54220,8.0,165000.0,20625.0,7.0,24.0,20140.0,839.1666666666666,23.0,16.96551724137931,22,74.82758620689656,0.034482758620689655,29,130.0,7.0,32.0,0.25,5785.625,0
PRV54222,0.0,0.0,0.0,0.0,19.0,3130.0,164.73684210526315,11.0,17.363636363636363,21,72.0,0.0,11,46.0,0.0,19.0,0.0,164.73684210526315,0
PRV54223,0.0,0.0,0.0,0.0,74.0,16480.0,222.7027027027027,25.0,17.12,22,70.2,0.0,25,171.0,0.0,74.0,0.0,222.7027027027027,0
PRV54224,0.0,0.0,0.0,0.0,43.0,15460.0,359.5348837209302,23.0,18.52173913043478,22,73.69565217391305,0.0,23,90.0,0.0,43.0,0.0,359.5348837209302,0
PRV54225,0.0,0.0,0.0,0.0,104.0,53620.0,515.5769230769231,59.0,17.23728813559322,22,69.2542372881356,0.01694915254237288,59,214.0,0.0,104.0,0.0,515.5769230769231,1
PRV54226,0.0,0.0,0.0,0.0,13.0,760.0,58.46153846153846,11.0,18.454545454545453,21,77.63636363636364,0.0,11,27.0,0.0,13.0,0.0,58.46153846153846,0
PRV54227,0.0,0.0,0.0,0.0,53.0,7630.0,143.96226415094338,47.0,17.72340425531915,22,74.29787234042553,0.0,47,105.0,0.0,53.0,0.0,143.96226415094338,0
PRV54228,41.0,304000.0,7414.634146341464,29.0,311.0,102000.0,327.9742765273312,188.0,17.646464646464647,22,70.82828282828282,0.0,198,589.0,23.0,352.0,0.11647727272727272,1153.409090909091,0
PRV54230,44.0,391000.0,8886.363636363636,39.0,82.0,17650.0,215.2439024390244,79.0,16.86725663716814,21,72.94690265486726,0.008849557522123894,113,343.0,23.0,126.0,0.3492063492063492,3243.253968253968,1
PRV54231,0.0,0.0,0.0,0.0,190.0,67880.0,357.2631578947368,64.0,17.75,22,69.71875,0.015625,64,324.0,0.0,190.0,0.0,357.2631578947368,0
PRV54232,8.0,98500.0,12312.5,6.0,34.0,9250.0,272.05882352941177,28.0,16.61764705882353,21,72.58823529411765,0.0,34,136.0,3.0,42.0,0.19047619047619047,2565.4761904761904,0
PRV54233,1.0,6000.0,6000.0,1.0,6.0,350.0,58.333333333333336,6.0,17.571428571428573,22,80.14285714285714,0.0,7,22.0,0.0,7.0,0.14285714285714285,907.1428571428571,0
PRV54235,0.0,0.0,0.0,0.0,16.0,4280.0,267.5,13.0,18.46153846153846,21,71.38461538461539,0.0,13,34.0,0.0,16.0,0.0,267.5,0
PRV54237,0.0,0.0,0.0,0.0,234.0,52560.0,224.6153846153846,119.0,17.386554621848738,22,72.6890756302521,0.0,119,364.0,0.0,234.0,0.0,224.6153846153846,0
PRV54238,0.0,0.0,0.0,0.0,348.0,92890.0,266.92528735632186,153.0,17.54248366013072,22,73.69934640522875,0.013071895424836602,153,545.0,0.0,348.0,0.0,266.92528735632186,0
PRV54239,0.0,0.0,0.0,0.0,62.0,20980.0,338.38709677419354,44.0,17.295454545454547,22,72.68181818181819,0.0,44,146.0,0.0,62.0,0.0,338.38709677419354,0
PRV54240,0.0,0.0,0.0,0.0,72.0,14400.0,200.0,37.0,17.43243243243243,22,70.54054054054055,0.0,37,140.0,0.0,72.0,0.0,200.0,0
PRV54242,4.0,28000.0,7000.0,4.0,84.0,25270.0,300.8333333333333,70.0,17.756756756756758,22,72.43243243243244,0.013513513513513514,74,206.0,5.0,88.0,0.045454545454545456,605.3409090909091,0
PRV54244,49.0,520800.0,10628.57142857143,46.0,182.0,55570.0,305.3296703296703,151.0,17.417989417989418,22,71.46031746031746,0.0,189,507.0,30.0,231.0,0.21212121212121213,2495.1082251082253,0
PRV54245,14.0,119000.0,8500.0,13.0,159.0,38450.0,241.8238993710692,93.0,17.048076923076923,22,73.01923076923077,0.019230769230769232,104,358.0,7.0,173.0,0.08092485549132948,910.1156069364162,0
PRV54246,0.0,0.0,0.0,0.0,43.0,9900.0,230.2325581395349,27.0,17.85185185185185,21,70.37037037037037,0.0,27,96.0,0.0,43.0,0.0,230.2325581395349,0
PRV54247,4.0,28000.0,7000.0,4.0,66.0,19030.0,288.3333333333333,44.0,17.979166666666668,22,71.22916666666667,0.020833333333333332,48,152.0,1.0,70.0,0.05714285714285714,671.8571428571429,0
PRV54250,0.0,0.0,0.0,0.0,62.0,22530.0,363.38709677419354,61.0,17.852459016393443,22,70.31147540983606,0.0,61,113.0,0.0,62.0,0.0,363.38709677419354,0
PRV54251,6.0,57000.0,9500.0,6.0,41.0,20590.0,502.1951219512195,29.0,17.6875,21,69.5,0.0,32,136.0,4.0,47.0,0.1276595744680851,1650.8510638297873,0
PRV54252,0.0,0.0,0.0,0.0,17.0,6030.0,354.70588235294116,16.0,17.3125,21,68.1875,0.0,16,44.0,0.0,17.0,0.0,354.70588235294116,0
PRV54253,4.0,80000.0,20000.0,4.0,10.0,2850.0,285.0,9.0,17.153846153846153,21,72.46153846153847,0.0,13,54.0,2.0,14.0,0.2857142857142857,5917.857142857143,0
PRV54254,0.0,0.0,0.0,0.0,104.0,23140.0,222.5,44.0,17.545454545454547,22,72.45454545454545,0.0,44,210.0,0.0,104.0,0.0,222.5,0
PRV54255,0.0,0.0,0.0,0.0,232.0,107230.0,462.19827586206895,154.0,17.662337662337663,22,70.72727272727273,0.0,154,419.0,0.0,232.0,0.0,462.19827586206895,0
PRV54256,5.0,39000.0,7800.0,5.0,257.0,78080.0,303.81322957198444,95.0,18.15,22,69.18,0.01,100,421.0,4.0,262.0,0.019083969465648856,446.8702290076336,0
PRV54257,0.0,0.0,0.0,0.0,282.0,69540.0,246.59574468085106,134.0,18.119402985074625,22,68.93283582089552,0.007462686567164179,134,446.0,0.0,282.0,0.0,246.59574468085106,0
PRV54258,118.0,1186000.0,10050.847457627118,95.0,120.0,31250.0,260.4166666666667,110.0,17.059701492537314,22,72.44776119402985,0.0,201,558.0,62.0,238.0,0.4957983193277311,5114.495798319328,1
PRV54259,12.0,78000.0,6500.0,10.0,17.0,11900.0,700.0,16.0,16.46153846153846,20,69.3076923076923,0.0,26,101.0,8.0,29.0,0.41379310344827586,3100.0,0
PRV54261,0.0,0.0,0.0,0.0,75.0,25490.0,339.8666666666667,66.0,17.484848484848484,22,75.12121212121212,0.0,66,143.0,1.0,75.0,0.0,339.8666666666667,0
PRV54262,1.0,3000.0,3000.0,1.0,0.0,0.0,0.0,0.0,17.0,17,78.0,0.0,1,6.0,0.0,1.0,1.0,3000.0,0
PRV54263,1.0,4000.0,4000.0,1.0,5.0,860.0,172.0,5.0,17.333333333333332,19,65.33333333333333,0.0,6,21.0,0.0,6.0,0.16666666666666666,810.0,0
PRV54265,0.0,0.0,0.0,0.0,406.0,112930.0,278.1527093596059,197.0,17.95431472081218,22,71.65482233502539,0.005076142131979695,197,637.0,0.0,406.0,0.0,278.1527093596059,0
PRV54266,21.0,328000.0,15619.047619047618,18.0,44.0,11180.0,254.0909090909091,42.0,17.35593220338983,22,72.57627118644068,0.0,59,199.0,17.0,65.0,0.3230769230769231,5218.153846153846,0
PRV54267,0.0,0.0,0.0,0.0,226.0,78960.0,349.3805309734513,84.0,18.154761904761905,22,72.10714285714286,0.0,84,396.0,0.0,226.0,0.0,349.3805309734513,0
PRV54269,0.0,0.0,0.0,0.0,118.0,32740.0,277.45762711864404,26.0,18.26923076923077,22,73.76923076923077,0.0,26,214.0,0.0,118.0,0.0,277.45762711864404,0
PRV54270,0.0,0.0,0.0,0.0,34.0,11320.0,332.94117647058823,27.0,18.333333333333332,22,67.51851851851852,0.037037037037037035,27,73.0,0.0,34.0,0.0,332.94117647058823,0
PRV54271,0.0,0.0,0.0,0.0,29.0,6240.0,215.17241379310346,12.0,16.916666666666668,22,62.916666666666664,0.0,12,70.0,0.0,29.0,0.0,215.17241379310346,0
PRV54273,0.0,0.0,0.0,0.0,234.0,72020.0,307.77777777777777,108.0,17.444444444444443,22,72.10185185185185,0.0,108,402.0,0.0,234.0,0.0,307.77777777777777,0
PRV54274,0.0,0.0,0.0,0.0,47.0,16740.0,356.17021276595744,17.0,17.470588235294116,22,73.3529411764706,0.0,17,114.0,0.0,47.0,0.0,356.17021276595744,0
PRV54275,0.0,0.0,0.0,0.0,1.0,50.0,50.0,1.0,17.0,17,82.0,0.0,1,1.0,0.0,1.0,0.0,50.0,0
PRV54276,4.0,86000.0,21500.0,4.0,73.0,14810.0,202.87671232876713,33.0,17.6,22,71.65714285714286,0.02857142857142857,35,153.0,4.0,77.0,0.05194805194805195,1309.2207792207791,0
PRV54278,0.0,0.0,0.0,0.0,61.0,19690.0,322.78688524590166,27.0,18.0,21,70.88888888888889,0.0,27,149.0,0.0,61.0,0.0,322.78688524590166,0
PRV54280,0.0,0.0,0.0,0.0,20.0,7030.0,351.5,15.0,18.2,22,72.13333333333334,0.0,15,36.0,0.0,20.0,0.0,351.5,0
PRV54282,0.0,0.0,0.0,0.0,19.0,6540.0,344.2105263157895,11.0,19.09090909090909,22,69.36363636363636,0.09090909090909091,11,49.0,0.0,19.0,0.0,344.2105263157895,0
PRV54283,0.0,0.0,0.0,0.0,5.0,550.0,110.0,5.0,17.0,18,57.6,0.0,5,17.0,0.0,5.0,0.0,110.0,0
PRV54284,8.0,58000.0,7250.0,5.0,105.0,38100.0,362.85714285714283,43.0,18.093023255813954,22,70.55813953488372,0.0,43,262.0,6.0,113.0,0.07079646017699115,850.4424778761062,0
PRV54285,0.0,0.0,0.0,0.0,20.0,2550.0,127.5,16.0,17.8125,21,76.0,0.0,16,48.0,0.0,20.0,0.0,127.5,0
PRV54287,0.0,0.0,0.0,0.0,155.0,37900.0,244.51612903225808,67.0,18.059701492537314,22,70.40298507462687,0.014925373134328358,67,264.0,0.0,155.0,0.0,244.51612903225808,0
PRV54288,0.0,0.0,0.0,0.0,15.0,4100.0,273.3333333333333,13.0,15.923076923076923,21,71.38461538461539,0.0,13,36.0,0.0,15.0,0.0,273.3333333333333,0
PRV54289,0.0,0.0,0.0,0.0,56.0,17720.0,316.42857142857144,28.0,17.285714285714285,22,73.92857142857143,0.0,28,134.0,0.0,56.0,0.0,316.42857142857144,0
PRV54290,0.0,0.0,0.0,0.0,6.0,3300.0,550.0,6.0,17.666666666666668,22,71.5,0.0,6,13.0,0.0,6.0,0.0,550.0,0
PRV54291,0.0,0.0,0.0,0.0,10.0,1710.0,171.0,9.0,18.666666666666668,21,70.22222222222223,0.0,9,16.0,0.0,10.0,0.0,171.0,0
PRV54293,0.0,0.0,0.0,0.0,2.0,2520.0,1260.0,2.0,16.0,16,70.5,0.0,2,5.0,0.0,2.0,0.0,1260.0,0
PRV54294,0.0,0.0,0.0,0.0,1.0,60.0,60.0,1.0,17.0,17,76.0,0.0,1,8.0,0.0,1.0,0.0,60.0,0
PRV54295,0.0,0.0,0.0,0.0,1.0,3300.0,3300.0,1.0,16.0,16,89.0,0.0,1,2.0,0.0,1.0,0.0,3300.0,0
PRV54296,0.0,0.0,0.0,0.0,54.0,10460.0,193.7037037037037,18.0,18.055555555555557,22,72.22222222222223,0.0,18,119.0,0.0,54.0,0.0,193.7037037037037,0
PRV54297,8.0,168000.0,21000.0,7.0,0.0,0.0,0.0,0.0,17.285714285714285,19,76.71428571428571,0.0,7,60.0,11.0,8.0,1.0,21000.0,1
PRV54298,3.0,38000.0,12666.666666666666,3.0,0.0,0.0,0.0,0.0,17.0,19,68.33333333333333,0.0,3,24.0,3.0,3.0,1.0,12666.666666666666,0
PRV54299,0.0,0.0,0.0,0.0,5.0,1800.0,360.0,5.0,17.8,20,71.8,0.0,5,14.0,0.0,5.0,0.0,360.0,0
PRV54300,0.0,0.0,0.0,0.0,6.0,1490.0,248.33333333333334,6.0,18.166666666666668,22,69.16666666666667,0.0,6,17.0,0.0,6.0,0.0,248.33333333333334,0
PRV54301,0.0,0.0,0.0,0.0,13.0,3690.0,283.84615384615387,11.0,17.363636363636363,22,73.0909090909091,0.0,11,27.0,0.0,13.0,0.0,283.84615384615387,0
PRV54302,0.0,0.0,0.0,0.0,1.0,3300.0,3300.0,1.0,17.0,17,82.0,0.0,1,1.0,0.0,1.0,0.0,3300.0,0
PRV54303,0.0,0.0,0.0,0.0,16.0,5160.0,322.5,14.0,16.571428571428573,21,66.28571428571429,0.0,14,41.0,0.0,16.0,0.0,322.5,0
PRV54304,0.0,0.0,0.0,0.0,1.0,50.0,50.0,1.0,22.0,22,76.0,0.0,1,4.0,0.0,1.0,0.0,50.0,0
PRV54305,0.0,0.0,0.0,0.0,6.0,2660.0,443.3333333333333,5.0,18.6,20,71.4,0.0,5,18.0,0.0,6.0,0.0,443.3333333333333,0
PRV54306,0.0,0.0,0.0,0.0,33.0,13300.0,403.030303030303,28.0,16.607142857142858,21,68.21428571428571,0.0,28,100.0,0.0,33.0,0.0,403.030303030303,0
PRV54307,0.0,0.0,0.0,0.0,2.0,400.0,200.0,2.0,19.0,22,58.5,0.0,2,4.0,0.0,2.0,0.0,200.0,0
PRV54308,0.0,0.0,0.0,0.0,1.0,70.0,70.0,1.0,19.0,19,85.0,0.0,1,3.0,0.0,1.0,0.0,70.0,0
PRV54309,0.0,0.0,0.0,0.0,29.0,6160.0,212.41379310344828,18.0,17.77777777777778,22,75.61111111111111,0.0,18,60.0,0.0,29.0,0.0,212.41379310344828,0
PRV54310,0.0,0.0,0.0,0.0,7.0,300.0,42.857142857142854,3.0,16.0,18,69.33333333333333,0.0,3,12.0,0.0,7.0,0.0,42.857142857142854,0
PRV54311,0.0,0.0,0.0,0.0,3.0,100.0,33.333333333333336,3.0,15.0,19,85.66666666666667,0.0,3,5.0,0.0,3.0,0.0,33.333333333333336,0
PRV54312,0.0,0.0,0.0,0.0,4.0,350.0,87.5,4.0,19.5,22,76.5,0.0,4,9.0,0.0,4.0,0.0,87.5,0
PRV54313,0.0,0.0,0.0,0.0,16.0,7070.0,441.875,16.0,17.1875,22,68.0,0.0,16,50.0,0.0,16.0,0.0,441.875,0
PRV54315,0.0,0.0,0.0,0.0,103.0,37770.0,366.6990291262136,41.0,17.414634146341463,22,70.34146341463415,0.0,41,209.0,0.0,103.0,0.0,366.6990291262136,0
PRV54316,0.0,0.0,0.0,0.0,2.0,250.0,125.0,1.0,15.0,15,88.0,0.0,1,3.0,0.0,2.0,0.0,125.0,0
PRV54317,0.0,0.0,0.0,0.0,25.0,3650.0,146.0,22.0,17.045454545454547,22,69.18181818181819,0.045454545454545456,22,62.0,0.0,25.0,0.0,146.0,0
PRV54319,0.0,0.0,0.0,0.0,1.0,100.0,100.0,1.0,17.0,17,85.0,0.0,1,9.0,0.0,1.0,0.0,100.0,0
PRV54320,0.0,0.0,0.0,0.0,102.0,21760.0,213.33333333333334,44.0,17.772727272727273,22,74.38636363636364,0.022727272727272728,44,215.0,0.0,102.0,0.0,213.33333333333334,0
PRV54323,0.0,0.0,0.0,0.0,51.0,10380.0,203.52941176470588,30.0,18.533333333333335,22,69.43333333333334,0.0,30,93.0,0.0,51.0,0.0,203.52941176470588,1
PRV54324,32.0,266000.0,8312.5,28.0,0.0,0.0,0.0,0.0,16.607142857142858,21,73.14285714285714,0.0,28,173.0,22.0,32.0,1.0,8312.5,0
PRV54325,15.0,142000.0,9466.666666666666,15.0,0.0,0.0,0.0,0.0,17.133333333333333,21,68.13333333333334,0.06666666666666667,15,91.0,15.0,15.0,1.0,9466.666666666666,0
PRV54326,5.0,20000.0,4000.0,4.0,0.0,0.0,0.0,0.0,14.25,16,77.5,0.0,4,41.0,3.0,5.0,1.0,4000.0,0
PRV54327,13.0,177000.0,13615.384615384615,12.0,57.0,18380.0,322.4561403508772,33.0,17.790697674418606,21,73.72093023255815,0.023255813953488372,43,199.0,9.0,70.0,0.18571428571428572,2791.1428571428573,1
PRV54328,17.0,173000.0,10176.470588235294,14.0,100.0,22980.0,229.8,87.0,17.828282828282827,22,74.63636363636364,0.020202020202020204,99,295.0,16.0,117.0,0.1452991452991453,1675.042735042735,0
PRV54330,18.0,146000.0,8111.111111111111,15.0,454.0,134120.0,295.4185022026432,361.0,17.556451612903224,22,73.65860215053763,0.002688172043010753,372,723.0,11.0,472.0,0.038135593220338986,593.4745762711865,0
PRV54332,0.0,0.0,0.0,0.0,995.0,333170.0,334.84422110552765,531.0,17.911487758945388,22,72.62900188323917,0.015065913370998116,531,1152.0,0.0,995.0,0.0,334.84422110552765,0
PRV54333,50.0,547000.0,10940.0,40.0,310.0,82430.0,265.9032258064516,262.0,17.810996563573884,22,72.62886597938144,0.0,291,664.0,32.0,360.0,0.1388888888888889,1748.4166666666667,1
PRV54334,0.0,0.0,0.0,0.0,105.0,22590.0,215.14285714285714,49.0,17.448979591836736,22,73.10204081632654,0.02040816326530612,49,194.0,0.0,105.0,0.0,215.14285714285714,0
PRV54335,19.0,182000.0,9578.947368421053,19.0,200.0,63690.0,318.45,170.0,17.550802139037433,22,71.89839572192513,0.0,187,407.0,12.0,219.0,0.0867579908675799,1121.8721461187215,0
PRV54336,14.0,167000.0,11928.57142857143,13.0,218.0,65060.0,298.4403669724771,96.0,17.932038834951456,22,72.14563106796116,0.0,103,422.0,9.0,232.0,0.0603448275862069,1000.2586206896551,1
PRV54337,64.0,612000.0,9562.5,61.0,85.0,28510.0,335.4117647058824,71.0,16.575757575757574,22,75.93939393939394,0.0,132,377.0,30.0,149.0,0.42953020134228187,4298.724832214765,0
PRV54339,11.0,112000.0,10181.818181818182,10.0,112.0,31870.0,284.55357142857144,61.0,17.88235294117647,22,73.73529411764706,0.0,68,266.0,6.0,123.0,0.08943089430894309,1169.6747967479675,0
PRV54340,3.0,28000.0,9333.333333333334,3.0,93.0,41900.0,450.5376344086022,51.0,17.166666666666668,22,71.98148148148148,0.0,54,196.0,2.0,96.0,0.03125,728.125,0
PRV54341,1.0,3000.0,3000.0,1.0,54.0,20970.0,388.3333333333333,33.0,18.38235294117647,22,72.82352941176471,0.0,34,111.0,0.0,55.0,0.01818181818181818,435.8181818181818,0
PRV54342,7.0,39200.0,5600.0,7.0,28.0,5080.0,181.42857142857142,27.0,18.205882352941178,22,68.88235294117646,0.0,34,102.0,2.0,35.0,0.2,1265.142857142857,0
PRV54343,0.0,0.0,0.0,0.0,17.0,3110.0,182.94117647058823,16.0,17.5625,21,67.1875,0.0,16,25.0,0.0,17.0,0.0,182.94117647058823,0
PRV54344,0.0,0.0,0.0,0.0,51.0,17170.0,336.6666666666667,42.0,17.642857142857142,22,71.33333333333333,0.023809523809523808,42,108.0,0.0,51.0,0.0,336.6666666666667,0
PRV54345,0.0,0.0,0.0,0.0,167.0,47280.0,283.1137724550898,139.0,17.388489208633093,22,74.35251798561151,0.007194244604316547,139,281.0,0.0,167.0,0.0,283.1137724550898,0
PRV54347,0.0,0.0,0.0,0.0,26.0,6530.0,251.15384615384616,25.0,17.64,21,72.0,0.0,25,52.0,0.0,26.0,0.0,251.15384615384616,0
PRV54348,91.0,918000.0,10087.912087912087,85.0,126.0,41880.0,332.3809523809524,120.0,17.20689655172414,22,73.61083743842364,0.009852216748768473,203,492.0,51.0,217.0,0.41935483870967744,4423.410138248848,0
PRV54349,0.0,0.0,0.0,0.0,77.0,17850.0,231.8181818181818,27.0,18.333333333333332,22,73.0,0.0,27,166.0,0.0,77.0,0.0,231.8181818181818,0
PRV54350,105.0,1064000.0,10133.333333333334,86.0,1390.0,361070.0,259.76258992805754,493.0,17.9811320754717,22,72.60943396226415,0.005660377358490566,530,1589.0,61.0,1495.0,0.07023411371237458,953.2240802675585,1
PRV54352,0.0,0.0,0.0,0.0,12.0,1670.0,139.16666666666666,7.0,17.714285714285715,21,68.14285714285714,0.0,7,23.0,0.0,12.0,0.0,139.16666666666666,0
PRV54353,0.0,0.0,0.0,0.0,32.0,6620.0,206.875,31.0,17.161290322580644,22,72.96774193548387,0.03225806451612903,31,66.0,0.0,32.0,0.0,206.875,0
PRV54354,25.0,231000.0,9240.0,22.0,75.0,28620.0,381.6,68.0,17.359550561797754,22,74.28089887640449,0.0,89,233.0,16.0,100.0,0.25,2596.2,1
PRV54355,2.0,10000.0,5000.0,2.0,14.0,4040.0,288.57142857142856,8.0,18.3,21,69.2,0.0,10,50.0,0.0,16.0,0.125,877.5,0
PRV54356,15.0,183700.0,12246.666666666666,12.0,16.0,11670.0,729.375,12.0,17.041666666666668,22,69.0,0.0,24,120.0,12.0,31.0,0.4838709677419355,6302.258064516129,0
PRV54357,0.0,0.0,0.0,0.0,10.0,2190.0,219.0,9.0,17.555555555555557,20,77.88888888888889,0.0,9,32.0,0.0,10.0,0.0,219.0,0
PRV54358,0.0,0.0,0.0,0.0,43.0,13150.0,305.8139534883721,30.0,18.4,22,67.73333333333333,0.0,30,80.0,0.0,43.0,0.0,305.8139534883721,0
PRV54359,44.0,484000.0,11000.0,36.0,446.0,100210.0,224.68609865470853,138.0,17.81578947368421,22,71.79605263157895,0.013157894736842105,152,781.0,32.0,490.0,0.08979591836734693,1192.265306122449,1
PRV54360,0.0,0.0,0.0,0.0,37.0,9100.0,245.94594594594594,32.0,17.46875,22,78.0625,0.03125,32,72.0,0.0,37.0,0.0,245.94594594594594,0
PRV54361,7.0,76000.0,10857.142857142857,6.0,33.0,7640.0,231.5151515151515,22.0,16.88888888888889,22,72.48148148148148,0.0,27,120.0,5.0,40.0,0.175,2091.0,1
PRV54362,0.0,0.0,0.0,0.0,50.0,14510.0,290.2,38.0,18.13157894736842,22,73.39473684210526,0.0,38,106.0,0.0,50.0,0.0,290.2,0
PRV54363,12.0,118000.0,9833.333333333334,12.0,52.0,18700.0,359.61538461538464,36.0,17.46808510638298,22,73.23404255319149,0.0,47,178.0,9.0,64.0,0.1875,2135.9375,0
PRV54365,0.0,0.0,0.0,0.0,115.0,31190.0,271.2173913043478,61.0,18.098360655737704,22,76.63934426229508,0.0,61,237.0,0.0,115.0,0.0,271.2173913043478,0
PRV54367,322.0,3040900.0,9443.788819875776,279.0,314.0,92980.0,296.11464968152865,289.0,17.10394265232975,22,73.60215053763442,0.0035842293906810036,558,1048.0,128.0,636.0,0.5062893081761006,4927.4842767295595,1
PRV54368,4.0,11000.0,2750.0,4.0,106.0,34340.0,323.9622641509434,94.0,17.255102040816325,22,72.85714285714286,0.0,98,216.0,0.0,110.0,0.03636363636363636,412.1818181818182,0
PRV54370,0.0,0.0,0.0,0.0,181.0,42270.0,233.53591160220995,113.0,17.72566371681416,22,74.01769911504425,0.008849557522123894,113,303.0,0.0,181.0,0.0,233.53591160220995,0
PRV54371,0.0,0.0,0.0,0.0,31.0,8280.0,267.0967741935484,30.0,17.5,22,72.96666666666667,0.0,30,74.0,0.0,31.0,0.0,267.0967741935484,0
PRV54372,21.0,209000.0,9952.380952380952,21.0,1596.0,464000.0,290.7268170426065,792.0,17.798757763975154,22,73.1639751552795,0.008695652173913044,805,1680.0,19.0,1617.0,0.012987012987012988,416.20284477427333,1
PRV54373,1.0,5000.0,5000.0,1.0,7.0,830.0,118.57142857142857,7.0,19.0,22,74.375,0.0,8,18.0,1.0,8.0,0.125,728.75,0
PRV54374,0.0,0.0,0.0,0.0,854.0,280020.0,327.89227166276345,455.0,17.76043956043956,22,72.75824175824175,0.01098901098901099,455,1082.0,2.0,854.0,0.0,327.89227166276345,0
PRV54375,16.0,131000.0,8187.5,13.0,40.0,12990.0,324.75,35.0,17.458333333333332,22,71.66666666666667,0.0,48,170.0,12.0,56.0,0.2857142857142857,2571.25,0
PRV54377,2.0,29000.0,14500.0,2.0,18.0,4110.0,228.33333333333334,17.0,18.842105263157894,22,63.421052631578945,0.0,19,55.0,2.0,20.0,0.1,1655.5,0
PRV54378,18.0,187000.0,10388.888888888889,16.0,61.0,13510.0,221.47540983606558,46.0,17.25862068965517,22,72.32758620689656,0.017241379310344827,58,214.0,13.0,79.0,0.22784810126582278,2538.1012658227846,0
PRV54379,28.0,246000.0,8785.714285714286,25.0,88.0,34670.0,393.97727272727275,73.0,17.229166666666668,22,70.75,0.010416666666666666,96,284.0,17.0,116.0,0.2413793103448276,2419.5689655172414,0
PRV54380,2.0,16000.0,8000.0,2.0,10.0,940.0,94.0,9.0,18.272727272727273,22,73.36363636363636,0.0,11,34.0,1.0,12.0,0.16666666666666666,1411.6666666666667,0
PRV54381,13.0,135700.0,10438.461538461539,13.0,116.0,27710.0,238.8793103448276,111.0,17.233870967741936,22,73.33870967741936,0.016129032258064516,124,273.0,7.0,129.0,0.10077519379844961,1266.7441860465117,0
PRV54382,66.0,654020.0,9909.39393939394,62.0,191.0,50810.0,266.020942408377,153.0,17.27102803738318,22,73.51869158878505,0.004672897196261682,214,527.0,38.0,257.0,0.25680933852140075,2742.5291828793775,1
PRV54383,0.0,0.0,0.0,0.0,29.0,5470.0,188.6206896551724,22.0,17.272727272727273,21,76.63636363636364,0.0,22,47.0,0.0,29.0,0.0,188.6206896551724,0
PRV54384,2.0,37000.0,18500.0,2.0,26.0,7280.0,280.0,25.0,17.62962962962963,22,73.92592592592592,0.037037037037037035,27,68.0,2.0,28.0,0.07142857142857142,1581.4285714285713,0
PRV54387,0.0,0.0,0.0,0.0,415.0,113710.0,274.0,235.0,17.885106382978723,22,72.14893617021276,0.01702127659574468,235,638.0,1.0,415.0,0.0,274.0,0
PRV54388,6.0,30000.0,5000.0,6.0,70.0,18840.0,269.14285714285717,68.0,17.71232876712329,22,75.91780821917808,0.0,73,194.0,4.0,76.0,0.07894736842105263,642.6315789473684,1
PRV54389,0.0,0.0,0.0,0.0,56.0,25590.0,456.9642857142857,44.0,17.75,22,70.86363636363636,0.0,44,107.0,0.0,56.0,0.0,456.9642857142857,0
PRV54390,38.0,337000.0,8868.421052631578,33.0,57.0,15760.0,276.49122807017545,54.0,16.732558139534884,22,73.90697674418605,0.011627906976744186,86,291.0,24.0,95.0,0.4,3713.2631578947367,0
PRV54391,21.0,158000.0,7523.809523809524,19.0,297.0,79230.0,266.7676767676768,206.0,17.734234234234233,22,73.78828828828829,0.013513513513513514,222,526.0,10.0,318.0,0.0660377358490566,746.0062893081761,1
PRV54392,0.0,0.0,0.0,0.0,35.0,4860.0,138.85714285714286,33.0,17.454545454545453,21,68.72727272727273,0.0,33,85.0,0.0,35.0,0.0,138.85714285714286,0
PRV54393,5.0,27000.0,5400.0,5.0,70.0,21090.0,301.2857142857143,58.0,17.49206349206349,22,68.66666666666667,0.015873015873015872,63,187.0,2.0,75.0,0.06666666666666667,641.2,0
PRV54396,1.0,10000.0,10000.0,1.0,43.0,16840.0,391.6279069767442,32.0,16.90625,21,73.84375,0.0,32,105.0,0.0,44.0,0.022727272727272728,610.0,0
PRV54399,13.0,161000.0,12384.615384615385,13.0,336.0,102040.0,303.6904761904762,140.0,17.90972222222222,22,72.74305555555556,0.013888888888888888,144,565.0,6.0,349.0,0.03724928366762178,753.6962750716332,1
PRV54400,0.0,0.0,0.0,0.0,96.0,28030.0,291.9791666666667,88.0,17.522727272727273,22,73.9090909090909,0.011363636363636364,88,181.0,0.0,96.0,0.0,291.9791666666667,0
PRV54401,0.0,0.0,0.0,0.0,22.0,3020.0,137.27272727272728,22.0,17.5,22,72.9090909090909,0.0,22,49.0,0.0,22.0,0.0,137.27272727272728,0
PRV54402,6.0,58000.0,9666.666666666666,6.0,50.0,16520.0,330.4,45.0,17.42,22,72.66,0.0,50,124.0,2.0,56.0,0.10714285714285714,1330.7142857142858,0
PRV54403,0.0,0.0,0.0,0.0,12.0,1880.0,156.66666666666666,11.0,18.181818181818183,21,67.54545454545455,0.0,11,35.0,0.0,12.0,0.0,156.66666666666666,0
PRV54404,2.0,6000.0,3000.0,2.0,264.0,77080.0,291.969696969697,188.0,17.845744680851062,22,71.76595744680851,0.015957446808510637,188,414.0,0.0,266.0,0.007518796992481203,312.3308270676692,0
PRV54407,0.0,0.0,0.0,0.0,19.0,2540.0,133.68421052631578,16.0,18.125,22,73.25,0.0,16,33.0,0.0,19.0,0.0,133.68421052631578,0
PRV54408,2.0,10000.0,5000.0,2.0,104.0,43140.0,414.8076923076923,27.0,18.357142857142858,22,70.17857142857143,0.0,28,207.0,0.0,106.0,0.018867924528301886,501.3207547169811,0
PRV54409,5.0,32000.0,6400.0,5.0,14.0,3160.0,225.71428571428572,13.0,16.6875,21,76.875,0.0,16,61.0,2.0,19.0,0.2631578947368421,1850.5263157894738,0
PRV54410,0.0,0.0,0.0,0.0,37.0,10350.0,279.72972972972974,20.0,18.1,22,67.65,0.15,20,73.0,0.0,37.0,0.0,279.72972972972974,0
PRV54411,1.0,2000.0,2000.0,1.0,21.0,6070.0,289.04761904761904,15.0,17.3125,22,69.75,0.0,16,55.0,1.0,22.0,0.045454545454545456,366.8181818181818,0
PRV54412,0.0,0.0,0.0,0.0,70.0,12280.0,175.42857142857142,43.0,18.093023255813954,22,71.90697674418605,0.023255813953488372,43,122.0,0.0,70.0,0.0,175.42857142857142,0
PRV54413,0.0,0.0,0.0,0.0,20.0,3150.0,157.5,14.0,17.285714285714285,20,73.85714285714286,0.0,14,43.0,0.0,20.0,0.0,157.5,0
PRV54414,1.0,13000.0,13000.0,1.0,29.0,18780.0,647.5862068965517,17.0,17.72222222222222,22,76.11111111111111,0.0,18,68.0,1.0,30.0,0.03333333333333333,1059.3333333333333,0
PRV54415,0.0,0.0,0.0,0.0,27.0,7130.0,264.0740740740741,16.0,17.25,20,71.1875,0.0,16,63.0,0.0,27.0,0.0,264.0740740740741,0
PRV54416,0.0,0.0,0.0,0.0,17.0,7880.0,463.52941176470586,16.0,17.3125,21,72.875,0.0,16,38.0,0.0,17.0,0.0,463.52941176470586,0
PRV54419,0.0,0.0,0.0,0.0,28.0,4970.0,177.5,27.0,17.925925925925927,22,73.07407407407408,0.0,27,63.0,0.0,28.0,0.0,177.5,0
PRV54420,0.0,0.0,0.0,0.0,1.0,300.0,300.0,1.0,21.0,21,46.0,0.0,1,2.0,0.0,1.0,0.0,300.0,0
PRV54421,0.0,0.0,0.0,0.0,65.0,14530.0,223.53846153846155,31.0,18.741935483870968,22,67.12903225806451,0.0,31,115.0,0.0,65.0,0.0,223.53846153846155,0
PRV54422,0.0,0.0,0.0,0.0,15.0,2750.0,183.33333333333334,12.0,18.5,22,69.41666666666667,0.0,12,34.0,0.0,15.0,0.0,183.33333333333334,0
PRV54423,0.0,0.0,0.0,0.0,93.0,22480.0,241.72043010752688,51.0,17.647058823529413,22,74.13725490196079,0.0196078431372549,51,190.0,0.0,93.0,0.0,241.72043010752688,0
PRV54424,0.0,0.0,0.0,0.0,2.0,150.0,75.0,2.0,15.0,15,69.5,0.0,2,6.0,0.0,2.0,0.0,75.0,0
PRV54425,4.0,73000.0,18250.0,4.0,14.0,1300.0,92.85714285714286,9.0,16.76923076923077,21,72.61538461538461,0.0,13,68.0,3.0,18.0,0.2222222222222222,4127.777777777777,0
PRV54426,9.0,96000.0,10666.666666666666,8.0,15.0,4390.0,292.6666666666667,12.0,16.9,21,74.2,0.0,20,98.0,6.0,24.0,0.375,4182.916666666667,0
PRV54427,0.0,0.0,0.0,0.0,62.0,11740.0,189.3548387096774,20.0,17.95,22,71.55,0.0,20,143.0,0.0,62.0,0.0,189.3548387096774,0
PRV54429,3.0,29000.0,9666.666666666666,2.0,62.0,22170.0,357.5806451612903,27.0,17.666666666666668,21,69.51851851851852,0.0,27,140.0,3.0,65.0,0.046153846153846156,787.2307692307693,0
PRV54430,0.0,0.0,0.0,0.0,64.0,12900.0,201.5625,30.0,18.3,21,73.26666666666667,0.0,30,143.0,0.0,64.0,0.0,201.5625,0
PRV54431,0.0,0.0,0.0,0.0,9.0,1580.0,175.55555555555554,9.0,17.11111111111111,22,67.44444444444444,0.0,9,17.0,0.0,9.0,0.0,175.55555555555554,0
PRV54432,0.0,0.0,0.0,0.0,5.0,1110.0,222.0,5.0,20.4,22,70.8,0.0,5,12.0,0.0,5.0,0.0,222.0,0
PRV54433,0.0,0.0,0.0,0.0,14.0,4040.0,288.57142857142856,12.0,17.0,22,72.75,0.0,12,31.0,0.0,14.0,0.0,288.57142857142856,0
PRV54434,2.0,17000.0,8500.0,2.0,40.0,11830.0,295.75,29.0,17.096774193548388,22,74.25806451612904,0.0,31,110.0,0.0,42.0,0.047619047619047616,686.4285714285714,0
PRV54435,0.0,0.0,0.0,0.0,11.0,4280.0,389.09090909090907,8.0,19.0,22,68.875,0.0,8,19.0,0.0,11.0,0.0,389.09090909090907,0
PRV54436,0.0,0.0,0.0,0.0,2.0,2200.0,1100.0,2.0,19.0,19,76.5,0.0,2,6.0,0.0,2.0,0.0,1100.0,0
PRV54437,0.0,0.0,0.0,0.0,14.0,3230.0,230.71428571428572,14.0,17.5,21,71.78571428571429,0.0,14,27.0,0.0,14.0,0.0,230.71428571428572,0
PRV54438,0.0,0.0,0.0,0.0,272.0,61630.0,226.5808823529412,98.0,17.755102040816325,22,71.0204081632653,0.0,98,461.0,0.0,272.0,0.0,226.5808823529412,0
PRV54439,0.0,0.0,0.0,0.0,3.0,190.0,63.333333333333336,3.0,17.0,21,83.66666666666667,0.0,3,6.0,0.0,3.0,0.0,63.333333333333336,0
PRV54441,0.0,0.0,0.0,0.0,4.0,480.0,120.0,4.0,17.25,18,81.25,0.0,4,14.0,0.0,4.0,0.0,120.0,0
PRV54442,0.0,0.0,0.0,0.0,68.0,25300.0,372.05882352941177,56.0,17.892857142857142,22,72.83928571428571,0.017857142857142856,56,155.0,0.0,68.0,0.0,372.05882352941177,0
PRV54443,0.0,0.0,0.0,0.0,61.0,27200.0,445.9016393442623,51.0,16.627450980392158,21,75.62745098039215,0.0196078431372549,51,127.0,0.0,61.0,0.0,445.9016393442623,0
PRV54444,0.0,0.0,0.0,0.0,27.0,9770.0,361.85185185185185,25.0,17.6,22,73.28,0.0,25,67.0,0.0,27.0,0.0,361.85185185185185,0
PRV54448,0.0,0.0,0.0,0.0,23.0,6720.0,292.17391304347825,23.0,18.17391304347826,22,70.17391304347827,0.0,23,42.0,0.0,23.0,0.0,292.17391304347825,0
PRV54449,0.0,0.0,0.0,0.0,1.0,50.0,50.0,1.0,21.0,21,72.0,0.0,1,2.0,0.0,1.0,0.0,50.0,0
PRV54450,0.0,0.0,0.0,0.0,10.0,5790.0,579.0,10.0,17.4,22,66.3,0.0,10,27.0,0.0,10.0,0.0,579.0,0
PRV54451,0.0,0.0,0.0,0.0,13.0,8310.0,639.2307692307693,13.0,17.923076923076923,22,75.84615384615384,0.0,13,30.0,0.0,13.0,0.0,639.2307692307693,0
PRV54452,0.0,0.0,0.0,0.0,5.0,520.0,104.0,5.0,18.8,22,75.4,0.0,5,15.0,0.0,5.0,0.0,104.0,0
PRV54454,0.0,0.0,0.0,0.0,171.0,45040.0,263.39181286549706,138.0,17.485507246376812,22,71.60144927536231,0.014492753623188406,138,301.0,0.0,171.0,0.0,263.39181286549706,0
PRV54455,0.0,0.0,0.0,0.0,6.0,1390.0,231.66666666666666,6.0,17.833333333333332,21,75.66666666666667,0.0,6,13.0,0.0,6.0,0.0,231.66666666666666,0
PRV54456,0.0,0.0,0.0,0.0,8.0,1370.0,171.25,6.0,15.833333333333334,19,72.66666666666667,0.0,6,14.0,0.0,8.0,0.0,171.25,0
PRV54457,0.0,0.0,0.0,0.0,16.0,2220.0,138.75,8.0,19.0,21,72.75,0.0,8,43.0,0.0,16.0,0.0,138.75,0
PRV54459,0.0,0.0,0.0,0.0,9.0,3080.0,342.22222222222223,9.0,16.333333333333332,19,70.22222222222223,0.0,9,21.0,0.0,9.0,0.0,342.22222222222223,0
PRV54460,5.0,47000.0,9400.0,5.0,0.0,0.0,0.0,0.0,16.8,20,65.2,0.0,5,40.0,3.0,5.0,1.0,9400.0,0
PRV54461,12.0,152000.0,12666.666666666666,12.0,0.0,0.0,0.0,0.0,17.0,21,72.91666666666667,0.0,12,81.0,13.0,12.0,1.0,12666.666666666666,0
PRV54462,0.0,0.0,0.0,0.0,80.0,16330.0,204.125,75.0,17.613333333333333,22,71.54666666666667,0.013333333333333334,75,153.0,0.0,80.0,0.0,204.125,0
PRV54463,0.0,0.0,0.0,0.0,3.0,2010.0,670.0,3.0,17.0,18,59.0,0.0,3,11.0,0.0,3.0,0.0,670.0,0
PRV54465,0.0,0.0,0.0,0.0,9.0,3610.0,401.1111111111111,5.0,18.8,22,70.4,0.0,5,18.0,0.0,9.0,0.0,401.1111111111111,0
PRV54466,0.0,0.0,0.0,0.0,3.0,120.0,40.0,3.0,17.0,19,78.33333333333333,0.0,3,11.0,0.0,3.0,0.0,40.0,0
PRV54467,0.0,0.0,0.0,0.0,7.0,1380.0,197.14285714285714,5.0,16.4,18,70.8,0.0,5,15.0,0.0,7.0,0.0,197.14285714285714,0
PRV54468,0.0,0.0,0.0,0.0,21.0,1710.0,81.42857142857143,19.0,17.57894736842105,22,72.42105263157895,0.0,19,61.0,0.0,21.0,0.0,81.42857142857143,0
PRV54469,0.0,0.0,0.0,0.0,11.0,3290.0,299.09090909090907,10.0,18.1,20,67.8,0.0,10,32.0,0.0,11.0,0.0,299.09090909090907,0
PRV54471,0.0,0.0,0.0,0.0,46.0,16700.0,363.04347826086956,23.0,17.608695652173914,22,72.6086956521739,0.0,23,100.0,0.0,46.0,0.0,363.04347826086956,0
PRV54472,0.0,0.0,0.0,0.0,32.0,16300.0,509.375,19.0,17.63157894736842,22,71.6842105263158,0.0,19,75.0,0.0,32.0,0.0,509.375,0
PRV54473,0.0,0.0,0.0,0.0,19.0,11020.0,580.0,8.0,17.0,20,68.5,0.0,8,42.0,0.0,19.0,0.0,580.0,0
PRV54475,0.0,0.0,0.0,0.0,151.0,43120.0,285.5629139072848,60.0,17.916666666666668,22,71.38333333333334,0.0,60,285.0,0.0,151.0,0.0,285.5629139072848,0
PRV54477,0.0,0.0,0.0,0.0,100.0,34310.0,343.1,60.0,17.5,22,71.96666666666667,0.0,60,189.0,0.0,100.0,0.0,343.1,0
PRV54478,0.0,0.0,0.0,0.0,64.0,21590.0,337.34375,47.0,18.27659574468085,22,76.19148936170212,0.02127659574468085,47,139.0,0.0,64.0,0.0,337.34375,0
PRV54479,0.0,0.0,0.0,0.0,17.0,8640.0,508.2352941176471,9.0,17.666666666666668,21,77.0,0.0,9,38.0,0.0,17.0,0.0,508.2352941176471,0
PRV54480,6.0,40000.0,6666.666666666667,6.0,0.0,0.0,0.0,0.0,15.333333333333334,19,75.33333333333333,0.0,6,39.0,6.0,6.0,1.0,6666.666666666667,0
PRV54481,0.0,0.0,0.0,0.0,8.0,1890.0,236.25,8.0,17.625,20,73.25,0.0,8,28.0,0.0,8.0,0.0,236.25,0
PRV54482,0.0,0.0,0.0,0.0,6.0,370.0,61.666666666666664,6.0,18.666666666666668,21,73.33333333333333,0.0,6,14.0,0.0,6.0,0.0,61.666666666666664,0
PRV54483,0.0,0.0,0.0,0.0,13.0,1170.0,90.0,11.0,16.818181818181817,20,75.0909090909091,0.0,11,36.0,0.0,13.0,0.0,90.0,0
PRV54486,0.0,0.0,0.0,0.0,28.0,8010.0,286.07142857142856,19.0,16.789473684210527,20,75.36842105263158,0.0,19,54.0,0.0,28.0,0.0,286.07142857142856,0
PRV54489,0.0,0.0,0.0,0.0,14.0,6300.0,450.0,14.0,17.714285714285715,21,72.92857142857143,0.07142857142857142,14,31.0,0.0,14.0,0.0,450.0,0
PRV54490,0.0,0.0,0.0,0.0,23.0,2160.0,93.91304347826087,19.0,17.263157894736842,21,76.47368421052632,0.0,19,55.0,0.0,23.0,0.0,93.91304347826087,0
PRV54491,0.0,0.0,0.0,0.0,14.0,8730.0,623.5714285714286,10.0,17.4,21,74.9,0.0,10,35.0,0.0,14.0,0.0,623.5714285714286,0
PRV54496,0.0,0.0,0.0,0.0,8.0,2360.0,295.0,7.0,15.857142857142858,19,74.42857142857143,0.0,7,15.0,0.0,8.0,0.0,295.0,0
PRV54497,5.0,51000.0,10200.0,5.0,0.0,0.0,0.0,0.0,15.6,20,69.0,0.2,5,44.0,3.0,5.0,1.0,10200.0,0
PRV54498,1.0,12000.0,12000.0,1.0,0.0,0.0,0.0,0.0,17.0,17,98.0,0.0,1,10.0,1.0,1.0,1.0,12000.0,0
PRV54499,1.0,11000.0,11000.0,1.0,0.0,0.0,0.0,0.0,20.0,20,68.0,0.0,1,4.0,3.0,1.0,1.0,11000.0,0
PRV54500,2.0,25000.0,12500.0,2.0,0.0,0.0,0.0,0.0,16.5,18,77.5,0.0,2,20.0,2.0,2.0,1.0,12500.0,0
PRV54501,3.0,40000.0,13333.333333333334,3.0,0.0,0.0,0.0,0.0,18.0,19,84.33333333333333,0.0,3,25.0,4.0,3.0,1.0,13333.333333333334,0
PRV54502,3.0,55000.0,18333.333333333332,3.0,0.0,0.0,0.0,0.0,16.333333333333332,18,61.0,0.0,3,21.0,2.0,3.0,1.0,18333.333333333332,0
PRV54503,1.0,8000.0,8000.0,1.0,0.0,0.0,0.0,0.0,20.0,20,72.0,0.0,1,10.0,0.0,1.0,1.0,8000.0,0
PRV54504,44.0,416400.0,9463.636363636364,36.0,76.0,18520.0,243.68421052631578,70.0,17.40776699029126,22,75.47572815533981,0.009708737864077669,103,322.0,19.0,120.0,0.36666666666666664,3624.3333333333335,1
PRV54505,5.0,50000.0,10000.0,3.0,33.0,5140.0,155.75757575757575,21.0,17.083333333333332,21,75.66666666666667,0.041666666666666664,24,108.0,4.0,38.0,0.13157894736842105,1451.0526315789473,1
PRV54506,3.0,23000.0,7666.666666666667,3.0,131.0,33570.0,256.25954198473283,74.0,17.666666666666668,22,70.62666666666667,0.0,75,282.0,1.0,134.0,0.022388059701492536,422.1641791044776,0
PRV54507,39.0,340000.0,8717.948717948719,30.0,70.0,23310.0,333.0,44.0,17.589041095890412,22,74.13698630136986,0.0136986301369863,73,302.0,25.0,109.0,0.3577981651376147,3333.119266055046,0
PRV54508,0.0,0.0,0.0,0.0,90.0,33010.0,366.77777777777777,75.0,17.706666666666667,22,72.6,0.013333333333333334,75,189.0,0.0,90.0,0.0,366.77777777777777,0
PRV54509,0.0,0.0,0.0,0.0,4.0,250.0,62.5,4.0,15.5,16,74.0,0.0,4,8.0,0.0,4.0,0.0,62.5,0
PRV54510,0.0,0.0,0.0,0.0,149.0,41250.0,276.8456375838926,75.0,18.52,22,71.89333333333333,0.013333333333333334,75,265.0,0.0,149.0,0.0,276.8456375838926,0
PRV54511,0.0,0.0,0.0,0.0,32.0,8690.0,271.5625,30.0,18.266666666666666,22,70.5,0.0,30,67.0,0.0,32.0,0.0,271.5625,0
PRV54514,48.0,556600.0,11595.833333333334,42.0,339.0,87410.0,257.8466076696165,271.0,17.770491803278688,22,74.33114754098361,0.006557377049180328,305,685.0,30.0,387.0,0.12403100775193798,1664.108527131783,1
PRV54515,0.0,0.0,0.0,0.0,67.0,22750.0,339.55223880597015,66.0,17.12121212121212,22,74.54545454545455,0.015151515151515152,66,138.0,0.0,67.0,0.0,339.55223880597015,0
PRV54517,0.0,0.0,0.0,0.0,45.0,5660.0,125.77777777777777,16.0,18.5625,22,78.875,0.0,16,81.0,0.0,45.0,0.0,125.77777777777777,0
PRV54519,0.0,0.0,0.0,0.0,15.0,4540.0,302.6666666666667,10.0,18.7,22,75.1,0.0,10,37.0,0.0,15.0,0.0,302.6666666666667,0
PRV54520,0.0,0.0,0.0,0.0,15.0,8080.0,538.6666666666666,11.0,16.545454545454547,20,76.27272727272727,0.0,11,32.0,0.0,15.0,0.0,538.6666666666666,0
PRV54521,0.0,0.0,0.0,0.0,64.0,31840.0,497.5,39.0,18.358974358974358,22,72.82051282051282,0.02564102564102564,39,135.0,0.0,64.0,0.0,497.5,0
PRV54522,0.0,0.0,0.0,0.0,2.0,2030.0,1015.0,2.0,18.0,19,66.5,0.0,2,6.0,0.0,2.0,0.0,1015.0,0
PRV54523,0.0,0.0,0.0,0.0,1.0,90.0,90.0,1.0,16.0,16,83.0,0.0,1,5.0,0.0,1.0,0.0,90.0,0
PRV54524,0.0,0.0,0.0,0.0,21.0,2840.0,135.23809523809524,16.0,16.875,21,75.75,0.0,16,42.0,0.0,21.0,0.0,135.23809523809524,0
PRV54526,0.0,0.0,0.0,0.0,46.0,10230.0,222.3913043478261,17.0,18.41176470588235,22,71.6470588235294,0.058823529411764705,17,97.0,0.0,46.0,0.0,222.3913043478261,0
PRV54528,0.0,0.0,0.0,0.0,23.0,5710.0,248.2608695652174,9.0,18.0,20,73.77777777777777,0.0,9,41.0,0.0,23.0,0.0,248.2608695652174,0
PRV54529,0.0,0.0,0.0,0.0,5.0,160.0,32.0,5.0,17.6,21,83.4,0.0,5,9.0,0.0,5.0,0.0,32.0,0
PRV54530,0.0,0.0,0.0,0.0,13.0,2580.0,198.46153846153845,4.0,18.75,22,81.0,0.0,4,28.0,0.0,13.0,0.0,198.46153846153845,0
PRV54531,1.0,5000.0,5000.0,1.0,29.0,9030.0,311.37931034482756,25.0,17.5,22,75.23076923076923,0.0,26,71.0,0.0,30.0,0.03333333333333333,467.6666666666667,0
PRV54535,0.0,0.0,0.0,0.0,34.0,7090.0,208.52941176470588,29.0,17.275862068965516,22,70.27586206896552,0.0,29,63.0,0.0,34.0,0.0,208.52941176470588,0
PRV54536,0.0,0.0,0.0,0.0,13.0,4890.0,376.15384615384613,11.0,18.363636363636363,21,70.9090909090909,0.0,11,47.0,0.0,13.0,0.0,376.15384615384613,0
PRV54537,0.0,0.0,0.0,0.0,60.0,22470.0,374.5,20.0,17.35,22,71.25,0.0,20,140.0,0.0,60.0,0.0,374.5,0
PRV54538,0.0,0.0,0.0,0.0,48.0,21330.0,444.375,32.0,18.3125,22,76.25,0.0,32,120.0,0.0,48.0,0.0,444.375,0
PRV54539,0.0,0.0,0.0,0.0,69.0,18130.0,262.7536231884058,43.0,17.74418604651163,22,72.16279069767442,0.0,43,148.0,0.0,69.0,0.0,262.7536231884058,0
PRV54540,0.0,0.0,0.0,0.0,20.0,9690.0,484.5,19.0,18.157894736842106,22,75.42105263157895,0.0,19,35.0,0.0,20.0,0.0,484.5,1
PRV54541,2.0,5000.0,2500.0,2.0,5.0,1050.0,210.0,4.0,19.333333333333332,20,76.5,0.0,6,25.0,2.0,7.0,0.2857142857142857,864.2857142857143,0
PRV54542,5.0,33000.0,6600.0,3.0,15.0,2420.0,161.33333333333334,12.0,16.928571428571427,20,74.28571428571429,0.0,14,67.0,2.0,20.0,0.25,1771.0,0
PRV54543,3.0,39000.0,13000.0,2.0,14.0,2500.0,178.57142857142858,13.0,16.933333333333334,19,68.4,0.06666666666666667,15,58.0,4.0,17.0,0.17647058823529413,2441.176470588235,1
PRV54544,0.0,0.0,0.0,0.0,28.0,5250.0,187.5,8.0,17.75,22,75.5,0.0,8,63.0,0.0,28.0,0.0,187.5,0
PRV54545,0.0,0.0,0.0,0.0,2.0,180.0,90.0,1.0,20.0,20,97.0,0.0,1,4.0,0.0,2.0,0.0,90.0,0
PRV54546,0.0,0.0,0.0,0.0,6.0,910.0,151.66666666666666,6.0,19.0,22,65.16666666666667,0.0,6,16.0,0.0,6.0,0.0,151.66666666666666,0
PRV54547,0.0,0.0,0.0,0.0,3.0,540.0,180.0,3.0,20.0,22,70.66666666666667,0.0,3,12.0,0.0,3.0,0.0,180.0,0
PRV54548,0.0,0.0,0.0,0.0,12.0,1890.0,157.5,7.0,18.571428571428573,20,67.85714285714286,0.0,7,30.0,0.0,12.0,0.0,157.5,0
PRV54549,0.0,0.0,0.0,0.0,1.0,40.0,40.0,1.0,22.0,22,67.0,0.0,1,2.0,0.0,1.0,0.0,40.0,0
PRV54550,0.0,0.0,0.0,0.0,21.0,5550.0,264.2857142857143,13.0,17.615384615384617,21,72.53846153846153,0.0,13,39.0,0.0,21.0,0.0,264.2857142857143,0
PRV54551,0.0,0.0,0.0,0.0,7.0,1960.0,280.0,5.0,19.2,21,77.0,0.0,5,30.0,0.0,7.0,0.0,280.0,0
PRV54552,0.0,0.0,0.0,0.0,45.0,11370.0,252.66666666666666,28.0,17.964285714285715,22,76.5,0.0,28,112.0,0.0,45.0,0.0,252.66666666666666,0
PRV54553,0.0,0.0,0.0,0.0,18.0,3740.0,207.77777777777777,12.0,18.416666666666668,22,76.5,0.0,12,47.0,0.0,18.0,0.0,207.77777777777777,0
PRV54554,0.0,0.0,0.0,0.0,26.0,6990.0,268.84615384615387,8.0,17.125,22,77.375,0.0,8,72.0,0.0,26.0,0.0,268.84615384615387,0
PRV54555,6.0,51000.0,8500.0,6.0,0.0,0.0,0.0,0.0,16.833333333333332,19,77.0,0.0,6,46.0,2.0,6.0,1.0,8500.0,0
PRV54557,0.0,0.0,0.0,0.0,564.0,157890.0,279.9468085106383,263.0,18.23954372623574,22,73.03802281368822,0.0038022813688212928,263,769.0,0.0,564.0,0.0,279.9468085106383,1
PRV54558,15.0,180000.0,12000.0,14.0,58.0,17970.0,309.82758620689657,55.0,17.89855072463768,22,74.05797101449275,0.014492753623188406,69,217.0,10.0,73.0,0.2054794520547945,2711.917808219178,0
PRV54559,24.0,245000.0,10208.333333333334,21.0,42.0,10560.0,251.42857142857142,37.0,17.403508771929825,22,71.45614035087719,0.017543859649122806,57,219.0,16.0,66.0,0.36363636363636365,3872.121212121212,0
PRV54560,40.0,456000.0,11400.0,36.0,58.0,17080.0,294.48275862068965,54.0,17.183908045977013,22,74.20689655172414,0.011494252873563218,87,265.0,20.0,98.0,0.40816326530612246,4827.34693877551,1
PRV54561,25.0,216300.0,8652.0,23.0,161.0,53370.0,331.49068322981367,86.0,17.627450980392158,22,76.52941176470588,0.0,102,396.0,12.0,186.0,0.13440860215053763,1449.8387096774193,0
PRV54562,0.0,0.0,0.0,0.0,206.0,57510.0,279.1747572815534,75.0,17.933333333333334,22,75.85333333333334,0.0,75,368.0,0.0,206.0,0.0,279.1747572815534,0
PRV54563,0.0,0.0,0.0,0.0,267.0,79070.0,296.14232209737827,172.0,18.186046511627907,22,73.25581395348837,0.005813953488372093,172,431.0,0.0,267.0,0.0,296.14232209737827,0
PRV54564,0.0,0.0,0.0,0.0,803.0,229780.0,286.1519302615193,330.0,18.284848484848485,22,74.17878787878787,0.015151515151515152,330,984.0,0.0,803.0,0.0,286.1519302615193,0
PRV54565,39.0,388000.0,9948.71794871795,34.0,91.0,24130.0,265.16483516483515,75.0,17.462264150943398,22,75.47169811320755,0.009433962264150943,106,349.0,19.0,130.0,0.3,3170.230769230769,0
PRV54566,40.0,684000.0,17100.0,34.0,268.0,71660.0,267.3880597014925,213.0,17.74493927125506,22,73.6842105263158,0.012145748987854251,247,555.0,29.0,308.0,0.12987012987012986,2453.4415584415583,1
PRV54567,6.0,108000.0,18000.0,5.0,51.0,4690.0,91.96078431372548,30.0,17.852941176470587,22,74.91176470588235,0.0,34,123.0,7.0,57.0,0.10526315789473684,1977.017543859649,0
PRV54568,5.0,44000.0,8800.0,5.0,51.0,9640.0,189.01960784313727,43.0,18.065217391304348,22,71.71739130434783,0.0,46,151.0,3.0,56.0,0.08928571428571429,957.8571428571429,0
PRV54569,12.0,191000.0,15916.666666666666,8.0,51.0,18350.0,359.80392156862746,37.0,17.30952380952381,22,71.5,0.0,42,166.0,9.0,63.0,0.19047619047619047,3323.0158730158732,0
PRV54571,4.0,48000.0,12000.0,4.0,13.0,2610.0,200.76923076923077,13.0,17.294117647058822,21,70.47058823529412,0.0,17,52.0,3.0,17.0,0.23529411764705882,2977.0588235294117,0
PRV54572,0.0,0.0,0.0,0.0,146.0,53110.0,363.7671232876712,117.0,18.05128205128205,22,75.43589743589743,0.017094017094017096,117,272.0,0.0,146.0,0.0,363.7671232876712,0
PRV54573,0.0,0.0,0.0,0.0,22.0,5960.0,270.90909090909093,14.0,16.857142857142858,20,74.42857142857143,0.0,14,46.0,0.0,22.0,0.0,270.90909090909093,0
PRV54574,0.0,0.0,0.0,0.0,35.0,7800.0,222.85714285714286,24.0,18.166666666666668,22,73.75,0.0,24,59.0,0.0,35.0,0.0,222.85714285714286,0
PRV54575,33.0,447000.0,13545.454545454546,31.0,240.0,57080.0,237.83333333333334,132.0,17.941935483870967,22,74.85161290322581,0.0064516129032258064,155,526.0,21.0,273.0,0.12087912087912088,1846.4468864468865,0
PRV54576,14.0,113000.0,8071.428571428572,14.0,2.0,100.0,50.0,2.0,16.25,21,76.75,0.0,16,86.0,7.0,16.0,0.875,7068.75,0
PRV54577,45.0,490000.0,10888.888888888889,42.0,16.0,4010.0,250.625,15.0,17.071428571428573,22,76.10714285714286,0.0,56,242.0,26.0,61.0,0.7377049180327869,8098.524590163935,0
PRV54578,0.0,0.0,0.0,0.0,77.0,24130.0,313.3766233766234,37.0,18.054054054054053,22,76.05405405405405,0.02702702702702703,37,155.0,0.0,77.0,0.0,313.3766233766234,0
PRV54579,0.0,0.0,0.0,0.0,2.0,1290.0,645.0,2.0,18.5,20,48.0,0.0,2,2.0,0.0,2.0,0.0,645.0,0
PRV54580,0.0,0.0,0.0,0.0,30.0,7280.0,242.66666666666666,19.0,18.0,22,73.05263157894737,0.0,19,66.0,0.0,30.0,0.0,242.66666666666666,0
PRV54581,0.0,0.0,0.0,0.0,11.0,2160.0,196.36363636363637,9.0,17.333333333333332,22,75.77777777777777,0.0,9,17.0,0.0,11.0,0.0,196.36363636363637,0
PRV54582,0.0,0.0,0.0,0.0,71.0,18960.0,267.0422535211268,35.0,17.771428571428572,22,73.37142857142857,0.0,35,133.0,0.0,71.0,0.0,267.0422535211268,0
PRV54585,0.0,0.0,0.0,0.0,75.0,22620.0,301.6,34.0,17.676470588235293,21,74.3529411764706,0.0,34,154.0,0.0,75.0,0.0,301.6,0
PRV54587,0.0,0.0,0.0,0.0,3.0,150.0,50.0,2.0,18.0,18,93.0,0.0,2,6.0,0.0,3.0,0.0,50.0,0
PRV54588,0.0,0.0,0.0,0.0,63.0,17220.0,273.3333333333333,47.0,17.829787234042552,22,74.53191489361703,0.0,47,122.0,0.0,63.0,0.0,273.3333333333333,0
PRV54589,0.0,0.0,0.0,0.0,11.0,1700.0,154.54545454545453,5.0,18.2,22,74.4,0.0,5,28.0,0.0,11.0,0.0,154.54545454545453,0
PRV54590,1.0,16000.0,16000.0,1.0,65.0,12700.0,195.3846153846154,34.0,17.61764705882353,22,78.97058823529412,0.0,34,143.0,1.0,66.0,0.015151515151515152,434.8484848484849,0
PRV54591,0.0,0.0,0.0,0.0,45.0,8280.0,184.0,14.0,18.071428571428573,22,72.35714285714286,0.0,14,98.0,0.0,45.0,0.0,184.0,0
PRV54593,0.0,0.0,0.0,0.0,35.0,10960.0,313.14285714285717,22.0,18.636363636363637,22,69.77272727272727,0.0,22,83.0,0.0,35.0,0.0,313.14285714285717,0
PRV54595,0.0,0.0,0.0,0.0,11.0,7620.0,692.7272727272727,9.0,17.22222222222222,21,76.0,0.0,9,24.0,0.0,11.0,0.0,692.7272727272727,0
PRV54596,0.0,0.0,0.0,0.0,64.0,16490.0,257.65625,20.0,17.1,21,79.1,0.0,20,164.0,0.0,64.0,0.0,257.65625,0
PRV54597,0.0,0.0,0.0,0.0,15.0,5000.0,333.3333333333333,10.0,18.1,21,73.1,0.0,10,39.0,0.0,15.0,0.0,333.3333333333333,0
PRV54598,0.0,0.0,0.0,0.0,9.0,1010.0,112.22222222222223,7.0,18.285714285714285,22,67.0,0.0,7,24.0,0.0,9.0,0.0,112.22222222222223,0
PRV54599,0.0,0.0,0.0,0.0,17.0,3820.0,224.7058823529412,11.0,18.454545454545453,22,72.0,0.0,11,37.0,0.0,17.0,0.0,224.7058823529412,0
PRV54601,0.0,0.0,0.0,0.0,11.0,710.0,64.54545454545455,6.0,16.166666666666668,19,75.0,0.0,6,24.0,0.0,11.0,0.0,64.54545454545455,0
PRV54602,0.0,0.0,0.0,0.0,14.0,1710.0,122.14285714285714,13.0,17.076923076923077,21,75.07692307692308,0.07692307692307693,13,28.0,0.0,14.0,0.0,122.14285714285714,0
PRV54603,0.0,0.0,0.0,0.0,57.0,16180.0,283.859649122807,32.0,17.8125,22,72.90625,0.0,32,109.0,0.0,57.0,0.0,283.859649122807,0
PRV54604,0.0,0.0,0.0,0.0,38.0,8240.0,216.8421052631579,15.0,17.8,21,72.2,0.0,15,96.0,1.0,38.0,0.0,216.8421052631579,0
PRV54606,0.0,0.0,0.0,0.0,8.0,1510.0,188.75,8.0,17.875,22,67.5,0.0,8,24.0,0.0,8.0,0.0,188.75,0
PRV54608,0.0,0.0,0.0,0.0,33.0,10650.0,322.72727272727275,10.0,18.1,22,74.1,0.0,10,65.0,0.0,33.0,0.0,322.72727272727275,0
PRV54609,0.0,0.0,0.0,0.0,45.0,17160.0,381.3333333333333,14.0,18.714285714285715,22,65.0,0.0,14,99.0,0.0,45.0,0.0,381.3333333333333,0
PRV54610,0.0,0.0,0.0,0.0,45.0,14470.0,321.55555555555554,21.0,17.714285714285715,22,75.33333333333333,0.0,21,94.0,0.0,45.0,0.0,321.55555555555554,0
PRV54611,1.0,4000.0,4000.0,1.0,5.0,760.0,152.0,5.0,19.833333333333332,22,69.5,0.0,6,15.0,0.0,6.0,0.16666666666666666,793.3333333333334,0
PRV54612,0.0,0.0,0.0,0.0,12.0,1120.0,93.33333333333333,4.0,17.75,20,72.5,0.0,4,25.0,0.0,12.0,0.0,93.33333333333333,0
PRV54614,0.0,0.0,0.0,0.0,15.0,1440.0,96.0,8.0,18.375,21,64.5,0.0,8,46.0,0.0,15.0,0.0,96.0,0
PRV54615,0.0,0.0,0.0,0.0,5.0,310.0,62.0,2.0,19.0,20,75.5,0.0,2,7.0,0.0,5.0,0.0,62.0,0
PRV54616,2.0,23000.0,11500.0,2.0,3.0,310.0,103.33333333333333,3.0,17.6,18,78.2,0.0,5,20.0,2.0,5.0,0.4,4662.0,0
PRV54618,0.0,0.0,0.0,0.0,32.0,10200.0,318.75,18.0,18.11111111111111,22,70.44444444444444,0.0,18,72.0,0.0,32.0,0.0,318.75,0
PRV54619,0.0,0.0,0.0,0.0,33.0,9710.0,294.24242424242425,21.0,17.857142857142858,22,78.76190476190476,0.0,21,83.0,0.0,33.0,0.0,294.24242424242425,0
PRV54620,7.0,73000.0,10428.57142857143,6.0,6.0,1520.0,253.33333333333334,6.0,16.666666666666668,22,72.75,0.0,12,72.0,7.0,13.0,0.5384615384615384,5732.307692307692,0
PRV54621,0.0,0.0,0.0,0.0,1.0,900.0,900.0,1.0,17.0,17,79.0,0.0,1,1.0,0.0,1.0,0.0,900.0,0
PRV54622,0.0,0.0,0.0,0.0,10.0,890.0,89.0,8.0,18.75,22,74.25,0.0,8,23.0,0.0,10.0,0.0,89.0,0
PRV54623,0.0,0.0,0.0,0.0,43.0,8030.0,186.74418604651163,11.0,17.545454545454547,22,77.54545454545455,0.0,11,93.0,0.0,43.0,0.0,186.74418604651163,0
PRV54624,0.0,0.0,0.0,0.0,10.0,10180.0,1018.0,8.0,17.875,21,64.625,0.0,8,26.0,0.0,10.0,0.0,1018.0,0
PRV54625,0.0,0.0,0.0,0.0,16.0,7290.0,455.625,7.0,19.857142857142858,22,71.57142857142857,0.0,7,31.0,0.0,16.0,0.0,455.625,0
PRV54627,0.0,0.0,0.0,0.0,26.0,5530.0,212.69230769230768,13.0,18.0,21,78.38461538461539,0.0,13,68.0,0.0,26.0,0.0,212.69230769230768,0
PRV54628,0.0,0.0,0.0,0.0,4.0,1540.0,385.0,4.0,17.75,22,75.25,0.0,4,8.0,0.0,4.0,0.0,385.0,0
PRV54629,0.0,0.0,0.0,0.0,3.0,580.0,193.33333333333334,3.0,18.333333333333332,20,79.66666666666667,0.0,3,6.0,0.0,3.0,0.0,193.33333333333334,0
PRV54630,0.0,0.0,0.0,0.0,85.0,25680.0,302.11764705882354,23.0,18.217391304347824,22,77.78260869565217,0.0,23,173.0,0.0,85.0,0.0,302.11764705882354,0
PRV54633,0.0,0.0,0.0,0.0,12.0,1430.0,119.16666666666667,6.0,18.833333333333332,22,68.0,0.0,6,22.0,0.0,12.0,0.0,119.16666666666667,0
PRV54634,0.0,0.0,0.0,0.0,32.0,6110.0,190.9375,23.0,17.52173913043478,21,72.30434782608695,0.0,23,79.0,0.0,32.0,0.0,190.9375,0
PRV54635,0.0,0.0,0.0,0.0,33.0,6590.0,199.6969696969697,11.0,17.0,22,70.45454545454545,0.09090909090909091,11,88.0,0.0,33.0,0.0,199.6969696969697,0
PRV54636,0.0,0.0,0.0,0.0,76.0,26500.0,348.6842105263158,51.0,17.705882352941178,22,75.3529411764706,0.0,51,149.0,0.0,76.0,0.0,348.6842105263158,0
PRV54637,13.0,226000.0,17384.615384615383,12.0,0.0,0.0,0.0,0.0,16.083333333333332,19,67.91666666666667,0.0,12,89.0,12.0,13.0,1.0,17384.615384615383,0
PRV54638,6.0,82000.0,13666.666666666666,6.0,0.0,0.0,0.0,0.0,16.333333333333332,18,81.0,0.0,6,50.0,4.0,6.0,1.0,13666.666666666666,0
PRV54639,13.0,110000.0,8461.538461538461,12.0,0.0,0.0,0.0,0.0,16.333333333333332,21,78.33333333333333,0.0,12,80.0,7.0,13.0,1.0,8461.538461538461,0
PRV54640,7.0,72000.0,10285.714285714286,7.0,12.0,2260.0,188.33333333333334,12.0,17.210526315789473,22,69.26315789473684,0.05263157894736842,19,76.0,7.0,19.0,0.3684210526315789,3908.4210526315787,0
PRV54642,0.0,0.0,0.0,0.0,49.0,14110.0,287.9591836734694,46.0,17.717391304347824,22,74.8695652173913,0.021739130434782608,46,98.0,0.0,49.0,0.0,287.9591836734694,0
PRV54643,0.0,0.0,0.0,0.0,18.0,8380.0,465.55555555555554,18.0,17.5,22,71.22222222222223,0.05555555555555555,18,40.0,0.0,18.0,0.0,465.55555555555554,0
PRV54644,22.0,194000.0,8818.181818181818,21.0,46.0,18370.0,399.3478260869565,45.0,17.272727272727273,22,72.66666666666667,0.015151515151515152,66,216.0,17.0,68.0,0.3235294117647059,3123.0882352941176,1
PRV54645,0.0,0.0,0.0,0.0,2.0,1010.0,505.0,2.0,16.0,16,85.0,0.0,2,6.0,0.0,2.0,0.0,505.0,0
PRV54646,0.0,0.0,0.0,0.0,23.0,11180.0,486.0869565217391,13.0,17.076923076923077,22,64.92307692307692,0.0,13,48.0,0.0,23.0,0.0,486.0869565217391,0
PRV54649,22.0,302000.0,13727.272727272728,22.0,53.0,13080.0,246.79245283018867,51.0,17.027397260273972,22,76.57534246575342,0.0136986301369863,73,214.0,15.0,75.0,0.29333333333333333,4201.066666666667,1
PRV54651,21.0,270000.0,12857.142857142857,21.0,70.0,21760.0,310.85714285714283,66.0,16.82758620689655,22,71.7816091954023,0.0,87,238.0,16.0,91.0,0.23076923076923078,3206.153846153846,1
PRV54652,0.0,0.0,0.0,0.0,38.0,12020.0,316.3157894736842,33.0,17.818181818181817,22,74.0909090909091,0.030303030303030304,33,117.0,0.0,38.0,0.0,316.3157894736842,0
PRV54653,40.0,371000.0,9275.0,31.0,30.0,6740.0,224.66666666666666,30.0,16.950819672131146,21,74.73770491803279,0.0,61,252.0,27.0,70.0,0.5714285714285714,5396.285714285715,0
PRV54656,0.0,0.0,0.0,0.0,35.0,11380.0,325.14285714285717,35.0,18.228571428571428,22,72.65714285714286,0.0,35,76.0,0.0,35.0,0.0,325.14285714285717,0
PRV54657,17.0,287000.0,16882.352941176472,17.0,29.0,5220.0,180.0,29.0,16.847826086956523,22,74.0,0.0,46,149.0,16.0,46.0,0.3695652173913043,6352.608695652174,0
PRV54658,27.0,175000.0,6481.481481481482,27.0,58.0,17580.0,303.1034482758621,58.0,16.83529411764706,21,73.03529411764706,0.0,85,263.0,18.0,85.0,0.3176470588235294,2265.6470588235293,0
PRV54660,0.0,0.0,0.0,0.0,24.0,5110.0,212.91666666666666,21.0,18.80952380952381,22,70.95238095238095,0.0,21,53.0,0.0,24.0,0.0,212.91666666666666,0
PRV54661,3.0,84000.0,28000.0,3.0,16.0,4200.0,262.5,16.0,17.263157894736842,21,73.36842105263158,0.0,19,58.0,2.0,19.0,0.15789473684210525,4642.105263157895,0
PRV54662,3.0,17000.0,5666.666666666667,3.0,42.0,8590.0,204.52380952380952,41.0,17.363636363636363,22,72.72727272727273,0.0,44,124.0,2.0,45.0,0.06666666666666667,568.6666666666666,0
PRV54664,0.0,0.0,0.0,0.0,2.0,1200.0,600.0,2.0,18.5,19,71.5,0.0,2,8.0,0.0,2.0,0.0,600.0,0
PRV54666,1.0,10000.0,10000.0,1.0,4.0,1310.0,327.5,4.0,17.0,22,72.8,0.0,5,18.0,0.0,5.0,0.2,2262.0,0
PRV54667,9.0,72600.0,8066.666666666667,7.0,157.0,64090.0,408.21656050955414,65.0,18.015151515151516,22,71.10606060606061,0.0,66,352.0,7.0,166.0,0.05421686746987952,823.433734939759,0
PRV54668,1.0,3000.0,3000.0,1.0,305.0,93050.0,305.08196721311475,260.0,17.8544061302682,22,73.12260536398468,0.01532567049808429,261,470.0,0.0,306.0,0.0032679738562091504,313.8888888888889,0
PRV54670,0.0,0.0,0.0,0.0,159.0,39370.0,247.61006289308176,115.0,17.591304347826085,22,73.68695652173913,0.008695652173913044,115,260.0,0.0,159.0,0.0,247.61006289308176,0
PRV54671,0.0,0.0,0.0,0.0,3.0,920.0,306.6666666666667,1.0,21.0,21,75.0,0.0,1,3.0,0.0,3.0,0.0,306.6666666666667,0
PRV54672,0.0,0.0,0.0,0.0,10.0,4200.0,420.0,7.0,17.142857142857142,22,63.0,0.0,7,30.0,0.0,10.0,0.0,420.0,0
PRV54673,1.0,6000.0,6000.0,1.0,0.0,0.0,0.0,0.0,15.0,15,66.0,0.0,1,9.0,1.0,1.0,1.0,6000.0,0
PRV54674,3.0,27000.0,9000.0,3.0,0.0,0.0,0.0,0.0,16.666666666666668,19,86.0,0.0,3,26.0,2.0,3.0,1.0,9000.0,0
PRV54675,37.0,422000.0,11405.405405405405,34.0,0.0,0.0,0.0,0.0,15.794117647058824,20,72.11764705882354,0.0,34,188.0,25.0,37.0,1.0,11405.405405405405,1
PRV54676,40.0,375200.0,9380.0,36.0,0.0,0.0,0.0,0.0,16.38888888888889,22,73.69444444444444,0.0,36,169.0,26.0,40.0,1.0,9380.0,1
PRV54677,0.0,0.0,0.0,0.0,27.0,16270.0,602.5925925925926,15.0,18.266666666666666,22,71.8,0.06666666666666667,15,65.0,0.0,27.0,0.0,602.5925925925926,0
PRV54678,0.0,0.0,0.0,0.0,15.0,6850.0,456.6666666666667,7.0,18.428571428571427,21,65.28571428571429,0.0,7,35.0,0.0,15.0,0.0,456.6666666666667,0
PRV54679,1.0,7000.0,7000.0,1.0,0.0,0.0,0.0,0.0,20.0,20,71.0,0.0,1,10.0,1.0,1.0,1.0,7000.0,0
PRV54680,18.0,257000.0,14277.777777777777,17.0,0.0,0.0,0.0,0.0,16.176470588235293,20,70.11764705882354,0.0,17,111.0,17.0,18.0,1.0,14277.777777777777,1
PRV54681,0.0,0.0,0.0,0.0,301.0,63790.0,211.9269102990033,285.0,17.649122807017545,22,74.88421052631578,0.014035087719298246,285,514.0,0.0,301.0,0.0,211.9269102990033,0
PRV54682,6.0,33000.0,5500.0,6.0,90.0,24690.0,274.3333333333333,82.0,17.431818181818183,22,70.35227272727273,0.0,88,203.0,4.0,96.0,0.0625,600.9375,0
PRV54683,0.0,0.0,0.0,0.0,462.0,123850.0,268.0735930735931,406.0,17.67241379310345,22,73.63793103448276,0.007389162561576354,406,676.0,0.0,462.0,0.0,268.0735930735931,0
PRV54684,0.0,0.0,0.0,0.0,133.0,43360.0,326.01503759398497,128.0,17.71875,22,74.1484375,0.0078125,128,252.0,0.0,133.0,0.0,326.01503759398497,0
PRV54685,0.0,0.0,0.0,0.0,145.0,40150.0,276.8965517241379,139.0,17.52517985611511,22,76.01438848920863,0.007194244604316547,139,281.0,0.0,145.0,0.0,276.8965517241379,0
PRV54686,14.0,106000.0,7571.428571428572,13.0,143.0,39620.0,277.06293706293707,113.0,17.696,22,71.848,0.008,125,317.0,8.0,157.0,0.08917197452229299,927.515923566879,0
PRV54687,0.0,0.0,0.0,0.0,18.0,9390.0,521.6666666666666,18.0,17.72222222222222,21,73.88888888888889,0.0,18,44.0,0.0,18.0,0.0,521.6666666666666,0
PRV54688,11.0,143000.0,13000.0,11.0,1021.0,258660.0,253.33986287952987,470.0,18.054054054054053,22,72.32224532224532,0.006237006237006237,481,1251.0,8.0,1032.0,0.01065891472868217,389.20542635658916,1
PRV54689,0.0,0.0,0.0,0.0,20.0,2070.0,103.5,20.0,17.4,20,77.5,0.0,20,30.0,0.0,20.0,0.0,103.5,0
PRV54690,0.0,0.0,0.0,0.0,840.0,224960.0,267.8095238095238,366.0,18.038251366120218,22,72.39071038251366,0.00546448087431694,366,1010.0,0.0,840.0,0.0,267.8095238095238,0
PRV54691,7.0,84000.0,12000.0,7.0,60.0,14310.0,238.5,59.0,17.333333333333332,22,72.62121212121212,0.0,66,146.0,1.0,67.0,0.1044776119402985,1467.313432835821,0
PRV54692,48.0,371000.0,7729.166666666667,38.0,24.0,4880.0,203.33333333333334,24.0,17.241935483870968,22,78.19354838709677,0.016129032258064516,62,264.0,26.0,72.0,0.6666666666666666,5220.555555555556,1
PRV54693,2.0,15000.0,7500.0,2.0,50.0,24930.0,498.6,49.0,17.215686274509803,22,72.88235294117646,0.0,51,129.0,2.0,52.0,0.038461538461538464,767.8846153846154,0
PRV54694,0.0,0.0,0.0,0.0,330.0,90760.0,275.030303030303,155.0,18.193548387096776,22,72.86451612903225,0.012903225806451613,155,544.0,0.0,330.0,0.0,275.030303030303,0
PRV54695,0.0,0.0,0.0,0.0,53.0,15750.0,297.1698113207547,53.0,17.528301886792452,22,76.9622641509434,0.0,53,130.0,0.0,53.0,0.0,297.1698113207547,0
PRV54696,6.0,118000.0,19666.666666666668,6.0,65.0,21150.0,325.38461538461536,58.0,18.523809523809526,22,71.65079365079364,0.015873015873015872,63,176.0,5.0,71.0,0.08450704225352113,1959.8591549295775,0
PRV54697,1.0,10000.0,10000.0,1.0,7.0,880.0,125.71428571428571,7.0,18.5,22,76.125,0.0,8,22.0,1.0,8.0,0.125,1360.0,0
PRV54699,0.0,0.0,0.0,0.0,4.0,360.0,90.0,4.0,16.25,17,77.25,0.0,4,5.0,0.0,4.0,0.0,90.0,0
PRV54701,0.0,0.0,0.0,0.0,6.0,1310.0,218.33333333333334,5.0,19.2,21,79.2,0.0,5,7.0,0.0,6.0,0.0,218.33333333333334,0
PRV54703,0.0,0.0,0.0,0.0,11.0,660.0,60.0,11.0,18.181818181818183,21,75.63636363636364,0.0,11,28.0,0.0,11.0,0.0,60.0,0
PRV54704,0.0,0.0,0.0,0.0,161.0,44710.0,277.70186335403724,115.0,17.747826086956522,22,73.52173913043478,0.0,115,267.0,0.0,161.0,0.0,277.70186335403724,0
PRV54705,20.0,164000.0,8200.0,17.0,237.0,55740.0,235.18987341772151,112.0,18.394957983193276,22,74.8655462184874,0.0,119,469.0,7.0,257.0,0.07782101167315175,855.0194552529183,0
PRV54707,0.0,0.0,0.0,0.0,9.0,1280.0,142.22222222222223,8.0,18.125,22,62.25,0.0,8,19.0,0.0,9.0,0.0,142.22222222222223,0
PRV54708,0.0,0.0,0.0,0.0,8.0,2680.0,335.0,8.0,17.25,18,74.625,0.0,8,23.0,0.0,8.0,0.0,335.0,0
PRV54710,0.0,0.0,0.0,0.0,2.0,860.0,430.0,2.0,16.0,19,61.5,0.0,2,2.0,0.0,2.0,0.0,430.0,0
PRV54711,0.0,0.0,0.0,0.0,2.0,40.0,20.0,2.0,16.5,18,81.5,0.0,2,5.0,0.0,2.0,0.0,20.0,0
PRV54712,0.0,0.0,0.0,0.0,14.0,7460.0,532.8571428571429,13.0,18.307692307692307,22,68.3076923076923,0.0,13,43.0,0.0,14.0,0.0,532.8571428571429,0
PRV54713,0.0,0.0,0.0,0.0,17.0,1770.0,104.11764705882354,17.0,17.647058823529413,22,69.94117647058823,0.0,17,44.0,0.0,17.0,0.0,104.11764705882354,0
PRV54714,0.0,0.0,0.0,0.0,10.0,2480.0,248.0,10.0,18.6,22,78.5,0.0,10,22.0,0.0,10.0,0.0,248.0,0
PRV54715,0.0,0.0,0.0,0.0,19.0,6890.0,362.63157894736844,18.0,17.27777777777778,21,77.22222222222223,0.0,18,42.0,0.0,19.0,0.0,362.63157894736844,0
PRV54716,0.0,0.0,0.0,0.0,141.0,39240.0,278.29787234042556,55.0,17.763636363636362,22,72.72727272727273,0.01818181818181818,55,265.0,0.0,141.0,0.0,278.29787234042556,0
PRV54717,0.0,0.0,0.0,0.0,3.0,2400.0,800.0,3.0,17.666666666666668,20,59.666666666666664,0.0,3,4.0,0.0,3.0,0.0,800.0,0
PRV54718,29.0,302000.0,10413.793103448275,24.0,0.0,0.0,0.0,0.0,16.583333333333332,22,74.5,0.0,24,169.0,17.0,29.0,1.0,10413.793103448275,1
PRV54720,9.0,127000.0,14111.111111111111,9.0,0.0,0.0,0.0,0.0,17.88888888888889,22,76.77777777777777,0.0,9,69.0,9.0,9.0,1.0,14111.111111111111,0
PRV54723,0.0,0.0,0.0,0.0,90.0,24350.0,270.55555555555554,86.0,17.267441860465116,22,74.16279069767442,0.0,86,181.0,0.0,90.0,0.0,270.55555555555554,0
PRV54724,48.0,489000.0,10187.5,45.0,23.0,6650.0,289.1304347826087,23.0,17.29850746268657,22,77.61194029850746,0.0,67,255.0,29.0,71.0,0.676056338028169,6980.985915492958,0
PRV54725,0.0,0.0,0.0,0.0,116.0,34700.0,299.13793103448273,112.0,17.455357142857142,22,77.13392857142857,0.0,112,225.0,0.0,116.0,0.0,299.13793103448273,0
PRV54726,2.0,27000.0,13500.0,2.0,32.0,6290.0,196.5625,32.0,17.38235294117647,22,73.8529411764706,0.0,34,66.0,2.0,34.0,0.058823529411764705,979.1176470588235,0
PRV54727,0.0,0.0,0.0,0.0,59.0,24270.0,411.35593220338984,59.0,17.796610169491526,22,77.88135593220339,0.0,59,137.0,0.0,59.0,0.0,411.35593220338984,0
PRV54728,2.0,10000.0,5000.0,2.0,9.0,3690.0,410.0,9.0,16.545454545454547,21,76.36363636363636,0.0,11,33.0,2.0,11.0,0.18181818181818182,1244.5454545454545,0
PRV54730,0.0,0.0,0.0,0.0,40.0,9450.0,236.25,39.0,17.28205128205128,22,72.07692307692308,0.0,39,89.0,0.0,40.0,0.0,236.25,0
PRV54734,0.0,0.0,0.0,0.0,138.0,42870.0,310.6521739130435,127.0,17.456692913385826,22,73.14173228346456,0.007874015748031496,127,261.0,0.0,138.0,0.0,310.6521739130435,0
PRV54735,5.0,39000.0,7800.0,5.0,33.0,20710.0,627.5757575757576,33.0,17.263157894736842,22,75.92105263157895,0.0,38,119.0,4.0,38.0,0.13157894736842105,1571.3157894736842,0
PRV54737,13.0,161000.0,12384.615384615385,13.0,22.0,8510.0,386.8181818181818,22.0,17.34285714285714,21,77.2,0.0,35,132.0,11.0,35.0,0.37142857142857144,4843.142857142857,0
PRV54739,45.0,598000.0,13288.888888888889,40.0,141.0,34650.0,245.74468085106383,140.0,17.272222222222222,22,74.15,0.0,180,424.0,31.0,186.0,0.24193548387096775,3401.3440860215055,1
PRV54741,0.0,0.0,0.0,0.0,177.0,47650.0,269.2090395480226,171.0,17.57894736842105,22,73.93567251461988,0.005847953216374269,171,336.0,0.0,177.0,0.0,269.2090395480226,0
PRV54742,231.0,2499900.0,10822.077922077922,198.0,1661.0,469630.0,282.739313666466,879.0,17.803842264914053,22,74.4186046511628,0.004044489383215369,989,1866.0,109.0,1892.0,0.12209302325581395,1569.5190274841439,1
PRV54743,7.0,69000.0,9857.142857142857,7.0,73.0,18470.0,253.013698630137,70.0,17.142857142857142,22,72.55844155844156,0.0,77,178.0,7.0,80.0,0.0875,1093.375,1
PRV54745,10.0,80000.0,8000.0,10.0,818.0,215740.0,263.7408312958435,493.0,17.745019920318725,22,75.34262948207171,0.00597609561752988,502,1098.0,9.0,828.0,0.012077294685990338,357.17391304347825,0
PRV54747,0.0,0.0,0.0,0.0,21.0,5420.0,258.0952380952381,20.0,17.15,21,74.6,0.0,20,49.0,0.0,21.0,0.0,258.0952380952381,0
PRV54748,0.0,0.0,0.0,0.0,85.0,32110.0,377.7647058823529,83.0,17.180722891566266,22,75.87951807228916,0.0,83,162.0,0.0,85.0,0.0,377.7647058823529,0
PRV54753,0.0,0.0,0.0,0.0,16.0,7780.0,486.25,16.0,17.1875,21,75.6875,0.0,16,37.0,0.0,16.0,0.0,486.25,0
PRV54756,3.0,11000.0,3666.6666666666665,3.0,16.0,6390.0,399.375,16.0,17.263157894736842,22,70.10526315789474,0.0,19,54.0,0.0,19.0,0.15789473684210525,915.2631578947369,0
PRV54757,15.0,105000.0,7000.0,15.0,50.0,12290.0,245.8,50.0,17.50769230769231,21,77.56923076923077,0.03076923076923077,65,177.0,10.0,65.0,0.23076923076923078,1804.4615384615386,0
PRV54758,0.0,0.0,0.0,0.0,95.0,25690.0,270.42105263157896,93.0,17.774193548387096,22,74.36559139784946,0.0,93,184.0,0.0,95.0,0.0,270.42105263157896,0
PRV54759,5.0,34000.0,6800.0,5.0,39.0,11140.0,285.64102564102564,39.0,17.022727272727273,22,71.93181818181819,0.0,44,122.0,3.0,44.0,0.11363636363636363,1025.909090909091,0
PRV54760,24.0,194000.0,8083.333333333333,22.0,7.0,1090.0,155.71428571428572,7.0,16.379310344827587,20,77.58620689655173,0.0,29,147.0,18.0,31.0,0.7741935483870968,6293.225806451613,0
PRV54761,0.0,0.0,0.0,0.0,822.0,216040.0,262.82238442822387,483.0,17.865424430641824,22,74.0,0.004140786749482402,483,974.0,0.0,822.0,0.0,262.82238442822387,0
PRV54763,0.0,0.0,0.0,0.0,34.0,11770.0,346.1764705882353,33.0,17.636363636363637,21,73.27272727272727,0.0,33,71.0,0.0,34.0,0.0,346.1764705882353,0
PRV54764,13.0,151000.0,11615.384615384615,13.0,38.0,11080.0,291.57894736842104,35.0,16.770833333333332,20,74.10416666666667,0.0,48,146.0,13.0,51.0,0.2549019607843137,3178.0392156862745,0
PRV54765,196.0,1986000.0,10132.65306122449,162.0,43.0,14500.0,337.2093023255814,41.0,16.81094527363184,22,74.07462686567165,0.004975124378109453,201,604.0,89.0,239.0,0.8200836820083682,8370.292887029289,1
PRV54767,8.0,47000.0,5875.0,8.0,55.0,15080.0,274.1818181818182,54.0,17.29032258064516,22,74.96774193548387,0.0,62,159.0,2.0,63.0,0.12698412698412698,985.3968253968254,0
PRV54768,7.0,72000.0,10285.714285714286,7.0,25.0,7420.0,296.8,25.0,16.903225806451612,21,69.83870967741936,0.0,31,93.0,3.0,32.0,0.21875,2481.875,0
PRV54771,12.0,151000.0,12583.333333333334,12.0,73.0,20560.0,281.64383561643837,68.0,17.5625,22,73.5875,0.0,80,212.0,10.0,85.0,0.1411764705882353,2018.3529411764705,1
PRV54772,109.0,1119800.0,10273.394495412844,100.0,2006.0,631520.0,314.81555333998006,1009.0,17.732327992459943,22,74.64655984919887,0.005655042412818096,1061,2013.0,65.0,2115.0,0.051536643026004726,828.0472813238771,1
PRV54773,10.0,156000.0,15600.0,10.0,24.0,4210.0,175.41666666666666,24.0,16.941176470588236,21,74.52941176470588,0.029411764705882353,34,126.0,9.0,34.0,0.29411764705882354,4712.058823529412,0
PRV54774,5.0,60000.0,12000.0,5.0,483.0,143170.0,296.41821946169773,260.0,18.022727272727273,22,74.40530303030303,0.003787878787878788,264,720.0,4.0,488.0,0.010245901639344262,416.33196721311475,0
PRV54776,5.0,30000.0,6000.0,5.0,32.0,7450.0,232.8125,32.0,17.43243243243243,22,74.21621621621621,0.0,37,104.0,4.0,37.0,0.13513513513513514,1012.1621621621622,0
PRV54778,64.0,534000.0,8343.75,60.0,1608.0,464160.0,288.65671641791045,827.0,17.8634772462077,22,74.9801633605601,0.004667444574095682,857,1639.0,31.0,1672.0,0.03827751196172249,596.9856459330143,1
PRV54779,9.0,111000.0,12333.333333333334,9.0,22.0,9680.0,440.0,22.0,17.322580645161292,22,71.80645161290323,0.0,31,105.0,7.0,31.0,0.2903225806451613,3892.9032258064517,0
PRV54780,0.0,0.0,0.0,0.0,21.0,4950.0,235.71428571428572,21.0,17.61904761904762,22,78.42857142857143,0.047619047619047616,21,43.0,0.0,21.0,0.0,235.71428571428572,0
PRV54781,71.0,741000.0,10436.61971830986,63.0,134.0,35560.0,265.3731343283582,127.0,17.375661375661377,22,75.53439153439153,0.005291005291005291,189,485.0,36.0,205.0,0.3463414634146341,3788.0975609756097,1
PRV54783,0.0,0.0,0.0,0.0,28.0,20530.0,733.2142857142857,26.0,17.346153846153847,22,74.88461538461539,0.0,26,54.0,0.0,28.0,0.0,733.2142857142857,0
PRV54784,0.0,0.0,0.0,0.0,9.0,1520.0,168.88888888888889,9.0,18.0,21,76.44444444444444,0.0,9,14.0,0.0,9.0,0.0,168.88888888888889,0
PRV54785,2.0,24000.0,12000.0,2.0,6.0,2330.0,388.3333333333333,6.0,17.5,20,69.375,0.0,8,32.0,1.0,8.0,0.25,3291.25,0
PRV54786,0.0,0.0,0.0,0.0,1316.0,415900.0,316.03343465045594,697.0,17.79770444763271,22,74.08608321377332,0.00430416068866571,697,1433.0,0.0,1316.0,0.0,316.03343465045594,1
PRV54787,24.0,282000.0,11750.0,23.0,53.0,15820.0,298.49056603773585,53.0,17.263157894736842,21,72.4342105263158,0.013157894736842105,76,224.0,20.0,77.0,0.3116883116883117,3867.7922077922076,0
PRV54789,3.0,30000.0,10000.0,3.0,0.0,0.0,0.0,0.0,16.666666666666668,20,74.66666666666667,0.0,3,21.0,1.0,3.0,1.0,10000.0,0
PRV54790,0.0,0.0,0.0,0.0,8.0,3560.0,445.0,8.0,18.25,22,75.0,0.0,8,24.0,0.0,8.0,0.0,445.0,0
PRV54792,0.0,0.0,0.0,0.0,22.0,5390.0,245.0,22.0,18.136363636363637,22,75.72727272727273,0.0,22,44.0,0.0,22.0,0.0,245.0,0
PRV54793,0.0,0.0,0.0,0.0,10.0,3820.0,382.0,5.0,19.4,22,69.2,0.0,5,19.0,0.0,10.0,0.0,382.0,0
PRV54794,0.0,0.0,0.0,0.0,3.0,450.0,150.0,3.0,19.0,20,74.66666666666667,0.0,3,9.0,0.0,3.0,0.0,150.0,0
PRV54795,0.0,0.0,0.0,0.0,21.0,7510.0,357.6190476190476,21.0,18.142857142857142,20,79.0952380952381,0.0,21,50.0,0.0,21.0,0.0,357.6190476190476,0
PRV54796,0.0,0.0,0.0,0.0,2.0,1700.0,850.0,2.0,19.5,20,51.0,0.0,2,5.0,0.0,2.0,0.0,850.0,0
PRV54798,0.0,0.0,0.0,0.0,5.0,290.0,58.0,5.0,17.6,20,83.6,0.0,5,21.0,0.0,5.0,0.0,58.0,0
PRV54799,0.0,0.0,0.0,0.0,1.0,100.0,100.0,1.0,20.0,20,67.0,0.0,1,3.0,0.0,1.0,0.0,100.0,0
PRV54800,0.0,0.0,0.0,0.0,2.0,500.0,250.0,2.0,20.0,20,66.5,0.0,2,5.0,0.0,2.0,0.0,250.0,0
PRV54802,0.0,0.0,0.0,0.0,17.0,1770.0,104.11764705882354,17.0,17.764705882352942,22,77.41176470588235,0.0,17,46.0,0.0,17.0,0.0,104.11764705882354,0
PRV54803,0.0,0.0,0.0,0.0,3.0,1880.0,626.6666666666666,3.0,20.333333333333332,21,70.33333333333333,0.0,3,8.0,0.0,3.0,0.0,626.6666666666666,0
PRV54805,0.0,0.0,0.0,0.0,5.0,270.0,54.0,5.0,17.6,20,75.4,0.0,5,9.0,0.0,5.0,0.0,54.0,0
PRV54806,0.0,0.0,0.0,0.0,75.0,13300.0,177.33333333333334,56.0,18.375,22,75.73214285714286,0.0,56,142.0,0.0,75.0,0.0,177.33333333333334,0
PRV54808,0.0,0.0,0.0,0.0,32.0,15140.0,473.125,32.0,17.59375,21,70.03125,0.03125,32,69.0,0.0,32.0,0.0,473.125,1
PRV54809,0.0,0.0,0.0,0.0,55.0,21170.0,384.90909090909093,53.0,18.037735849056602,22,75.64150943396227,0.018867924528301886,53,136.0,0.0,55.0,0.0,384.90909090909093,0
PRV54810,0.0,0.0,0.0,0.0,7.0,3800.0,542.8571428571429,7.0,17.714285714285715,21,71.0,0.0,7,15.0,0.0,7.0,0.0,542.8571428571429,0
PRV54812,12.0,156000.0,13000.0,12.0,0.0,0.0,0.0,0.0,16.416666666666668,18,77.41666666666667,0.0,12,79.0,12.0,12.0,1.0,13000.0,0
PRV54813,0.0,0.0,0.0,0.0,1056.0,300030.0,284.1193181818182,711.0,17.69901547116737,22,75.12517580872012,0.008438818565400843,711,1234.0,2.0,1056.0,0.0,284.1193181818182,0
PRV54814,0.0,0.0,0.0,0.0,82.0,20790.0,253.53658536585365,72.0,17.51388888888889,21,72.48611111111111,0.0,72,167.0,0.0,82.0,0.0,253.53658536585365,0
PRV54817,1.0,7000.0,7000.0,1.0,0.0,0.0,0.0,0.0,15.0,15,99.0,0.0,1,9.0,2.0,1.0,1.0,7000.0,0
PRV54818,5.0,46000.0,9200.0,5.0,0.0,0.0,0.0,0.0,15.4,17,70.6,0.0,5,34.0,2.0,5.0,1.0,9200.0,0
PRV54819,23.0,158000.0,6869.565217391304,21.0,2.0,110.0,55.0,2.0,16.47826086956522,20,76.08695652173913,0.0,23,136.0,18.0,25.0,0.92,6324.4,0
PRV54820,1.0,12000.0,12000.0,1.0,0.0,0.0,0.0,0.0,15.0,15,96.0,0.0,1,9.0,0.0,1.0,1.0,12000.0,0
PRV54821,7.0,39000.0,5571.428571428572,7.0,0.0,0.0,0.0,0.0,17.857142857142858,22,74.71428571428571,0.0,7,44.0,7.0,7.0,1.0,5571.428571428572,0
PRV54822,16.0,136000.0,8500.0,16.0,0.0,0.0,0.0,0.0,16.625,20,68.625,0.0,16,103.0,11.0,16.0,1.0,8500.0,1
PRV54824,10.0,100000.0,10000.0,10.0,0.0,0.0,0.0,0.0,15.9,20,72.2,0.0,10,73.0,9.0,10.0,1.0,10000.0,0
PRV54827,0.0,0.0,0.0,0.0,17.0,2570.0,151.1764705882353,12.0,18.416666666666668,21,73.08333333333333,0.0,12,38.0,0.0,17.0,0.0,151.1764705882353,0
PRV54828,3.0,88000.0,29333.333333333332,3.0,57.0,23610.0,414.2105263157895,20.0,17.818181818181817,22,68.72727272727273,0.0,22,130.0,2.0,60.0,0.05,1860.1666666666667,1
PRV54829,0.0,0.0,0.0,0.0,75.0,21140.0,281.8666666666667,55.0,17.70909090909091,22,75.12727272727273,0.0,55,132.0,0.0,75.0,0.0,281.8666666666667,0
PRV54830,1.0,13000.0,13000.0,1.0,10.0,810.0,81.0,10.0,18.727272727272727,21,73.54545454545455,0.0,11,29.0,1.0,11.0,0.09090909090909091,1255.4545454545455,0
PRV54831,4.0,31000.0,7750.0,4.0,13.0,3040.0,233.84615384615384,13.0,17.705882352941178,22,69.82352941176471,0.058823529411764705,17,61.0,1.0,17.0,0.23529411764705882,2002.3529411764705,0
PRV54832,5.0,86000.0,17200.0,5.0,55.0,9240.0,168.0,53.0,16.896551724137932,21,72.89655172413794,0.017241379310344827,58,144.0,5.0,60.0,0.08333333333333333,1587.3333333333333,1
PRV54833,0.0,0.0,0.0,0.0,88.0,19000.0,215.9090909090909,48.0,18.333333333333332,22,69.125,0.0,48,175.0,0.0,88.0,0.0,215.9090909090909,0
PRV54834,6.0,57000.0,9500.0,6.0,10.0,2300.0,230.0,10.0,17.2,22,73.2,0.0,15,71.0,5.0,16.0,0.375,3706.25,0
PRV54836,0.0,0.0,0.0,0.0,8.0,3400.0,425.0,8.0,18.375,22,71.125,0.0,8,17.0,0.0,8.0,0.0,425.0,0
PRV54837,0.0,0.0,0.0,0.0,1843.0,524060.0,284.35160065111234,728.0,18.36263736263736,22,72.89972527472527,0.016483516483516484,728,1687.0,1.0,1843.0,0.0,284.35160065111234,1
PRV54838,0.0,0.0,0.0,0.0,58.0,10800.0,186.20689655172413,31.0,18.322580645161292,22,71.93548387096774,0.0,31,133.0,0.0,58.0,0.0,186.20689655172413,0
PRV54840,0.0,0.0,0.0,0.0,26.0,6520.0,250.76923076923077,21.0,17.095238095238095,20,70.61904761904762,0.047619047619047616,21,64.0,0.0,26.0,0.0,250.76923076923077,0
PRV54841,3.0,50000.0,16666.666666666668,2.0,3.0,250.0,83.33333333333333,3.0,16.4,19,78.2,0.0,5,27.0,2.0,6.0,0.5,8375.0,0
PRV54842,3.0,17000.0,5666.666666666667,3.0,127.0,45420.0,357.6377952755906,56.0,17.779661016949152,22,74.11864406779661,0.01694915254237288,59,276.0,2.0,130.0,0.023076923076923078,480.15384615384613,0
PRV54845,8.0,96000.0,12000.0,8.0,33.0,4280.0,129.6969696969697,28.0,17.11111111111111,21,72.25,0.027777777777777776,36,105.0,8.0,41.0,0.1951219512195122,2445.8536585365855,1
PRV54846,9.0,112000.0,12444.444444444445,8.0,33.0,5930.0,179.6969696969697,33.0,17.65,22,73.05,0.0,40,133.0,7.0,42.0,0.21428571428571427,2807.8571428571427,0
PRV54847,10.0,65500.0,6550.0,9.0,286.0,62700.0,219.23076923076923,131.0,18.340740740740742,22,70.4074074074074,0.007407407407407408,135,480.0,3.0,296.0,0.033783783783783786,433.1081081081081,0
PRV54848,24.0,239000.0,9958.333333333334,22.0,4.0,270.0,67.5,4.0,17.346153846153847,21,73.6923076923077,0.0,26,126.0,19.0,28.0,0.8571428571428571,8545.357142857143,0
PRV54849,0.0,0.0,0.0,0.0,12.0,1590.0,132.5,12.0,17.5,22,72.16666666666667,0.0,12,22.0,0.0,12.0,0.0,132.5,0
PRV54852,0.0,0.0,0.0,0.0,180.0,51420.0,285.6666666666667,82.0,18.0,22,73.76829268292683,0.0,82,340.0,0.0,180.0,0.0,285.6666666666667,0
PRV54854,0.0,0.0,0.0,0.0,131.0,39660.0,302.7480916030534,55.0,18.272727272727273,22,68.47272727272727,0.0,55,232.0,0.0,131.0,0.0,302.7480916030534,0
PRV54855,0.0,0.0,0.0,0.0,212.0,56930.0,268.5377358490566,129.0,17.891472868217054,22,72.8062015503876,0.0,129,361.0,0.0,212.0,0.0,268.5377358490566,0
PRV54856,0.0,0.0,0.0,0.0,1.0,40.0,40.0,1.0,16.0,16,66.0,0.0,1,1.0,0.0,1.0,0.0,40.0,0
PRV54859,0.0,0.0,0.0,0.0,25.0,12250.0,490.0,6.0,17.666666666666668,22,66.0,0.0,6,47.0,0.0,25.0,0.0,490.0,0
PRV54860,0.0,0.0,0.0,0.0,21.0,14080.0,670.4761904761905,8.0,18.625,21,71.25,0.0,8,58.0,0.0,21.0,0.0,670.4761904761905,0
PRV54861,0.0,0.0,0.0,0.0,43.0,6450.0,150.0,32.0,18.09375,22,67.8125,0.0,32,92.0,0.0,43.0,0.0,150.0,0
PRV54862,0.0,0.0,0.0,0.0,7.0,3530.0,504.2857142857143,1.0,18.0,18,86.0,0.0,1,16.0,0.0,7.0,0.0,504.2857142857143,0
PRV54863,0.0,0.0,0.0,0.0,6.0,1140.0,190.0,6.0,19.0,20,69.33333333333333,0.0,6,13.0,0.0,6.0,0.0,190.0,0
PRV54864,0.0,0.0,0.0,0.0,5.0,860.0,172.0,5.0,17.6,20,69.6,0.0,5,7.0,0.0,5.0,0.0,172.0,0
PRV54865,0.0,0.0,0.0,0.0,6.0,610.0,101.66666666666667,6.0,18.833333333333332,20,75.33333333333333,0.0,6,14.0,0.0,6.0,0.0,101.66666666666667,0
PRV54866,0.0,0.0,0.0,0.0,2.0,40.0,20.0,2.0,17.5,22,52.5,0.0,2,2.0,0.0,2.0,0.0,20.0,0
PRV54867,0.0,0.0,0.0,0.0,3.0,3550.0,1183.3333333333333,3.0,16.0,20,76.66666666666667,0.0,3,12.0,0.0,3.0,0.0,1183.3333333333333,0
PRV54868,0.0,0.0,0.0,0.0,105.0,25220.0,240.1904761904762,91.0,18.0989010989011,22,72.5934065934066,0.0,91,211.0,0.0,105.0,0.0,240.1904761904762,0
PRV54869,0.0,0.0,0.0,0.0,8.0,950.0,118.75,8.0,18.875,21,69.75,0.0,8,17.0,0.0,8.0,0.0,118.75,0
PRV54870,0.0,0.0,0.0,0.0,8.0,1080.0,135.0,8.0,18.25,20,80.25,0.0,8,17.0,0.0,8.0,0.0,135.0,0
PRV54871,0.0,0.0,0.0,0.0,10.0,3260.0,326.0,8.0,16.5,21,73.375,0.0,8,33.0,0.0,10.0,0.0,326.0,0
PRV54873,0.0,0.0,0.0,0.0,8.0,420.0,52.5,8.0,18.875,22,64.125,0.0,8,18.0,0.0,8.0,0.0,52.5,0
PRV54875,20.0,172000.0,8600.0,19.0,0.0,0.0,0.0,0.0,17.210526315789473,21,70.84210526315789,0.05263157894736842,19,125.0,15.0,20.0,1.0,8600.0,1
PRV54876,3.0,58000.0,19333.333333333332,3.0,0.0,0.0,0.0,0.0,17.666666666666668,19,71.0,0.0,3,24.0,4.0,3.0,1.0,19333.333333333332,1
PRV54877,0.0,0.0,0.0,0.0,70.0,26290.0,375.57142857142856,63.0,17.396825396825395,22,73.84126984126983,0.015873015873015872,63,152.0,1.0,70.0,0.0,375.57142857142856,0
PRV54878,1.0,5000.0,5000.0,1.0,15.0,4240.0,282.6666666666667,14.0,16.933333333333334,21,72.33333333333333,0.0,15,40.0,1.0,16.0,0.0625,577.5,0
PRV54879,60.0,590300.0,9838.333333333334,49.0,185.0,53420.0,288.7567567567568,162.0,17.081218274111674,22,73.26395939086295,0.0,197,489.0,36.0,245.0,0.24489795918367346,2627.4285714285716,1
PRV54881,33.0,290700.0,8809.09090909091,33.0,6.0,3810.0,635.0,6.0,16.46153846153846,20,73.2051282051282,0.0,39,170.0,16.0,39.0,0.8461538461538461,7551.538461538462,0
PRV54882,32.0,309000.0,9656.25,32.0,221.0,60680.0,274.57013574660635,191.0,17.509090909090908,22,73.67727272727272,0.004545454545454545,220,507.0,24.0,253.0,0.12648221343873517,1461.1857707509882,1
PRV54883,1.0,13000.0,13000.0,1.0,0.0,0.0,0.0,0.0,16.0,16,81.0,0.0,1,9.0,0.0,1.0,1.0,13000.0,0
PRV54885,36.0,350000.0,9722.222222222223,34.0,280.0,61400.0,219.28571428571428,257.0,17.536332179930795,22,73.3598615916955,0.006920415224913495,289,567.0,23.0,316.0,0.11392405063291139,1301.8987341772151,0
PRV54886,0.0,0.0,0.0,0.0,9.0,7940.0,882.2222222222222,9.0,17.22222222222222,20,78.22222222222223,0.0,9,36.0,0.0,9.0,0.0,882.2222222222222,0
PRV54887,0.0,0.0,0.0,0.0,143.0,48780.0,341.1188811188811,126.0,17.626984126984127,22,74.84126984126983,0.0,126,245.0,0.0,143.0,0.0,341.1188811188811,0
PRV54888,0.0,0.0,0.0,0.0,413.0,120880.0,292.6876513317191,324.0,17.5,22,75.4104938271605,0.009259259259259259,324,598.0,0.0,413.0,0.0,292.6876513317191,0
PRV54889,7.0,88000.0,12571.42857142857,7.0,49.0,12580.0,256.734693877551,41.0,16.979166666666668,21,75.39583333333333,0.0,48,148.0,7.0,56.0,0.125,1796.0714285714287,0
PRV54890,4.0,58000.0,14500.0,4.0,73.0,16320.0,223.56164383561645,73.0,17.363636363636363,22,74.25974025974025,0.012987012987012988,77,189.0,3.0,77.0,0.05194805194805195,965.1948051948052,0
PRV54891,6.0,72000.0,12000.0,5.0,44.0,11380.0,258.6363636363636,40.0,17.272727272727273,21,74.75,0.0,44,130.0,3.0,50.0,0.12,1667.6,0
PRV54892,0.0,0.0,0.0,0.0,49.0,10670.0,217.75510204081633,46.0,17.934782608695652,22,70.5,0.021739130434782608,46,117.0,0.0,49.0,0.0,217.75510204081633,0
PRV54893,0.0,0.0,0.0,0.0,8.0,1830.0,228.75,8.0,17.125,22,66.75,0.0,8,15.0,0.0,8.0,0.0,228.75,0
PRV54894,138.0,1731700.0,12548.550724637682,120.0,91.0,25360.0,278.68131868131866,90.0,17.114832535885167,22,74.4401913875598,0.004784688995215311,209,580.0,74.0,229.0,0.6026200873362445,7672.751091703057,1
PRV54895,3.0,53000.0,17666.666666666668,3.0,3433.0,1004610.0,292.63326536556946,1466.0,17.833219877467666,22,73.34581347855683,0.011572498298162015,1469,2483.0,8.0,3436.0,0.0008731082654249127,307.80267753201394,1
PRV54896,56.0,591000.0,10553.57142857143,55.0,103.0,25860.0,251.06796116504853,97.0,17.355263157894736,22,73.89473684210526,0.019736842105263157,152,395.0,33.0,159.0,0.3522012578616352,3879.622641509434,1
PRV54898,9.0,72000.0,8000.0,9.0,0.0,0.0,0.0,0.0,17.444444444444443,21,71.66666666666667,0.0,9,62.0,7.0,9.0,1.0,8000.0,0
PRV54900,0.0,0.0,0.0,0.0,14.0,3490.0,249.28571428571428,14.0,17.071428571428573,21,72.28571428571429,0.0,14,45.0,0.0,14.0,0.0,249.28571428571428,0
PRV54901,8.0,96000.0,12000.0,8.0,17.0,7960.0,468.2352941176471,17.0,17.72,22,75.0,0.0,25,79.0,5.0,25.0,0.32,4158.4,0
PRV54902,1.0,5000.0,5000.0,1.0,15.0,4840.0,322.6666666666667,14.0,16.866666666666667,22,68.93333333333334,0.0,15,38.0,1.0,16.0,0.0625,615.0,0
PRV54903,7.0,57000.0,8142.857142857143,6.0,0.0,0.0,0.0,0.0,16.0,19,74.5,0.0,6,41.0,1.0,7.0,1.0,8142.857142857143,0
PRV54904,0.0,0.0,0.0,0.0,19.0,7970.0,419.4736842105263,19.0,15.789473684210526,21,73.73684210526316,0.0,19,45.0,0.0,19.0,0.0,419.4736842105263,0
PRV54905,4.0,40000.0,10000.0,4.0,145.0,39620.0,273.2413793103448,110.0,17.68421052631579,22,75.94736842105263,0.008771929824561403,114,284.0,4.0,149.0,0.026845637583892617,534.3624161073825,0
PRV54906,8.0,120000.0,15000.0,8.0,14.0,7150.0,510.7142857142857,14.0,17.045454545454547,20,74.36363636363636,0.045454545454545456,22,81.0,5.0,22.0,0.36363636363636365,5779.545454545455,0
PRV54907,0.0,0.0,0.0,0.0,170.0,59920.0,352.47058823529414,120.0,17.625,22,73.58333333333333,0.008333333333333333,120,318.0,0.0,170.0,0.0,352.47058823529414,0
PRV54908,0.0,0.0,0.0,0.0,115.0,34230.0,297.6521739130435,109.0,17.889908256880734,22,75.0091743119266,0.01834862385321101,109,212.0,0.0,115.0,0.0,297.6521739130435,0
PRV54909,8.0,85000.0,10625.0,8.0,19.0,4860.0,255.78947368421052,19.0,17.62962962962963,22,75.55555555555556,0.0,27,89.0,7.0,27.0,0.2962962962962963,3328.1481481481483,0
PRV54910,3.0,20000.0,6666.666666666667,3.0,212.0,60880.0,287.1698113207547,149.0,17.736842105263158,22,74.44736842105263,0.019736842105263157,152,367.0,2.0,215.0,0.013953488372093023,376.1860465116279,0
PRV54911,0.0,0.0,0.0,0.0,85.0,25520.0,300.2352941176471,82.0,17.902439024390244,22,73.6219512195122,0.0,82,159.0,0.0,85.0,0.0,300.2352941176471,0
PRV54914,14.0,109000.0,7785.714285714285,12.0,388.0,103930.0,267.86082474226805,213.0,17.818181818181817,22,74.7909090909091,0.0,220,638.0,4.0,402.0,0.03482587064676617,529.6766169154229,0
PRV54916,16.0,165000.0,10312.5,16.0,91.0,18750.0,206.04395604395606,83.0,17.535353535353536,22,73.52525252525253,0.010101010101010102,99,263.0,11.0,107.0,0.14953271028037382,1717.2897196261683,0
PRV54917,15.0,109000.0,7266.666666666667,15.0,22.0,3450.0,156.8181818181818,22.0,17.194444444444443,22,75.22222222222223,0.027777777777777776,36,129.0,8.0,37.0,0.40540540540540543,3039.189189189189,0
PRV54918,71.0,833000.0,11732.394366197183,61.0,95.0,41860.0,440.63157894736844,80.0,17.294964028776977,22,75.14388489208633,0.02877697841726619,139,415.0,36.0,166.0,0.42771084337349397,5270.240963855422,1
PRV54919,4.0,28000.0,7000.0,4.0,174.0,38770.0,222.816091954023,152.0,17.696774193548386,22,75.35483870967742,0.012903225806451613,155,306.0,0.0,178.0,0.02247191011235955,375.1123595505618,0
PRV54923,0.0,0.0,0.0,0.0,79.0,30400.0,384.8101265822785,57.0,17.50877192982456,22,71.05263157894737,0.0,57,149.0,0.0,79.0,0.0,384.8101265822785,0
PRV54924,21.0,235000.0,11190.47619047619,19.0,152.0,44220.0,290.92105263157896,130.0,17.493055555555557,22,75.23611111111111,0.013888888888888888,144,360.0,19.0,173.0,0.12138728323699421,1613.9884393063585,0
PRV54925,39.0,456000.0,11692.307692307691,33.0,83.0,22870.0,275.5421686746988,67.0,17.45360824742268,22,73.0721649484536,0.0,97,342.0,21.0,122.0,0.319672131147541,3925.1639344262294,1
PRV54926,8.0,76000.0,9500.0,8.0,39.0,9620.0,246.66666666666666,38.0,17.444444444444443,22,68.68888888888888,0.0,45,136.0,6.0,47.0,0.1702127659574468,1821.7021276595744,0
PRV54927,0.0,0.0,0.0,0.0,102.0,22600.0,221.5686274509804,94.0,17.595744680851062,22,75.2872340425532,0.02127659574468085,94,185.0,0.0,102.0,0.0,221.5686274509804,0
PRV54929,15.0,192000.0,12800.0,15.0,11.0,5630.0,511.8181818181818,11.0,16.653846153846153,22,73.84615384615384,0.0,26,130.0,9.0,26.0,0.5769230769230769,7601.153846153846,1
PRV54930,5.0,26000.0,5200.0,5.0,206.0,67570.0,328.00970873786406,181.0,17.661290322580644,22,74.11827956989248,0.016129032258064516,186,395.0,4.0,211.0,0.023696682464454975,443.45971563981044,0
PRV54931,24.0,242000.0,10083.333333333334,22.0,28.0,6540.0,233.57142857142858,28.0,16.6,22,75.3,0.06,50,181.0,17.0,52.0,0.46153846153846156,4779.615384615385,1
PRV54932,1.0,2000.0,2000.0,1.0,58.0,19160.0,330.3448275862069,58.0,16.796610169491526,22,73.30508474576271,0.01694915254237288,59,135.0,1.0,59.0,0.01694915254237288,358.64406779661016,0
PRV54933,29.0,267000.0,9206.896551724138,23.0,35.0,6200.0,177.14285714285714,32.0,17.056603773584907,22,71.47169811320755,0.018867924528301886,53,213.0,24.0,64.0,0.453125,4268.75,1
PRV54934,18.0,170000.0,9444.444444444445,15.0,53.0,8930.0,168.49056603773585,44.0,17.54385964912281,22,73.78947368421052,0.017543859649122806,57,214.0,13.0,71.0,0.2535211267605634,2520.1408450704225,0
PRV54935,3.0,3000.0,1000.0,3.0,86.0,20250.0,235.46511627906978,74.0,18.01298701298701,22,73.3896103896104,0.0,77,188.0,3.0,89.0,0.033707865168539325,261.23595505617976,0
PRV54936,131.0,1116400.0,8522.137404580153,120.0,90.0,23330.0,259.22222222222223,90.0,16.952153110047846,22,73.02870813397129,0.023923444976076555,209,545.0,63.0,221.0,0.5927601809954751,5157.149321266968,1
PRV54937,3.0,25000.0,8333.333333333334,3.0,33.0,11260.0,341.2121212121212,33.0,17.25,22,69.75,0.0,36,108.0,2.0,36.0,0.08333333333333333,1007.2222222222222,0
PRV54938,0.0,0.0,0.0,0.0,86.0,25530.0,296.86046511627904,86.0,17.325581395348838,22,74.13953488372093,0.023255813953488372,86,181.0,0.0,86.0,0.0,296.86046511627904,0
PRV54939,0.0,0.0,0.0,0.0,1380.0,407800.0,295.5072463768116,1163.0,17.610490111779878,22,74.10318142734307,0.006878761822871883,1163,1436.0,0.0,1380.0,0.0,295.5072463768116,1
PRV54941,0.0,0.0,0.0,0.0,18.0,4990.0,277.22222222222223,18.0,16.88888888888889,20,72.66666666666667,0.0,18,38.0,0.0,18.0,0.0,277.22222222222223,0
PRV54942,20.0,338000.0,16900.0,18.0,110.0,27970.0,254.27272727272728,102.0,17.210084033613445,22,76.26050420168067,0.0,119,299.0,9.0,130.0,0.15384615384615385,2815.153846153846,1
PRV54943,2.0,18000.0,9000.0,2.0,21.0,5450.0,259.5238095238095,19.0,18.19047619047619,21,68.19047619047619,0.0,21,63.0,1.0,23.0,0.08695652173913043,1019.5652173913044,0
PRV54944,0.0,0.0,0.0,0.0,120.0,38620.0,321.8333333333333,115.0,17.652173913043477,22,74.4695652173913,0.008695652173913044,115,214.0,0.0,120.0,0.0,321.8333333333333,0
PRV54945,0.0,0.0,0.0,0.0,37.0,5950.0,160.8108108108108,36.0,18.11111111111111,22,71.91666666666667,0.0,36,87.0,0.0,37.0,0.0,160.8108108108108,0
PRV54946,0.0,0.0,0.0,0.0,91.0,33740.0,370.7692307692308,91.0,17.747252747252748,22,72.8021978021978,0.02197802197802198,91,171.0,0.0,91.0,0.0,370.7692307692308,0
PRV54947,0.0,0.0,0.0,0.0,26.0,7630.0,293.46153846153845,24.0,18.333333333333332,22,75.08333333333333,0.0,24,50.0,0.0,26.0,0.0,293.46153846153845,0
PRV54949,42.0,420000.0,10000.0,35.0,370.0,105140.0,284.1621621621622,345.0,17.488,22,74.22133333333333,0.021333333333333333,375,715.0,25.0,412.0,0.10194174757281553,1274.611650485437,0
PRV54950,5.0,71000.0,14200.0,5.0,13.0,4400.0,338.46153846153845,13.0,17.22222222222222,22,77.72222222222223,0.0,18,66.0,5.0,18.0,0.2777777777777778,4188.888888888889,1
PRV54952,12.0,142000.0,11833.333333333334,12.0,137.0,39650.0,289.4160583941606,136.0,16.98639455782313,22,74.70748299319727,0.006802721088435374,147,314.0,6.0,149.0,0.08053691275167785,1219.1275167785234,1
PRV54953,0.0,0.0,0.0,0.0,102.0,28200.0,276.47058823529414,84.0,16.726190476190474,22,73.10714285714286,0.0,84,214.0,0.0,102.0,0.0,276.47058823529414,0
PRV54954,0.0,0.0,0.0,0.0,71.0,18080.0,254.64788732394365,71.0,17.774647887323944,22,73.50704225352112,0.0,71,137.0,0.0,71.0,0.0,254.64788732394365,0
PRV54955,205.0,2098000.0,10234.146341463415,191.0,109.0,36890.0,338.4403669724771,109.0,16.883333333333333,22,74.22,0.006666666666666667,300,691.0,85.0,314.0,0.6528662420382165,6799.012738853503,1
PRV54959,7.0,57000.0,8142.857142857143,6.0,88.0,29510.0,335.34090909090907,86.0,17.565217391304348,22,73.16304347826087,0.010869565217391304,92,233.0,8.0,95.0,0.07368421052631578,910.6315789473684,0
PRV54960,0.0,0.0,0.0,0.0,193.0,51400.0,266.32124352331607,187.0,17.513368983957218,22,76.07486631016043,0.016042780748663103,187,340.0,0.0,193.0,0.0,266.32124352331607,0
PRV54963,1.0,13000.0,13000.0,1.0,66.0,16770.0,254.0909090909091,66.0,18.074626865671643,22,73.83582089552239,0.0,67,154.0,1.0,67.0,0.014925373134328358,444.32835820895525,0
PRV54965,9.0,120000.0,13333.333333333334,9.0,98.0,31480.0,321.2244897959184,96.0,17.419047619047618,22,75.38095238095238,0.01904761904761905,105,253.0,6.0,107.0,0.08411214953271028,1415.7009345794393,0
PRV54966,0.0,0.0,0.0,0.0,1796.0,502010.0,279.51559020044544,1289.0,17.591931730023273,22,74.24903025601242,0.009309542280837859,1289,1660.0,1.0,1796.0,0.0,279.51559020044544,1
PRV54967,0.0,0.0,0.0,0.0,51.0,21920.0,429.80392156862746,51.0,17.568627450980394,22,74.33333333333333,0.058823529411764705,51,115.0,0.0,51.0,0.0,429.80392156862746,0
PRV54968,10.0,112000.0,11200.0,8.0,39.0,15820.0,405.64102564102564,34.0,17.317073170731707,22,69.95121951219512,0.0,41,148.0,6.0,49.0,0.20408163265306123,2608.5714285714284,0
PRV54970,6.0,34000.0,5666.666666666667,6.0,227.0,72170.0,317.9295154185022,176.0,17.85,22,73.38333333333334,0.0,180,402.0,3.0,233.0,0.02575107296137339,455.6652360515021,0
PRV54971,52.0,452000.0,8692.307692307691,43.0,377.0,89030.0,236.15384615384616,169.0,17.835978835978835,22,72.51322751322752,0.005291005291005291,189,690.0,33.0,429.0,0.12121212121212122,1261.1421911421912,0
PRV54972,0.0,0.0,0.0,0.0,62.0,16950.0,273.38709677419354,56.0,17.571428571428573,22,74.66071428571429,0.0,56,133.0,0.0,62.0,0.0,273.38709677419354,0
PRV54973,9.0,43000.0,4777.777777777777,9.0,120.0,25880.0,215.66666666666666,116.0,17.552845528455286,22,76.91056910569105,0.0,123,270.0,6.0,129.0,0.06976744186046512,533.953488372093,0
PRV54975,0.0,0.0,0.0,0.0,132.0,36460.0,276.2121212121212,122.0,17.15573770491803,22,74.8360655737705,0.0,122,255.0,0.0,132.0,0.0,276.2121212121212,0
PRV54976,0.0,0.0,0.0,0.0,55.0,19940.0,362.54545454545456,53.0,17.660377358490567,22,75.11320754716981,0.0,53,110.0,0.0,55.0,0.0,362.54545454545456,0
PRV54977,5.0,78000.0,15600.0,5.0,48.0,11140.0,232.08333333333334,36.0,17.073170731707318,21,75.07317073170732,0.0,41,115.0,2.0,53.0,0.09433962264150944,1681.8867924528302,0
PRV54978,0.0,0.0,0.0,0.0,265.0,86760.0,327.39622641509436,126.0,17.738095238095237,22,74.5,0.007936507936507936,126,422.0,0.0,265.0,0.0,327.39622641509436,0
PRV54981,81.0,813000.0,10037.037037037036,76.0,14.0,3730.0,266.42857142857144,14.0,16.544444444444444,22,75.0,0.011111111111111112,90,343.0,50.0,95.0,0.8526315789473684,8597.157894736842,0
PRV54982,0.0,0.0,0.0,0.0,37.0,11860.0,320.5405405405405,33.0,17.181818181818183,22,76.15151515151516,0.030303030303030304,33,92.0,0.0,37.0,0.0,320.5405405405405,0
PRV54983,0.0,0.0,0.0,0.0,126.0,42140.0,334.44444444444446,116.0,17.396551724137932,22,72.59482758620689,0.0,116,243.0,0.0,126.0,0.0,334.44444444444446,0
PRV54985,0.0,0.0,0.0,0.0,223.0,63340.0,284.0358744394619,203.0,17.48768472906404,22,75.08374384236453,0.0,203,368.0,0.0,223.0,0.0,284.0358744394619,0
PRV54986,153.0,1538300.0,10054.248366013071,148.0,465.0,155110.0,333.5698924731183,403.0,17.30627306273063,22,72.82841328413284,0.00922509225092251,542,976.0,80.0,618.0,0.24757281553398058,2740.145631067961,1
PRV54988,0.0,0.0,0.0,0.0,41.0,14310.0,349.0243902439024,41.0,18.585365853658537,22,70.82926829268293,0.024390243902439025,41,100.0,0.0,41.0,0.0,349.0243902439024,0
PRV54990,4.0,43000.0,10750.0,4.0,16.0,3600.0,225.0,16.0,16.85,21,74.8,0.0,20,70.0,2.0,20.0,0.2,2330.0,0
PRV54991,0.0,0.0,0.0,0.0,130.0,21180.0,162.92307692307693,125.0,17.504,22,74.216,0.0,125,211.0,0.0,130.0,0.0,162.92307692307693,0
PRV54992,0.0,0.0,0.0,0.0,18.0,11710.0,650.5555555555555,17.0,17.352941176470587,21,72.05882352941177,0.0,17,39.0,0.0,18.0,0.0,650.5555555555555,0
PRV54993,8.0,173800.0,21725.0,8.0,45.0,12120.0,269.3333333333333,40.0,16.958333333333332,22,72.4375,0.020833333333333332,48,134.0,8.0,53.0,0.1509433962264151,3507.9245283018868,0
PRV54995,0.0,0.0,0.0,0.0,16.0,6060.0,378.75,16.0,17.5625,21,77.125,0.0,16,35.0,0.0,16.0,0.0,378.75,0
PRV54997,5.0,32000.0,6400.0,5.0,29.0,7770.0,267.9310344827586,20.0,18.363636363636363,21,76.36363636363636,0.0,22,96.0,3.0,34.0,0.14705882352941177,1169.7058823529412,0
PRV54998,59.0,530000.0,8983.050847457627,51.0,148.0,33540.0,226.6216216216216,83.0,17.323076923076922,22,75.20769230769231,0.007692307692307693,130,467.0,30.0,207.0,0.28502415458937197,2722.415458937198,1
PRV54999,3.0,40000.0,13333.333333333334,3.0,7.0,940.0,134.28571428571428,7.0,19.2,22,75.6,0.0,10,38.0,2.0,10.0,0.3,4094.0,0
PRV55000,86.0,979300.0,11387.209302325582,85.0,678.0,186720.0,275.39823008849555,626.0,17.63790664780764,22,74.22206506364923,0.009900990099009901,707,1059.0,49.0,764.0,0.112565445026178,1526.2041884816754,0
PRV55001,0.0,0.0,0.0,0.0,158.0,41400.0,262.0253164556962,153.0,17.77124183006536,22,73.41830065359477,0.013071895424836602,153,274.0,0.0,158.0,0.0,262.0253164556962,0
PRV55002,0.0,0.0,0.0,0.0,100.0,27060.0,270.6,93.0,17.322580645161292,22,71.7741935483871,0.0,93,181.0,0.0,100.0,0.0,270.6,0
PRV55003,5.0,55800.0,11160.0,5.0,71.0,22050.0,310.5633802816901,68.0,17.78082191780822,22,75.21917808219177,0.0,73,182.0,4.0,76.0,0.06578947368421052,1024.342105263158,0
PRV55004,3.0,38000.0,12666.666666666666,3.0,2396.0,665610.0,277.8005008347245,989.0,17.808467741935484,22,73.81149193548387,0.009072580645161291,992,2069.0,7.0,2399.0,0.0012505210504376823,293.29303876615256,1
PRV55005,56.0,500000.0,8928.57142857143,56.0,74.0,16780.0,226.75675675675674,72.0,17.0859375,22,74.9765625,0.0078125,128,367.0,27.0,130.0,0.4307692307692308,3975.230769230769,0
PRV55006,3.0,19000.0,6333.333333333333,3.0,38.0,18250.0,480.2631578947368,38.0,17.4390243902439,21,72.14634146341463,0.0,41,91.0,1.0,41.0,0.07317073170731707,908.5365853658536,0
PRV55007,0.0,0.0,0.0,0.0,14.0,3330.0,237.85714285714286,13.0,17.615384615384617,22,77.53846153846153,0.0,13,37.0,0.0,14.0,0.0,237.85714285714286,0
PRV55010,0.0,0.0,0.0,0.0,289.0,66400.0,229.75778546712803,143.0,17.867132867132867,22,75.33566433566433,0.013986013986013986,143,463.0,0.0,289.0,0.0,229.75778546712803,1
PRV55011,0.0,0.0,0.0,0.0,56.0,13750.0,245.53571428571428,54.0,17.666666666666668,22,74.53703703703704,0.0,54,115.0,0.0,56.0,0.0,245.53571428571428,0
PRV55012,0.0,0.0,0.0,0.0,73.0,19800.0,271.2328767123288,69.0,18.043478260869566,22,74.71014492753623,0.014492753623188406,69,136.0,0.0,73.0,0.0,271.2328767123288,0
PRV55013,0.0,0.0,0.0,0.0,83.0,17800.0,214.4578313253012,78.0,17.166666666666668,22,72.73076923076923,0.0,78,164.0,0.0,83.0,0.0,214.4578313253012,0
PRV55016,0.0,0.0,0.0,0.0,146.0,38140.0,261.2328767123288,86.0,17.74418604651163,21,73.96511627906976,0.0,86,277.0,0.0,146.0,0.0,261.2328767123288,0
PRV55018,63.0,612000.0,9714.285714285714,60.0,12.0,3940.0,328.3333333333333,12.0,16.73611111111111,22,74.84722222222223,0.0,72,311.0,41.0,75.0,0.84,8212.533333333333,1
PRV55019,158.0,1828300.0,11571.518987341773,133.0,127.0,28720.0,226.14173228346456,101.0,17.235294117647058,22,73.75113122171946,0.0,221,633.0,81.0,285.0,0.5543859649122806,6515.859649122807,1
PRV55022,76.0,705000.0,9276.315789473685,67.0,61.0,11850.0,194.2622950819672,59.0,17.016260162601625,22,75.63414634146342,0.008130081300813009,123,424.0,38.0,137.0,0.5547445255474452,5232.481751824817,1
PRV55023,34.0,408000.0,12000.0,29.0,30.0,12150.0,405.0,28.0,16.96153846153846,22,73.15384615384616,0.0,52,229.0,23.0,64.0,0.53125,6564.84375,0
PRV55024,3.0,18000.0,6000.0,3.0,43.0,14980.0,348.3720930232558,42.0,16.711111111111112,21,73.42222222222222,0.0,45,116.0,2.0,46.0,0.06521739130434782,716.9565217391304,0
PRV55026,0.0,0.0,0.0,0.0,272.0,76910.0,282.75735294117646,239.0,17.573221757322177,22,73.59414225941423,0.008368200836820083,239,468.0,0.0,272.0,0.0,282.75735294117646,0
PRV55027,13.0,152000.0,11692.307692307691,13.0,143.0,39990.0,279.65034965034965,134.0,17.448979591836736,22,74.95238095238095,0.013605442176870748,147,315.0,9.0,156.0,0.08333333333333333,1230.7051282051282,1
PRV55028,20.0,198800.0,9940.0,17.0,203.0,42990.0,211.77339901477833,82.0,18.103448275862068,22,74.80459770114942,0.0,87,400.0,13.0,223.0,0.08968609865470852,1084.2600896860986,0
PRV55029,14.0,135000.0,9642.857142857143,14.0,241.0,89000.0,369.29460580912865,195.0,17.406698564593302,22,73.58373205741627,0.0,209,436.0,9.0,255.0,0.054901960784313725,878.4313725490196,0
PRV55030,73.0,725000.0,9931.506849315068,56.0,238.0,57900.0,243.27731092436974,190.0,17.401673640167363,22,73.82426778242677,0.008368200836820083,239,593.0,35.0,311.0,0.2347266881028939,2517.363344051447,1
PRV55031,4.0,41000.0,10250.0,4.0,28.0,4300.0,153.57142857142858,26.0,17.9,22,71.46666666666667,0.0,30,86.0,3.0,32.0,0.125,1415.625,0
PRV55032,1.0,5000.0,5000.0,1.0,35.0,15340.0,438.2857142857143,35.0,17.72222222222222,22,76.13888888888889,0.027777777777777776,36,83.0,0.0,36.0,0.027777777777777776,565.0,0
PRV55034,26.0,277400.0,10669.23076923077,25.0,586.0,158380.0,270.2730375426621,452.0,17.71244635193133,22,73.77682403433477,0.008583690987124463,466,864.0,24.0,612.0,0.042483660130718956,712.0588235294117,1
PRV55035,0.0,0.0,0.0,0.0,14.0,3860.0,275.7142857142857,14.0,16.928571428571427,20,76.71428571428571,0.07142857142857142,14,42.0,0.0,14.0,0.0,275.7142857142857,0
PRV55036,0.0,0.0,0.0,0.0,64.0,14760.0,230.625,63.0,17.666666666666668,22,75.9047619047619,0.015873015873015872,63,128.0,0.0,64.0,0.0,230.625,0
PRV55037,11.0,116000.0,10545.454545454546,11.0,638.0,197660.0,309.8119122257053,437.0,18.004464285714285,22,72.97767857142857,0.002232142857142857,448,896.0,8.0,649.0,0.01694915254237288,483.2973805855162,0
PRV55038,0.0,0.0,0.0,0.0,15.0,4230.0,282.0,15.0,18.2,21,68.8,0.0,15,48.0,0.0,15.0,0.0,282.0,0
PRV55039,31.0,257000.0,8290.322580645161,30.0,2027.0,559200.0,275.8756783423779,638.0,17.834621329211746,22,73.9644513137558,0.0061823802163833074,647,1917.0,21.0,2058.0,0.015063168124392614,396.5986394557823,1
PRV55040,0.0,0.0,0.0,0.0,6.0,6630.0,1105.0,6.0,17.5,21,79.66666666666667,0.16666666666666666,6,17.0,0.0,6.0,0.0,1105.0,0
PRV55041,5.0,58000.0,11600.0,5.0,16.0,5880.0,367.5,15.0,16.5,22,74.45,0.0,20,70.0,0.0,21.0,0.23809523809523808,3041.904761904762,0
PRV55042,8.0,84200.0,10525.0,7.0,116.0,42100.0,362.9310344827586,104.0,17.40909090909091,22,73.4,0.0,110,276.0,7.0,124.0,0.06451612903225806,1018.5483870967741,0
PRV55043,0.0,0.0,0.0,0.0,119.0,35450.0,297.89915966386553,114.0,17.412280701754387,22,75.06140350877193,0.02631578947368421,114,219.0,0.0,119.0,0.0,297.89915966386553,0
PRV55044,0.0,0.0,0.0,0.0,9.0,1070.0,118.88888888888889,9.0,16.77777777777778,21,81.77777777777777,0.0,9,30.0,0.0,9.0,0.0,118.88888888888889,0
PRV55045,0.0,0.0,0.0,0.0,66.0,27630.0,418.6363636363636,65.0,17.584615384615386,22,74.70769230769231,0.015384615384615385,65,135.0,0.0,66.0,0.0,418.6363636363636,0
PRV55048,82.0,865000.0,10548.780487804877,76.0,12.0,1240.0,103.33333333333333,12.0,16.295454545454547,21,73.60227272727273,0.0,88,334.0,53.0,94.0,0.8723404255319149,9215.31914893617,1
PRV55049,75.0,686000.0,9146.666666666666,70.0,73.0,39150.0,536.3013698630137,47.0,17.025641025641026,22,74.53846153846153,0.0,117,411.0,52.0,148.0,0.5067567567567568,4899.6621621621625,1
PRV55050,0.0,0.0,0.0,0.0,183.0,49610.0,271.09289617486337,137.0,17.423357664233578,22,74.64233576642336,0.0072992700729927005,137,332.0,0.0,183.0,0.0,271.09289617486337,0
PRV55051,7.0,60000.0,8571.42857142857,7.0,0.0,0.0,0.0,0.0,15.714285714285714,18,75.42857142857143,0.0,7,57.0,6.0,7.0,1.0,8571.42857142857,0
PRV55052,0.0,0.0,0.0,0.0,49.0,8480.0,173.0612244897959,31.0,18.35483870967742,22,74.06451612903226,0.0,31,105.0,0.0,49.0,0.0,173.0612244897959,0
PRV55053,0.0,0.0,0.0,0.0,54.0,13340.0,247.03703703703704,29.0,17.93103448275862,22,74.3103448275862,0.06896551724137931,29,90.0,0.0,54.0,0.0,247.03703703703704,0
PRV55054,0.0,0.0,0.0,0.0,69.0,12650.0,183.33333333333334,59.0,17.74576271186441,22,74.49152542372882,0.0,59,144.0,0.0,69.0,0.0,183.33333333333334,0
PRV55056,0.0,0.0,0.0,0.0,100.0,40290.0,402.9,91.0,17.054945054945055,22,75.41758241758242,0.01098901098901099,91,210.0,0.0,100.0,0.0,402.9,0
PRV55057,0.0,0.0,0.0,0.0,347.0,94560.0,272.507204610951,146.0,17.801369863013697,22,73.72602739726027,0.00684931506849315,146,532.0,0.0,347.0,0.0,272.507204610951,1
PRV55058,0.0,0.0,0.0,0.0,227.0,63470.0,279.6035242290749,164.0,17.713414634146343,22,74.2439024390244,0.0,164,376.0,0.0,227.0,0.0,279.6035242290749,0
PRV55059,0.0,0.0,0.0,0.0,153.0,51910.0,339.281045751634,84.0,17.642857142857142,22,73.02380952380952,0.0,84,303.0,0.0,153.0,0.0,339.281045751634,0
PRV55061,0.0,0.0,0.0,0.0,95.0,24290.0,255.68421052631578,83.0,17.08433734939759,21,76.07228915662651,0.012048192771084338,83,204.0,0.0,95.0,0.0,255.68421052631578,0
PRV55062,0.0,0.0,0.0,0.0,29.0,7460.0,257.2413793103448,28.0,17.392857142857142,20,77.67857142857143,0.0,28,89.0,0.0,29.0,0.0,257.2413793103448,0
PRV55063,0.0,0.0,0.0,0.0,10.0,660.0,66.0,10.0,18.0,22,78.8,0.0,10,16.0,0.0,10.0,0.0,66.0,0
PRV55064,0.0,0.0,0.0,0.0,621.0,187750.0,302.33494363929145,380.0,17.689473684210526,22,73.33947368421053,0.010526315789473684,380,836.0,0.0,621.0,0.0,302.33494363929145,0
PRV55067,1.0,29000.0,29000.0,1.0,0.0,0.0,0.0,0.0,17.0,17,78.0,0.0,1,9.0,2.0,1.0,1.0,29000.0,0
PRV55068,0.0,0.0,0.0,0.0,6.0,2620.0,436.6666666666667,6.0,15.833333333333334,18,65.5,0.0,6,12.0,0.0,6.0,0.0,436.6666666666667,0
PRV55069,0.0,0.0,0.0,0.0,21.0,2050.0,97.61904761904762,20.0,17.25,21,71.7,0.0,20,38.0,0.0,21.0,0.0,97.61904761904762,0
PRV55070,0.0,0.0,0.0,0.0,20.0,3220.0,161.0,19.0,17.789473684210527,22,73.3157894736842,0.05263157894736842,19,51.0,0.0,20.0,0.0,161.0,0
PRV55071,0.0,0.0,0.0,0.0,70.0,25930.0,370.42857142857144,58.0,17.362068965517242,22,74.74137931034483,0.017241379310344827,58,140.0,0.0,70.0,0.0,370.42857142857144,0
PRV55072,0.0,0.0,0.0,0.0,48.0,9550.0,198.95833333333334,41.0,17.463414634146343,22,74.39024390243902,0.024390243902439025,41,77.0,0.0,48.0,0.0,198.95833333333334,0
PRV55073,0.0,0.0,0.0,0.0,18.0,6570.0,365.0,17.0,17.647058823529413,21,70.94117647058823,0.0,17,47.0,0.0,18.0,0.0,365.0,0
PRV55074,0.0,0.0,0.0,0.0,1.0,10.0,10.0,1.0,16.0,16,86.0,0.0,1,1.0,0.0,1.0,0.0,10.0,0
PRV55076,0.0,0.0,0.0,0.0,5.0,770.0,154.0,5.0,17.2,21,64.4,0.0,5,14.0,0.0,5.0,0.0,154.0,0
PRV55077,0.0,0.0,0.0,0.0,8.0,390.0,48.75,7.0,16.428571428571427,19,71.14285714285714,0.0,7,17.0,0.0,8.0,0.0,48.75,0
PRV55078,0.0,0.0,0.0,0.0,1.0,0.0,0.0,1.0,19.0,19,67.0,0.0,1,1.0,0.0,1.0,0.0,0.0,0
PRV55079,0.0,0.0,0.0,0.0,47.0,10940.0,232.7659574468085,46.0,17.652173913043477,22,74.45652173913044,0.0,46,111.0,0.0,47.0,0.0,232.7659574468085,0
PRV55080,0.0,0.0,0.0,0.0,8.0,4820.0,602.5,8.0,17.75,21,80.75,0.0,8,31.0,0.0,8.0,0.0,602.5,0
PRV55081,0.0,0.0,0.0,0.0,30.0,6950.0,231.66666666666666,28.0,18.0,22,71.39285714285714,0.0,28,61.0,0.0,30.0,0.0,231.66666666666666,0
PRV55083,0.0,0.0,0.0,0.0,196.0,50470.0,257.5,152.0,17.57894736842105,22,75.10526315789474,0.0,152,351.0,0.0,196.0,0.0,257.5,0
PRV55085,0.0,0.0,0.0,0.0,24.0,9180.0,382.5,22.0,17.545454545454547,22,75.5,0.0,22,71.0,0.0,24.0,0.0,382.5,0
PRV55086,0.0,0.0,0.0,0.0,78.0,14690.0,188.33333333333334,60.0,17.766666666666666,22,77.16666666666667,0.0,60,139.0,0.0,78.0,0.0,188.33333333333334,0
PRV55087,0.0,0.0,0.0,0.0,201.0,43770.0,217.76119402985074,154.0,17.551948051948052,22,73.7012987012987,0.0,154,368.0,0.0,201.0,0.0,217.76119402985074,0
PRV55088,0.0,0.0,0.0,0.0,31.0,15250.0,491.93548387096774,31.0,17.93548387096774,22,75.12903225806451,0.0,31,81.0,0.0,31.0,0.0,491.93548387096774,0
PRV55089,0.0,0.0,0.0,0.0,1.0,400.0,400.0,1.0,22.0,22,80.0,0.0,1,1.0,0.0,1.0,0.0,400.0,0
PRV55091,0.0,0.0,0.0,0.0,18.0,4750.0,263.8888888888889,18.0,17.38888888888889,22,67.77777777777777,0.0,18,49.0,0.0,18.0,0.0,263.8888888888889,0
PRV55092,0.0,0.0,0.0,0.0,8.0,660.0,82.5,8.0,17.5,20,75.625,0.0,8,33.0,0.0,8.0,0.0,82.5,0
PRV55093,0.0,0.0,0.0,0.0,19.0,3380.0,177.89473684210526,18.0,17.61111111111111,21,76.88888888888889,0.05555555555555555,18,53.0,0.0,19.0,0.0,177.89473684210526,0
PRV55094,0.0,0.0,0.0,0.0,19.0,17100.0,900.0,18.0,17.61111111111111,22,70.61111111111111,0.0,18,45.0,0.0,19.0,0.0,900.0,0
PRV55095,0.0,0.0,0.0,0.0,20.0,7520.0,376.0,20.0,16.6,20,78.7,0.0,20,41.0,0.0,20.0,0.0,376.0,0
PRV55096,0.0,0.0,0.0,0.0,27.0,5350.0,198.14814814814815,26.0,18.153846153846153,22,73.5,0.038461538461538464,26,52.0,0.0,27.0,0.0,198.14814814814815,0
PRV55097,0.0,0.0,0.0,0.0,4.0,720.0,180.0,4.0,17.0,21,81.5,0.0,4,6.0,0.0,4.0,0.0,180.0,0
PRV55098,0.0,0.0,0.0,0.0,27.0,6970.0,258.14814814814815,17.0,18.0,22,71.88235294117646,0.0,17,55.0,0.0,27.0,0.0,258.14814814814815,0
PRV55099,0.0,0.0,0.0,0.0,97.0,24200.0,249.48453608247422,54.0,17.814814814814813,22,75.31481481481481,0.0,54,207.0,0.0,97.0,0.0,249.48453608247422,0
PRV55103,0.0,0.0,0.0,0.0,78.0,15100.0,193.5897435897436,74.0,17.62162162162162,22,75.22972972972973,0.013513513513513514,74,166.0,0.0,78.0,0.0,193.5897435897436,0
PRV55104,0.0,0.0,0.0,0.0,52.0,14880.0,286.15384615384613,46.0,16.652173913043477,22,73.26086956521739,0.0,46,113.0,0.0,52.0,0.0,286.15384615384613,0
PRV55106,0.0,0.0,0.0,0.0,5.0,3870.0,774.0,5.0,16.6,19,73.6,0.0,5,12.0,0.0,5.0,0.0,774.0,0
PRV55108,0.0,0.0,0.0,0.0,223.0,63340.0,284.0358744394619,152.0,17.539473684210527,22,73.70394736842105,0.019736842105263157,152,355.0,0.0,223.0,0.0,284.0358744394619,0
PRV55110,0.0,0.0,0.0,0.0,40.0,9960.0,249.0,23.0,17.26086956521739,22,74.56521739130434,0.0,23,82.0,0.0,40.0,0.0,249.0,0
PRV55111,0.0,0.0,0.0,0.0,29.0,4070.0,140.3448275862069,25.0,16.88,22,73.04,0.0,25,83.0,0.0,29.0,0.0,140.3448275862069,0
PRV55112,0.0,0.0,0.0,0.0,32.0,5750.0,179.6875,31.0,17.64516129032258,22,75.25806451612904,0.0,31,74.0,0.0,32.0,0.0,179.6875,0
PRV55114,0.0,0.0,0.0,0.0,13.0,4480.0,344.61538461538464,13.0,17.23076923076923,22,76.07692307692308,0.0,13,36.0,0.0,13.0,0.0,344.61538461538464,0
PRV55116,0.0,0.0,0.0,0.0,284.0,81920.0,288.4507042253521,143.0,17.916083916083917,22,76.54545454545455,0.006993006993006993,143,478.0,0.0,284.0,0.0,288.4507042253521,0
PRV55117,0.0,0.0,0.0,0.0,4.0,800.0,200.0,4.0,18.25,20,66.75,0.0,4,9.0,0.0,4.0,0.0,200.0,0
PRV55118,2.0,10000.0,5000.0,2.0,3.0,600.0,200.0,3.0,16.4,19,65.4,0.0,5,26.0,1.0,5.0,0.4,2120.0,0
PRV55120,8.0,58000.0,7250.0,8.0,1.0,200.0,200.0,1.0,16.555555555555557,19,78.66666666666667,0.0,9,55.0,5.0,9.0,0.8888888888888888,6466.666666666667,0
PRV55121,20.0,173070.0,8653.5,20.0,0.0,0.0,0.0,0.0,15.95,18,69.65,0.0,20,116.0,10.0,20.0,1.0,8653.5,0
PRV55122,1.0,5000.0,5000.0,1.0,0.0,0.0,0.0,0.0,17.0,17,82.0,0.0,1,6.0,0.0,1.0,1.0,5000.0,0
PRV55123,0.0,0.0,0.0,0.0,2.0,90.0,45.0,2.0,20.0,20,77.5,0.0,2,2.0,0.0,2.0,0.0,45.0,0
PRV55124,9.0,152000.0,16888.88888888889,8.0,0.0,0.0,0.0,0.0,16.125,20,79.375,0.0,8,69.0,9.0,9.0,1.0,16888.88888888889,0
PRV55126,2.0,13000.0,6500.0,2.0,0.0,0.0,0.0,0.0,14.5,15,70.0,0.0,2,18.0,2.0,2.0,1.0,6500.0,0
PRV55128,8.0,111000.0,13875.0,8.0,0.0,0.0,0.0,0.0,15.375,19,81.75,0.0,8,55.0,7.0,8.0,1.0,13875.0,0
PRV55129,1.0,10000.0,10000.0,1.0,2.0,600.0,300.0,2.0,18.666666666666668,20,75.33333333333333,0.0,3,12.0,1.0,3.0,0.3333333333333333,3533.3333333333335,0
PRV55130,3.0,28000.0,9333.333333333334,3.0,0.0,0.0,0.0,0.0,18.0,20,63.333333333333336,0.0,3,23.0,5.0,3.0,1.0,9333.333333333334,0
PRV55131,2.0,47000.0,23500.0,2.0,0.0,0.0,0.0,0.0,17.5,18,82.0,0.0,2,11.0,2.0,2.0,1.0,23500.0,0
PRV55132,10.0,108000.0,10800.0,10.0,0.0,0.0,0.0,0.0,16.0,19,71.2,0.1,10,62.0,7.0,10.0,1.0,10800.0,0
PRV55133,2.0,50000.0,25000.0,2.0,0.0,0.0,0.0,0.0,16.5,18,78.0,0.0,2,16.0,2.0,2.0,1.0,25000.0,0
PRV55134,1.0,11000.0,11000.0,1.0,0.0,0.0,0.0,0.0,16.0,16,85.0,0.0,1,9.0,1.0,1.0,1.0,11000.0,0
PRV55135,3.0,25000.0,8333.333333333334,3.0,0.0,0.0,0.0,0.0,17.666666666666668,21,58.333333333333336,0.0,3,22.0,2.0,3.0,1.0,8333.333333333334,0
PRV55136,8.0,102000.0,12750.0,8.0,0.0,0.0,0.0,0.0,16.875,20,73.875,0.125,8,59.0,6.0,8.0,1.0,12750.0,0
PRV55137,2.0,38000.0,19000.0,2.0,0.0,0.0,0.0,0.0,16.0,17,77.5,0.0,2,14.0,1.0,2.0,1.0,19000.0,0
PRV55138,3.0,25000.0,8333.333333333334,3.0,0.0,0.0,0.0,0.0,14.666666666666666,18,84.0,0.0,3,25.0,2.0,3.0,1.0,8333.333333333334,0
PRV55140,9.0,85000.0,9444.444444444445,9.0,0.0,0.0,0.0,0.0,16.333333333333332,20,68.11111111111111,0.0,9,52.0,6.0,9.0,1.0,9444.444444444445,0
PRV55141,0.0,0.0,0.0,0.0,2.0,90.0,45.0,2.0,18.5,19,84.0,0.0,2,7.0,0.0,2.0,0.0,45.0,0
PRV55143,1.0,10000.0,10000.0,1.0,0.0,0.0,0.0,0.0,14.0,14,79.0,0.0,1,10.0,0.0,1.0,1.0,10000.0,0
PRV55144,2.0,41000.0,20500.0,2.0,0.0,0.0,0.0,0.0,16.5,17,61.0,0.0,2,17.0,1.0,2.0,1.0,20500.0,0
PRV55145,14.0,143000.0,10214.285714285714,14.0,0.0,0.0,0.0,0.0,16.928571428571427,20,71.64285714285714,0.0,14,95.0,9.0,14.0,1.0,10214.285714285714,0
PRV55146,1.0,6000.0,6000.0,1.0,0.0,0.0,0.0,0.0,13.0,13,72.0,0.0,1,9.0,1.0,1.0,1.0,6000.0,0
PRV55147,6.0,112200.0,18700.0,6.0,0.0,0.0,0.0,0.0,16.5,19,75.33333333333333,0.0,6,46.0,4.0,6.0,1.0,18700.0,1
PRV55148,1.0,7000.0,7000.0,1.0,0.0,0.0,0.0,0.0,16.0,16,84.0,0.0,1,9.0,1.0,1.0,1.0,7000.0,0
PRV55149,16.0,145000.0,9062.5,16.0,0.0,0.0,0.0,0.0,16.125,22,77.25,0.0,16,100.0,8.0,16.0,1.0,9062.5,0
PRV55150,4.0,19000.0,4750.0,4.0,2.0,100.0,50.0,2.0,15.833333333333334,18,75.16666666666667,0.0,6,37.0,1.0,6.0,0.6666666666666666,3183.3333333333335,0
PRV55151,1.0,10000.0,10000.0,1.0,0.0,0.0,0.0,0.0,19.0,19,63.0,0.0,1,4.0,0.0,1.0,1.0,10000.0,0
PRV55152,10.0,78300.0,7830.0,10.0,0.0,0.0,0.0,0.0,16.7,21,74.4,0.0,10,65.0,2.0,10.0,1.0,7830.0,0
PRV55154,0.0,0.0,0.0,0.0,1.0,900.0,900.0,1.0,19.0,19,80.0,0.0,1,2.0,0.0,1.0,0.0,900.0,0
PRV55155,9.0,68000.0,7555.555555555556,9.0,0.0,0.0,0.0,0.0,17.444444444444443,21,69.22222222222223,0.0,9,57.0,4.0,9.0,1.0,7555.555555555556,0
PRV55156,1.0,6000.0,6000.0,1.0,0.0,0.0,0.0,0.0,21.0,21,69.0,0.0,1,9.0,1.0,1.0,1.0,6000.0,0
PRV55157,3.0,16000.0,5333.333333333333,3.0,0.0,0.0,0.0,0.0,16.0,17,78.66666666666667,0.0,3,25.0,2.0,3.0,1.0,5333.333333333333,0
PRV55158,29.0,337000.0,11620.689655172413,28.0,669.0,171210.0,255.91928251121075,509.0,17.47940074906367,22,73.97378277153558,0.011235955056179775,534,973.0,19.0,698.0,0.04154727793696275,728.0945558739255,0
PRV55160,10.0,120000.0,12000.0,10.0,0.0,0.0,0.0,0.0,15.8,20,68.0,0.0,10,68.0,11.0,10.0,1.0,12000.0,0
PRV55161,2.0,28000.0,14000.0,2.0,0.0,0.0,0.0,0.0,17.5,20,69.0,0.0,2,17.0,1.0,2.0,1.0,14000.0,0
PRV55163,1.0,13000.0,13000.0,1.0,586.0,155750.0,265.7849829351536,365.0,17.745205479452054,22,73.51780821917808,0.0027397260273972603,365,815.0,1.0,587.0,0.0017035775127768314,287.4787052810903,1
PRV55164,17.0,205000.0,12058.823529411764,16.0,137.0,34760.0,253.72262773722628,98.0,17.8141592920354,22,71.69911504424779,0.017699115044247787,113,310.0,13.0,154.0,0.11038961038961038,1556.8831168831168,0
PRV55165,30.0,282000.0,9400.0,28.0,211.0,47870.0,226.87203791469193,202.0,17.390350877192983,22,72.34210526315789,0.008771929824561403,228,460.0,19.0,241.0,0.12448132780082988,1368.7551867219918,1
PRV55166,0.0,0.0,0.0,0.0,72.0,19740.0,274.1666666666667,70.0,17.4,22,69.31428571428572,0.014285714285714285,70,140.0,0.0,72.0,0.0,274.1666666666667,0
PRV55167,0.0,0.0,0.0,0.0,94.0,33300.0,354.25531914893617,80.0,17.6875,22,71.9375,0.0125,80,183.0,0.0,94.0,0.0,354.25531914893617,0
PRV55168,0.0,0.0,0.0,0.0,134.0,51960.0,387.76119402985074,82.0,18.085365853658537,22,73.57317073170732,0.036585365853658534,82,252.0,0.0,134.0,0.0,387.76119402985074,0
PRV55169,83.0,807800.0,9732.530120481928,79.0,638.0,203960.0,319.68652037617557,514.0,17.605128205128207,22,71.76923076923077,0.011965811965811967,585,1048.0,57.0,721.0,0.11511789181692095,1403.2732316227462,0
PRV55171,41.0,365000.0,8902.439024390244,34.0,206.0,42360.0,205.63106796116506,86.0,17.7,22,70.9,0.0,110,498.0,32.0,247.0,0.1659919028340081,1649.2307692307693,1
PRV55172,55.0,611000.0,11109.09090909091,48.0,59.0,116600.0,1976.2711864406779,56.0,17.214285714285715,22,73.4795918367347,0.0,98,344.0,26.0,114.0,0.4824561403508772,6382.456140350877,1
PRV55173,0.0,0.0,0.0,0.0,25.0,8350.0,334.0,24.0,17.041666666666668,22,74.16666666666667,0.0,24,51.0,0.0,25.0,0.0,334.0,0
PRV55175,23.0,191000.0,8304.347826086956,22.0,281.0,63600.0,226.33451957295372,247.0,17.61048689138577,22,73.52059925093633,0.00749063670411985,267,551.0,18.0,304.0,0.0756578947368421,837.5,0
PRV55176,1.0,6000.0,6000.0,1.0,19.0,2650.0,139.47368421052633,19.0,17.2,21,74.6,0.05,20,43.0,0.0,20.0,0.05,432.5,0
PRV55177,0.0,0.0,0.0,0.0,327.0,104420.0,319.3272171253823,286.0,17.62937062937063,22,73.61888111888112,0.01048951048951049,286,500.0,0.0,327.0,0.0,319.3272171253823,0
PRV55178,2.0,10000.0,5000.0,2.0,29.0,8510.0,293.44827586206895,27.0,17.448275862068964,22,73.44827586206897,0.034482758620689655,29,76.0,0.0,31.0,0.06451612903225806,597.0967741935484,0
PRV55179,16.0,151000.0,9437.5,16.0,58.0,27930.0,481.55172413793105,51.0,17.03030303030303,21,72.33333333333333,0.015151515151515152,66,195.0,14.0,74.0,0.21621621621621623,2417.972972972973,0
PRV55180,7.0,70000.0,10000.0,7.0,120.0,38440.0,320.3333333333333,105.0,17.071428571428573,22,72.67857142857143,0.008928571428571428,112,263.0,2.0,127.0,0.05511811023622047,853.8582677165355,0
PRV55181,35.0,334000.0,9542.857142857143,29.0,404.0,79360.0,196.43564356435644,310.0,17.487951807228917,22,72.68072289156626,0.015060240963855422,332,728.0,23.0,439.0,0.07972665148063782,941.5945330296128,0
PRV55182,0.0,0.0,0.0,0.0,102.0,25940.0,254.31372549019608,78.0,17.76923076923077,22,72.0,0.01282051282051282,78,215.0,0.0,102.0,0.0,254.31372549019608,0
PRV55183,21.0,239000.0,11380.952380952382,18.0,96.0,18750.0,195.3125,74.0,17.355555555555554,22,71.28888888888889,0.011111111111111112,90,275.0,15.0,117.0,0.1794871794871795,2202.991452991453,0
PRV55184,1.0,0.0,0.0,1.0,55.0,15760.0,286.54545454545456,44.0,17.666666666666668,22,71.44444444444444,0.0,45,115.0,1.0,56.0,0.017857142857142856,281.42857142857144,0
PRV55185,5.0,46000.0,9200.0,5.0,201.0,66170.0,329.2039800995025,68.0,17.785714285714285,22,70.64285714285714,0.02857142857142857,70,396.0,2.0,206.0,0.024271844660194174,544.5145631067961,0
PRV55187,0.0,0.0,0.0,0.0,125.0,29270.0,234.16,101.0,17.07920792079208,22,73.23762376237623,0.009900990099009901,101,236.0,0.0,125.0,0.0,234.16,0
PRV55188,4.0,35000.0,8750.0,3.0,203.0,38470.0,189.50738916256157,112.0,17.8125,22,73.1875,0.008928571428571428,112,356.0,6.0,207.0,0.01932367149758454,354.92753623188406,0
PRV55189,36.0,316000.0,8777.777777777777,35.0,97.0,23940.0,246.8041237113402,82.0,16.82608695652174,22,73.05217391304348,0.017391304347826087,115,357.0,22.0,133.0,0.2706766917293233,2555.93984962406,0
PRV55191,0.0,0.0,0.0,0.0,90.0,17290.0,192.11111111111111,87.0,17.17241379310345,22,72.51724137931035,0.011494252873563218,87,160.0,0.0,90.0,0.0,192.11111111111111,0
PRV55192,15.0,147100.0,9806.666666666666,15.0,238.0,71540.0,300.5882352941176,220.0,17.27777777777778,22,71.13675213675214,0.004273504273504274,234,440.0,10.0,253.0,0.05928853754940711,864.1897233201581,0
PRV55193,31.0,440000.0,14193.548387096775,25.0,13.0,4380.0,336.9230769230769,13.0,16.736842105263158,21,71.34210526315789,0.0,38,181.0,17.0,44.0,0.7045454545454546,10099.545454545454,1
PRV55194,169.0,1614000.0,9550.295857988165,139.0,252.0,86900.0,344.8412698412698,237.0,17.35326086956522,22,72.8695652173913,0.002717391304347826,368,781.0,80.0,421.0,0.4014251781472684,4040.142517814727,1
PRV55195,16.0,236000.0,14750.0,15.0,61.0,10730.0,175.9016393442623,55.0,17.246376811594203,22,70.57971014492753,0.0,69,195.0,10.0,77.0,0.2077922077922078,3204.285714285714,1
PRV55196,6.0,111000.0,18500.0,6.0,167.0,39790.0,238.26347305389223,147.0,17.647058823529413,22,72.39869281045752,0.0196078431372549,153,363.0,7.0,173.0,0.03468208092485549,871.6184971098265,0
PRV55197,0.0,0.0,0.0,0.0,73.0,24210.0,331.64383561643837,50.0,17.56,22,73.3,0.02,50,146.0,0.0,73.0,0.0,331.64383561643837,0
PRV55198,2.0,8000.0,4000.0,2.0,66.0,14280.0,216.36363636363637,58.0,17.266666666666666,22,71.36666666666666,0.0,60,158.0,1.0,68.0,0.029411764705882353,327.6470588235294,0
PRV55200,0.0,0.0,0.0,0.0,69.0,20250.0,293.4782608695652,55.0,17.01818181818182,21,73.41818181818182,0.0,55,155.0,0.0,69.0,0.0,293.4782608695652,0
PRV55202,0.0,0.0,0.0,0.0,30.0,11980.0,399.3333333333333,27.0,16.74074074074074,21,67.48148148148148,0.0,27,65.0,0.0,30.0,0.0,399.3333333333333,0
PRV55203,5.0,44000.0,8800.0,5.0,20.0,2470.0,123.5,20.0,17.6,22,74.72,0.04,25,76.0,4.0,25.0,0.2,1858.8,0
PRV55205,38.0,488000.0,12842.105263157895,37.0,222.0,150060.0,675.9459459459459,205.0,17.425,22,73.90416666666667,0.0,240,507.0,28.0,260.0,0.14615384615384616,2454.076923076923,0
PRV55206,0.0,0.0,0.0,0.0,103.0,33090.0,321.2621359223301,92.0,17.76086956521739,22,74.98913043478261,0.0,92,179.0,0.0,103.0,0.0,321.2621359223301,0
PRV55207,0.0,0.0,0.0,0.0,167.0,41510.0,248.562874251497,151.0,17.735099337748345,22,72.96026490066225,0.006622516556291391,151,295.0,0.0,167.0,0.0,248.562874251497,0
PRV55208,7.0,68000.0,9714.285714285714,7.0,46.0,8300.0,180.43478260869566,44.0,17.12,22,73.46,0.0,50,135.0,3.0,53.0,0.1320754716981132,1439.622641509434,0
PRV55209,275.0,2756100.0,10022.181818181818,243.0,487.0,158600.0,325.66735112936345,434.0,17.229135053110774,22,72.01517450682853,0.013657056145675266,659,1194.0,106.0,762.0,0.36089238845144356,3825.0656167979005,1
PRV55210,0.0,0.0,0.0,0.0,174.0,50480.0,290.11494252873564,68.0,17.558823529411764,22,72.13235294117646,0.014705882352941176,68,325.0,0.0,174.0,0.0,290.11494252873564,0
PRV55211,0.0,0.0,0.0,0.0,32.0,7030.0,219.6875,32.0,17.53125,21,70.96875,0.0,32,55.0,0.0,32.0,0.0,219.6875,0
PRV55213,3.0,67000.0,22333.333333333332,3.0,78.0,13390.0,171.66666666666666,65.0,17.348484848484848,22,74.51515151515152,0.0,66,163.0,1.0,81.0,0.037037037037037035,992.4691358024692,0
PRV55214,0.0,0.0,0.0,0.0,190.0,45880.0,241.47368421052633,173.0,17.595375722543352,22,73.16763005780346,0.0,173,326.0,0.0,190.0,0.0,241.47368421052633,0
PRV55215,143.0,1357300.0,9491.608391608392,139.0,3250.0,927260.0,285.3107692307692,2517.0,17.694465504169827,22,72.57012888551934,0.01023502653525398,2638,2620.0,69.0,3393.0,0.0421455938697318,673.315649867374,1
PRV55216,5.0,37000.0,7400.0,5.0,75.0,22370.0,298.26666666666665,48.0,18.096153846153847,21,73.67307692307692,0.0,52,166.0,4.0,80.0,0.0625,742.125,0
PRV55218,0.0,0.0,0.0,0.0,94.0,20910.0,222.4468085106383,82.0,17.28048780487805,22,71.89024390243902,0.0,82,187.0,0.0,94.0,0.0,222.4468085106383,0
PRV55219,0.0,0.0,0.0,0.0,89.0,17530.0,196.96629213483146,85.0,17.8,22,71.23529411764706,0.011764705882352941,85,167.0,0.0,89.0,0.0,196.96629213483146,0
PRV55220,0.0,0.0,0.0,0.0,102.0,23280.0,228.23529411764707,89.0,17.202247191011235,22,71.64044943820225,0.02247191011235955,89,214.0,0.0,102.0,0.0,228.23529411764707,0
PRV55224,0.0,0.0,0.0,0.0,23.0,5800.0,252.17391304347825,23.0,18.26086956521739,22,70.8695652173913,0.0,23,56.0,0.0,23.0,0.0,252.17391304347825,0
PRV55225,9.0,179000.0,19888.88888888889,9.0,57.0,20390.0,357.719298245614,55.0,17.234375,22,75.03125,0.0,64,171.0,7.0,66.0,0.13636363636363635,3021.060606060606,1
PRV55226,0.0,0.0,0.0,0.0,242.0,80690.0,333.4297520661157,219.0,17.383561643835616,22,73.84018264840182,0.0045662100456621,219,398.0,0.0,242.0,0.0,333.4297520661157,0
PRV55227,0.0,0.0,0.0,0.0,46.0,12100.0,263.04347826086956,42.0,17.404761904761905,22,72.04761904761905,0.0,42,114.0,0.0,46.0,0.0,263.04347826086956,0
PRV55229,16.0,171000.0,10687.5,16.0,227.0,86520.0,381.1453744493392,202.0,17.58256880733945,22,73.25688073394495,0.0,218,454.0,9.0,243.0,0.06584362139917696,1059.7530864197531,0
PRV55230,225.0,2518350.0,11192.666666666666,197.0,340.0,94390.0,277.61764705882354,325.0,17.128155339805826,22,72.31650485436893,0.011650485436893204,515,1002.0,101.0,565.0,0.39823008849557523,4624.3185840707965,1
PRV55231,0.0,0.0,0.0,0.0,126.0,41470.0,329.12698412698415,99.0,17.606060606060606,22,71.88888888888889,0.020202020202020204,99,231.0,0.0,126.0,0.0,329.12698412698415,0
PRV55232,28.0,278090.0,9931.785714285714,27.0,79.0,32330.0,409.24050632911394,68.0,17.726315789473684,22,69.21052631578948,0.010526315789473684,95,287.0,21.0,107.0,0.2616822429906542,2901.121495327103,0
PRV55233,1.0,4000.0,4000.0,1.0,186.0,50940.0,273.8709677419355,99.0,17.757575757575758,22,73.55555555555556,0.010101010101010102,99,347.0,0.0,187.0,0.0053475935828877,293.7967914438503,0
PRV55234,7.0,36800.0,5257.142857142857,7.0,177.0,57800.0,326.55367231638417,165.0,17.75581395348837,22,71.6046511627907,0.005813953488372093,172,360.0,7.0,184.0,0.03804347826086957,514.1304347826087,0
PRV55235,0.0,0.0,0.0,0.0,160.0,60920.0,380.75,118.0,17.864406779661017,22,72.38135593220339,0.0,118,279.0,0.0,160.0,0.0,380.75,0
PRV55236,20.0,220000.0,11000.0,18.0,34.0,17260.0,507.6470588235294,21.0,17.02857142857143,22,74.0,0.0,35,202.0,13.0,54.0,0.37037037037037035,4393.7037037037035,0
PRV55237,15.0,111000.0,7400.0,15.0,102.0,20700.0,202.94117647058823,95.0,17.59259259259259,22,71.73148148148148,0.0,108,264.0,7.0,117.0,0.1282051282051282,1125.6410256410256,0
PRV55238,0.0,0.0,0.0,0.0,101.0,39250.0,388.61386138613864,101.0,17.693069306930692,22,72.04950495049505,0.0,101,214.0,0.0,101.0,0.0,388.61386138613864,0
PRV55239,0.0,0.0,0.0,0.0,161.0,49540.0,307.70186335403724,154.0,17.233766233766232,22,74.72077922077922,0.01948051948051948,154,277.0,0.0,161.0,0.0,307.70186335403724,0
PRV55240,11.0,76600.0,6963.636363636364,11.0,152.0,43240.0,284.4736842105263,136.0,17.53793103448276,22,73.86206896551724,0.0,145,312.0,8.0,163.0,0.06748466257668712,735.2147239263803,0
PRV55242,10.0,62000.0,6200.0,7.0,24.0,3630.0,151.25,21.0,17.142857142857142,22,73.46428571428571,0.0,28,107.0,2.0,34.0,0.29411764705882354,1930.2941176470588,0
PRV55243,0.0,0.0,0.0,0.0,257.0,66230.0,257.70428015564204,231.0,17.705627705627705,22,73.6103896103896,0.012987012987012988,231,464.0,1.0,257.0,0.0,257.70428015564204,0
PRV55244,0.0,0.0,0.0,0.0,25.0,7500.0,300.0,25.0,17.44,22,69.24,0.0,25,74.0,0.0,25.0,0.0,300.0,0
PRV55246,0.0,0.0,0.0,0.0,227.0,57290.0,252.37885462555067,213.0,17.544600938967136,22,72.95774647887323,0.0,213,384.0,0.0,227.0,0.0,252.37885462555067,0
PRV55247,3.0,19200.0,6400.0,3.0,352.0,108940.0,309.4886363636364,173.0,17.857142857142858,22,73.21714285714286,0.005714285714285714,175,524.0,4.0,355.0,0.008450704225352112,360.9577464788732,0
PRV55248,0.0,0.0,0.0,0.0,133.0,46760.0,351.57894736842104,103.0,17.883495145631066,22,74.28155339805825,0.0,103,262.0,0.0,133.0,0.0,351.57894736842104,0
PRV55250,23.0,262000.0,11391.304347826086,19.0,278.0,81940.0,294.7482014388489,112.0,17.99137931034483,22,71.28448275862068,0.017241379310344827,116,520.0,17.0,301.0,0.07641196013289037,1142.6578073089702,1
PRV55252,0.0,0.0,0.0,0.0,45.0,14220.0,316.0,39.0,18.384615384615383,22,72.58974358974359,0.0,39,79.0,0.0,45.0,0.0,316.0,0
PRV55254,0.0,0.0,0.0,0.0,15.0,4960.0,330.6666666666667,14.0,16.928571428571427,19,70.92857142857143,0.0,14,38.0,0.0,15.0,0.0,330.6666666666667,0
PRV55255,0.0,0.0,0.0,0.0,12.0,2590.0,215.83333333333334,12.0,17.333333333333332,22,78.58333333333333,0.0,12,32.0,0.0,12.0,0.0,215.83333333333334,0
PRV55256,4.0,27000.0,6750.0,4.0,24.0,7150.0,297.9166666666667,23.0,17.037037037037038,22,73.81481481481481,0.037037037037037035,27,86.0,3.0,28.0,0.14285714285714285,1219.642857142857,0
PRV55257,0.0,0.0,0.0,0.0,137.0,35840.0,261.6058394160584,74.0,17.41891891891892,22,73.4054054054054,0.013513513513513514,74,252.0,0.0,137.0,0.0,261.6058394160584,0
PRV55258,1.0,12000.0,12000.0,1.0,41.0,13200.0,321.9512195121951,35.0,17.52777777777778,22,69.72222222222223,0.0,36,100.0,0.0,42.0,0.023809523809523808,600.0,0
PRV55259,0.0,0.0,0.0,0.0,42.0,13890.0,330.7142857142857,41.0,17.463414634146343,22,73.36585365853658,0.024390243902439025,41,92.0,0.0,42.0,0.0,330.7142857142857,0
PRV55260,0.0,0.0,0.0,0.0,57.0,22310.0,391.4035087719298,41.0,17.0,21,71.36585365853658,0.0,41,141.0,0.0,57.0,0.0,391.4035087719298,0
PRV55261,0.0,0.0,0.0,0.0,30.0,4780.0,159.33333333333334,19.0,17.789473684210527,21,70.47368421052632,0.0,19,77.0,0.0,30.0,0.0,159.33333333333334,0
PRV55262,16.0,115000.0,7187.5,15.0,381.0,120860.0,317.2178477690289,203.0,17.590476190476192,22,70.41428571428571,0.009523809523809525,210,650.0,8.0,397.0,0.04030226700251889,594.1057934508816,0
PRV55263,0.0,0.0,0.0,0.0,319.0,103750.0,325.23510971786834,247.0,17.615384615384617,22,73.19433198380567,0.008097165991902834,247,541.0,0.0,319.0,0.0,325.23510971786834,0
PRV55264,0.0,0.0,0.0,0.0,528.0,147430.0,279.2234848484849,305.0,17.82622950819672,22,72.43934426229508,0.013114754098360656,305,691.0,0.0,528.0,0.0,279.2234848484849,0
PRV55265,0.0,0.0,0.0,0.0,201.0,43280.0,215.3233830845771,71.0,17.971830985915492,22,72.46478873239437,0.0,71,324.0,0.0,201.0,0.0,215.3233830845771,0
PRV55266,9.0,41000.0,4555.555555555556,7.0,16.0,4740.0,296.25,15.0,17.5,21,74.77272727272727,0.0,22,86.0,1.0,25.0,0.36,1829.6,1
PRV55267,0.0,0.0,0.0,0.0,144.0,36020.0,250.13888888888889,78.0,17.564102564102566,22,73.6923076923077,0.0,78,285.0,0.0,144.0,0.0,250.13888888888889,0
PRV55268,0.0,0.0,0.0,0.0,48.0,13310.0,277.2916666666667,20.0,18.45,22,74.8,0.05,20,91.0,0.0,48.0,0.0,277.2916666666667,0
PRV55269,3.0,14000.0,4666.666666666667,3.0,169.0,39490.0,233.66863905325442,124.0,17.612903225806452,22,72.19354838709677,0.008064516129032258,124,307.0,2.0,172.0,0.01744186046511628,310.98837209302326,0
PRV55270,1.0,5000.0,5000.0,1.0,203.0,58190.0,286.6502463054187,108.0,17.666666666666668,22,72.37962962962963,0.0,108,367.0,0.0,204.0,0.004901960784313725,309.7549019607843,0
PRV55271,0.0,0.0,0.0,0.0,15.0,6020.0,401.3333333333333,12.0,16.916666666666668,19,71.0,0.0,12,28.0,0.0,15.0,0.0,401.3333333333333,0
PRV55272,0.0,0.0,0.0,0.0,211.0,53340.0,252.7962085308057,185.0,17.84864864864865,22,72.15135135135135,0.016216216216216217,185,370.0,0.0,211.0,0.0,252.7962085308057,0
PRV55273,0.0,0.0,0.0,0.0,18.0,4240.0,235.55555555555554,12.0,17.5,22,73.16666666666667,0.0,12,35.0,0.0,18.0,0.0,235.55555555555554,0
PRV55274,0.0,0.0,0.0,0.0,70.0,20800.0,297.14285714285717,45.0,17.822222222222223,22,74.24444444444444,0.0,45,133.0,0.0,70.0,0.0,297.14285714285717,0
PRV55275,0.0,0.0,0.0,0.0,54.0,12370.0,229.07407407407408,39.0,18.17948717948718,22,74.61538461538461,0.0,39,126.0,0.0,54.0,0.0,229.07407407407408,0
PRV55276,0.0,0.0,0.0,0.0,58.0,10830.0,186.72413793103448,38.0,17.894736842105264,22,76.0,0.0,38,119.0,0.0,58.0,0.0,186.72413793103448,0
PRV55277,0.0,0.0,0.0,0.0,17.0,4200.0,247.05882352941177,16.0,17.25,21,70.75,0.0,16,28.0,0.0,17.0,0.0,247.05882352941177,0
PRV55278,0.0,0.0,0.0,0.0,45.0,7200.0,160.0,33.0,18.242424242424242,22,70.93939393939394,0.0,33,95.0,0.0,45.0,0.0,160.0,0
PRV55279,0.0,0.0,0.0,0.0,81.0,28610.0,353.2098765432099,49.0,17.387755102040817,22,73.3265306122449,0.0,49,162.0,0.0,81.0,0.0,353.2098765432099,0
PRV55281,0.0,0.0,0.0,0.0,190.0,54330.0,285.94736842105266,95.0,17.978947368421053,22,73.82105263157895,0.0,95,333.0,0.0,190.0,0.0,285.94736842105266,0
PRV55283,0.0,0.0,0.0,0.0,36.0,12390.0,344.1666666666667,31.0,17.548387096774192,22,68.74193548387096,0.0,31,97.0,0.0,36.0,0.0,344.1666666666667,0
PRV55285,0.0,0.0,0.0,0.0,7.0,530.0,75.71428571428571,7.0,18.0,22,65.42857142857143,0.0,7,10.0,0.0,7.0,0.0,75.71428571428571,0
PRV55286,0.0,0.0,0.0,0.0,4.0,570.0,142.5,3.0,18.666666666666668,21,85.66666666666667,0.0,3,5.0,0.0,4.0,0.0,142.5,0
PRV55289,0.0,0.0,0.0,0.0,14.0,3710.0,265.0,12.0,18.166666666666668,22,75.0,0.0,12,33.0,0.0,14.0,0.0,265.0,0
PRV55291,0.0,0.0,0.0,0.0,6.0,2190.0,365.0,4.0,16.5,19,77.75,0.0,4,13.0,0.0,6.0,0.0,365.0,0
PRV55292,0.0,0.0,0.0,0.0,6.0,610.0,101.66666666666667,6.0,18.0,20,73.5,0.0,6,15.0,0.0,6.0,0.0,101.66666666666667,0
PRV55293,0.0,0.0,0.0,0.0,33.0,5530.0,167.57575757575756,25.0,17.6,21,71.16,0.0,25,69.0,0.0,33.0,0.0,167.57575757575756,0
PRV55295,0.0,0.0,0.0,0.0,88.0,20380.0,231.5909090909091,71.0,17.816901408450704,22,72.11267605633803,0.07042253521126761,71,159.0,0.0,88.0,0.0,231.5909090909091,0
PRV55296,0.0,0.0,0.0,0.0,57.0,12750.0,223.68421052631578,50.0,17.78,22,74.38,0.0,50,116.0,0.0,57.0,0.0,223.68421052631578,0
PRV55297,0.0,0.0,0.0,0.0,98.0,21280.0,217.14285714285714,44.0,17.90909090909091,22,68.27272727272727,0.022727272727272728,44,193.0,0.0,98.0,0.0,217.14285714285714,0
PRV55298,0.0,0.0,0.0,0.0,57.0,15740.0,276.140350877193,32.0,17.46875,22,75.0625,0.0,32,129.0,0.0,57.0,0.0,276.140350877193,0
PRV55299,0.0,0.0,0.0,0.0,18.0,5930.0,329.44444444444446,17.0,16.823529411764707,21,71.88235294117646,0.0,17,47.0,0.0,18.0,0.0,329.44444444444446,0
PRV55300,0.0,0.0,0.0,0.0,32.0,8320.0,260.0,23.0,18.17391304347826,22,75.78260869565217,0.0,23,68.0,0.0,32.0,0.0,260.0,0
PRV55302,0.0,0.0,0.0,0.0,1.0,400.0,400.0,1.0,18.0,18,69.0,0.0,1,3.0,0.0,1.0,0.0,400.0,0
PRV55304,0.0,0.0,0.0,0.0,204.0,76330.0,374.1666666666667,122.0,17.934426229508198,22,71.91803278688525,0.00819672131147541,122,324.0,0.0,204.0,0.0,374.1666666666667,0
PRV55305,0.0,0.0,0.0,0.0,3.0,4210.0,1403.3333333333333,3.0,15.333333333333334,18,60.0,0.0,3,10.0,0.0,3.0,0.0,1403.3333333333333,0
PRV55306,0.0,0.0,0.0,0.0,59.0,16500.0,279.66101694915255,34.0,17.705882352941178,22,73.58823529411765,0.0,34,130.0,0.0,59.0,0.0,279.66101694915255,0
PRV55307,0.0,0.0,0.0,0.0,110.0,24250.0,220.45454545454547,84.0,18.0,22,72.45238095238095,0.011904761904761904,84,223.0,0.0,110.0,0.0,220.45454545454547,0
PRV55309,0.0,0.0,0.0,0.0,35.0,11800.0,337.14285714285717,24.0,18.333333333333332,22,72.20833333333333,0.041666666666666664,24,73.0,0.0,35.0,0.0,337.14285714285717,0
PRV55312,0.0,0.0,0.0,0.0,91.0,17280.0,189.8901098901099,77.0,17.83116883116883,22,73.27272727272727,0.012987012987012988,77,203.0,0.0,91.0,0.0,189.8901098901099,0
PRV55313,0.0,0.0,0.0,0.0,192.0,57410.0,299.0104166666667,129.0,17.94573643410853,22,71.36434108527132,0.0,129,330.0,0.0,192.0,0.0,299.0104166666667,0
PRV55314,0.0,0.0,0.0,0.0,89.0,25040.0,281.34831460674155,53.0,17.660377358490567,21,74.0,0.0,53,185.0,0.0,89.0,0.0,281.34831460674155,0
PRV55316,0.0,0.0,0.0,0.0,65.0,15490.0,238.30769230769232,45.0,18.08888888888889,22,75.4888888888889,0.0,45,141.0,0.0,65.0,0.0,238.30769230769232,0
PRV55318,0.0,0.0,0.0,0.0,63.0,26300.0,417.46031746031747,45.0,17.711111111111112,22,72.2,0.0,45,119.0,0.0,63.0,0.0,417.46031746031747,0
PRV55319,0.0,0.0,0.0,0.0,17.0,4570.0,268.8235294117647,11.0,17.454545454545453,22,73.45454545454545,0.0,11,46.0,0.0,17.0,0.0,268.8235294117647,0
PRV55320,0.0,0.0,0.0,0.0,34.0,6400.0,188.23529411764707,27.0,18.25925925925926,22,74.70370370370371,0.037037037037037035,27,79.0,0.0,34.0,0.0,188.23529411764707,0
PRV55322,0.0,0.0,0.0,0.0,28.0,7270.0,259.64285714285717,24.0,17.625,21,73.70833333333333,0.0,24,67.0,0.0,28.0,0.0,259.64285714285717,0
PRV55323,0.0,0.0,0.0,0.0,144.0,36470.0,253.26388888888889,108.0,17.49074074074074,22,72.63888888888889,0.009259259259259259,108,271.0,0.0,144.0,0.0,253.26388888888889,0
PRV55324,0.0,0.0,0.0,0.0,25.0,7530.0,301.2,24.0,17.666666666666668,22,75.41666666666667,0.0,24,63.0,0.0,25.0,0.0,301.2,0
PRV55325,0.0,0.0,0.0,0.0,41.0,14980.0,365.3658536585366,20.0,18.4,22,75.0,0.0,20,70.0,0.0,41.0,0.0,365.3658536585366,0
PRV55326,0.0,0.0,0.0,0.0,58.0,11700.0,201.72413793103448,30.0,18.733333333333334,22,73.6,0.0,30,105.0,0.0,58.0,0.0,201.72413793103448,0
PRV55329,0.0,0.0,0.0,0.0,2.0,360.0,180.0,2.0,19.0,20,73.5,0.0,2,10.0,0.0,2.0,0.0,180.0,0
PRV55330,0.0,0.0,0.0,0.0,4.0,1170.0,292.5,4.0,18.5,21,75.5,0.0,4,11.0,0.0,4.0,0.0,292.5,0
PRV55331,0.0,0.0,0.0,0.0,23.0,4700.0,204.34782608695653,19.0,18.0,21,75.26315789473684,0.0,19,51.0,0.0,23.0,0.0,204.34782608695653,0
PRV55333,0.0,0.0,0.0,0.0,51.0,9500.0,186.27450980392157,31.0,17.483870967741936,22,72.93548387096774,0.03225806451612903,31,110.0,0.0,51.0,0.0,186.27450980392157,0
PRV55335,0.0,0.0,0.0,0.0,24.0,1760.0,73.33333333333333,16.0,17.9375,22,74.1875,0.0,16,53.0,0.0,24.0,0.0,73.33333333333333,0
PRV55337,0.0,0.0,0.0,0.0,13.0,1890.0,145.3846153846154,13.0,15.76923076923077,19,71.3076923076923,0.0,13,39.0,0.0,13.0,0.0,145.3846153846154,0
PRV55338,0.0,0.0,0.0,0.0,46.0,8790.0,191.08695652173913,44.0,17.295454545454547,21,69.88636363636364,0.0,44,116.0,0.0,46.0,0.0,191.08695652173913,0
PRV55339,0.0,0.0,0.0,0.0,30.0,7880.0,262.6666666666667,28.0,18.321428571428573,21,70.60714285714286,0.0,28,78.0,0.0,30.0,0.0,262.6666666666667,0
PRV55340,0.0,0.0,0.0,0.0,108.0,32730.0,303.05555555555554,83.0,17.686746987951807,22,73.65060240963855,0.03614457831325301,83,220.0,0.0,108.0,0.0,303.05555555555554,0
PRV55341,0.0,0.0,0.0,0.0,14.0,1240.0,88.57142857142857,14.0,18.214285714285715,21,73.07142857142857,0.0,14,35.0,0.0,14.0,0.0,88.57142857142857,0
PRV55342,0.0,0.0,0.0,0.0,9.0,2440.0,271.1111111111111,8.0,18.125,22,66.125,0.0,8,21.0,0.0,9.0,0.0,271.1111111111111,0
PRV55343,0.0,0.0,0.0,0.0,90.0,23940.0,266.0,74.0,17.405405405405407,22,74.27027027027027,0.013513513513513514,74,180.0,0.0,90.0,0.0,266.0,0
PRV55344,0.0,0.0,0.0,0.0,14.0,8320.0,594.2857142857143,8.0,17.125,20,72.625,0.125,8,47.0,0.0,14.0,0.0,594.2857142857143,0
PRV55345,0.0,0.0,0.0,0.0,15.0,7310.0,487.3333333333333,14.0,17.5,21,75.0,0.0,14,41.0,0.0,15.0,0.0,487.3333333333333,0
PRV55348,0.0,0.0,0.0,0.0,7.0,610.0,87.14285714285714,5.0,17.8,19,76.0,0.0,5,17.0,0.0,7.0,0.0,87.14285714285714,0
PRV55350,0.0,0.0,0.0,0.0,31.0,4210.0,135.80645161290323,23.0,17.608695652173914,22,71.43478260869566,0.0,23,70.0,0.0,31.0,0.0,135.80645161290323,0
PRV55351,0.0,0.0,0.0,0.0,10.0,1650.0,165.0,8.0,16.75,18,79.25,0.0,8,40.0,0.0,10.0,0.0,165.0,0
PRV55352,0.0,0.0,0.0,0.0,39.0,12850.0,329.4871794871795,27.0,17.59259259259259,22,65.07407407407408,0.0,27,92.0,0.0,39.0,0.0,329.4871794871795,0
PRV55353,0.0,0.0,0.0,0.0,12.0,2970.0,247.5,12.0,17.0,21,79.16666666666667,0.0,12,28.0,0.0,12.0,0.0,247.5,0
PRV55354,0.0,0.0,0.0,0.0,178.0,43990.0,247.13483146067415,105.0,17.409523809523808,22,74.41904761904762,0.009523809523809525,105,316.0,0.0,178.0,0.0,247.13483146067415,0
PRV55355,0.0,0.0,0.0,0.0,1.0,90.0,90.0,1.0,16.0,16,99.0,0.0,1,3.0,0.0,1.0,0.0,90.0,0
PRV55356,0.0,0.0,0.0,0.0,27.0,5030.0,186.2962962962963,27.0,17.814814814814813,21,68.4074074074074,0.037037037037037035,27,64.0,0.0,27.0,0.0,186.2962962962963,0
PRV55357,0.0,0.0,0.0,0.0,161.0,37270.0,231.49068322981367,106.0,17.839622641509433,22,70.99056603773585,0.009433962264150943,106,274.0,0.0,161.0,0.0,231.49068322981367,0
PRV55358,0.0,0.0,0.0,0.0,37.0,14710.0,397.56756756756755,34.0,17.0,21,68.82352941176471,0.029411764705882353,34,101.0,0.0,37.0,0.0,397.56756756756755,0
PRV55359,0.0,0.0,0.0,0.0,113.0,47940.0,424.24778761061947,52.0,18.153846153846153,22,71.48076923076923,0.0,52,210.0,0.0,113.0,0.0,424.24778761061947,0
PRV55360,0.0,0.0,0.0,0.0,17.0,4880.0,287.05882352941177,17.0,17.647058823529413,21,72.23529411764706,0.0,17,30.0,0.0,17.0,0.0,287.05882352941177,0
PRV55361,0.0,0.0,0.0,0.0,85.0,23420.0,275.52941176470586,59.0,17.796610169491526,22,72.71186440677967,0.0,59,176.0,0.0,85.0,0.0,275.52941176470586,0
PRV55362,0.0,0.0,0.0,0.0,148.0,36170.0,244.3918918918919,101.0,17.92079207920792,22,73.97029702970298,0.0,101,288.0,0.0,148.0,0.0,244.3918918918919,0
PRV55363,0.0,0.0,0.0,0.0,62.0,24070.0,388.2258064516129,32.0,17.8125,22,73.9375,0.03125,32,121.0,0.0,62.0,0.0,388.2258064516129,0
PRV55364,0.0,0.0,0.0,0.0,1.0,80.0,80.0,1.0,19.0,19,79.0,0.0,1,1.0,0.0,1.0,0.0,80.0,0
PRV55365,0.0,0.0,0.0,0.0,7.0,370.0,52.857142857142854,5.0,17.0,19,67.8,0.0,5,13.0,0.0,7.0,0.0,52.857142857142854,0
PRV55366,0.0,0.0,0.0,0.0,107.0,20310.0,189.81308411214954,53.0,17.79245283018868,22,71.11320754716981,0.0,53,194.0,0.0,107.0,0.0,189.81308411214954,0
PRV55368,0.0,0.0,0.0,0.0,115.0,24770.0,215.3913043478261,101.0,17.653465346534652,22,72.20792079207921,0.009900990099009901,101,214.0,0.0,115.0,0.0,215.3913043478261,0
PRV55371,0.0,0.0,0.0,0.0,3.0,330.0,110.0,3.0,15.666666666666666,17,76.66666666666667,0.0,3,4.0,0.0,3.0,0.0,110.0,0
PRV55372,0.0,0.0,0.0,0.0,12.0,2620.0,218.33333333333334,7.0,18.857142857142858,21,70.71428571428571,0.0,7,31.0,0.0,12.0,0.0,218.33333333333334,0
PRV55374,33.0,335000.0,10151.515151515152,31.0,0.0,0.0,0.0,0.0,16.06451612903226,22,74.96774193548387,0.0,31,186.0,21.0,33.0,1.0,10151.515151515152,1
PRV55375,14.0,147900.0,10564.285714285714,14.0,0.0,0.0,0.0,0.0,15.285714285714286,19,71.92857142857143,0.07142857142857142,14,98.0,10.0,14.0,1.0,10564.285714285714,1
PRV55376,0.0,0.0,0.0,0.0,88.0,21470.0,243.97727272727272,79.0,17.20253164556962,22,72.26582278481013,0.02531645569620253,79,171.0,0.0,88.0,0.0,243.97727272727272,0
PRV55377,0.0,0.0,0.0,0.0,4.0,3410.0,852.5,4.0,15.0,16,68.75,0.0,4,17.0,0.0,4.0,0.0,852.5,0
PRV55378,14.0,132000.0,9428.57142857143,13.0,0.0,0.0,0.0,0.0,16.076923076923077,19,68.38461538461539,0.0,13,90.0,7.0,14.0,1.0,9428.57142857143,0
PRV55379,4.0,36000.0,9000.0,4.0,0.0,0.0,0.0,0.0,16.0,18,68.75,0.0,4,30.0,4.0,4.0,1.0,9000.0,0
PRV55381,20.0,166000.0,8300.0,20.0,25.0,7700.0,308.0,21.0,16.75,21,72.875,0.0,40,157.0,11.0,45.0,0.4444444444444444,3860.0,0
PRV55382,8.0,129000.0,16125.0,8.0,0.0,0.0,0.0,0.0,16.5,19,65.625,0.0,8,57.0,5.0,8.0,1.0,16125.0,0
PRV55383,8.0,70000.0,8750.0,8.0,0.0,0.0,0.0,0.0,16.5,20,74.5,0.0,8,56.0,6.0,8.0,1.0,8750.0,0
PRV55384,0.0,0.0,0.0,0.0,1.0,30.0,30.0,1.0,16.0,16,71.0,0.0,1,2.0,0.0,1.0,0.0,30.0,0
PRV55385,8.0,70000.0,8750.0,7.0,0.0,0.0,0.0,0.0,15.857142857142858,19,71.57142857142857,0.0,7,58.0,2.0,8.0,1.0,8750.0,0
PRV55386,0.0,0.0,0.0,0.0,82.0,21010.0,256.219512195122,62.0,18.016129032258064,22,72.91935483870968,0.016129032258064516,62,169.0,0.0,82.0,0.0,256.219512195122,0
PRV55387,6.0,90000.0,15000.0,6.0,0.0,0.0,0.0,0.0,16.666666666666668,18,81.83333333333333,0.0,6,44.0,6.0,6.0,1.0,15000.0,0
PRV55388,0.0,0.0,0.0,0.0,515.0,134180.0,260.54368932038835,307.0,17.729641693811075,22,72.36807817589576,0.0,307,700.0,0.0,515.0,0.0,260.54368932038835,0
PRV55390,0.0,0.0,0.0,0.0,26.0,23150.0,890.3846153846154,16.0,18.5625,22,77.4375,0.0,16,52.0,0.0,26.0,0.0,890.3846153846154,0
PRV55392,23.0,252000.0,10956.521739130434,20.0,169.0,50110.0,296.50887573964496,107.0,17.817391304347826,22,75.3391304347826,0.0,115,441.0,14.0,192.0,0.11979166666666667,1573.4895833333333,0
PRV55395,0.0,0.0,0.0,0.0,12.0,2970.0,247.5,10.0,18.7,21,71.7,0.0,10,22.0,0.0,12.0,0.0,247.5,0
PRV55396,15.0,141000.0,9400.0,15.0,60.0,12830.0,213.83333333333334,48.0,18.38095238095238,22,73.0952380952381,0.0,63,208.0,10.0,75.0,0.2,2051.0666666666666,0
PRV55397,0.0,0.0,0.0,0.0,6.0,630.0,105.0,5.0,18.2,21,78.4,0.0,5,11.0,0.0,6.0,0.0,105.0,0
PRV55398,0.0,0.0,0.0,0.0,13.0,1430.0,110.0,8.0,17.0,19,73.625,0.0,8,23.0,0.0,13.0,0.0,110.0,0
PRV55399,3.0,31000.0,10333.333333333334,2.0,24.0,4790.0,199.58333333333334,12.0,18.142857142857142,22,78.92857142857143,0.0,14,81.0,2.0,27.0,0.1111111111111111,1325.5555555555557,0
PRV55400,0.0,0.0,0.0,0.0,1.0,200.0,200.0,1.0,17.0,17,82.0,0.0,1,9.0,0.0,1.0,0.0,200.0,0
PRV55401,0.0,0.0,0.0,0.0,49.0,11560.0,235.91836734693877,23.0,18.47826086956522,22,78.04347826086956,0.043478260869565216,23,101.0,0.0,49.0,0.0,235.91836734693877,0
PRV55402,0.0,0.0,0.0,0.0,44.0,17720.0,402.72727272727275,21.0,18.61904761904762,22,74.71428571428571,0.0,21,113.0,0.0,44.0,0.0,402.72727272727275,0
PRV55404,0.0,0.0,0.0,0.0,25.0,2420.0,96.8,9.0,17.88888888888889,20,74.77777777777777,0.0,9,63.0,0.0,25.0,0.0,96.8,0
PRV55405,0.0,0.0,0.0,0.0,10.0,2730.0,273.0,1.0,15.0,15,85.0,0.0,1,19.0,0.0,10.0,0.0,273.0,0
PRV55408,0.0,0.0,0.0,0.0,16.0,5160.0,322.5,11.0,18.636363636363637,22,84.0909090909091,0.0,11,40.0,0.0,16.0,0.0,322.5,0
PRV55409,0.0,0.0,0.0,0.0,5.0,280.0,56.0,4.0,15.0,17,81.0,0.0,4,8.0,0.0,5.0,0.0,56.0,0
PRV55410,0.0,0.0,0.0,0.0,56.0,15380.0,274.64285714285717,33.0,18.21212121212121,22,77.06060606060606,0.0,33,109.0,0.0,56.0,0.0,274.64285714285717,0
PRV55411,0.0,0.0,0.0,0.0,39.0,11990.0,307.43589743589746,23.0,17.608695652173914,21,76.95652173913044,0.0,23,87.0,0.0,39.0,0.0,307.43589743589746,0
PRV55412,0.0,0.0,0.0,0.0,11.0,1940.0,176.36363636363637,4.0,17.5,20,75.5,0.0,4,39.0,0.0,11.0,0.0,176.36363636363637,0
PRV55413,0.0,0.0,0.0,0.0,4.0,2200.0,550.0,4.0,16.25,18,83.25,0.0,4,8.0,0.0,4.0,0.0,550.0,0
PRV55414,2.0,10000.0,5000.0,2.0,10.0,3670.0,367.0,10.0,18.416666666666668,22,73.83333333333333,0.0,12,37.0,2.0,12.0,0.16666666666666666,1139.1666666666667,0
PRV55416,2.0,7000.0,3500.0,2.0,71.0,13330.0,187.74647887323943,38.0,18.625,22,75.3,0.025,40,150.0,1.0,73.0,0.0273972602739726,278.4931506849315,0
PRV55417,0.0,0.0,0.0,0.0,30.0,3710.0,123.66666666666667,12.0,17.75,20,69.91666666666667,0.0,12,68.0,0.0,30.0,0.0,123.66666666666667,0
PRV55418,3.0,18000.0,6000.0,3.0,6.0,2190.0,365.0,3.0,17.333333333333332,20,77.83333333333333,0.0,6,41.0,1.0,9.0,0.3333333333333333,2243.3333333333335,0
PRV55419,0.0,0.0,0.0,0.0,8.0,4430.0,553.75,6.0,18.666666666666668,22,72.16666666666667,0.0,6,17.0,0.0,8.0,0.0,553.75,0
PRV55423,0.0,0.0,0.0,0.0,25.0,4710.0,188.4,11.0,18.0,21,75.54545454545455,0.0,11,55.0,0.0,25.0,0.0,188.4,0
PRV55424,0.0,0.0,0.0,0.0,10.0,830.0,83.0,6.0,18.666666666666668,21,72.0,0.0,6,22.0,0.0,10.0,0.0,83.0,0
PRV55425,0.0,0.0,0.0,0.0,26.0,3880.0,149.23076923076923,6.0,17.166666666666668,20,83.83333333333333,0.0,6,47.0,0.0,26.0,0.0,149.23076923076923,0
PRV55426,0.0,0.0,0.0,0.0,77.0,22110.0,287.14285714285717,38.0,17.94736842105263,22,73.34210526315789,0.0,38,166.0,0.0,77.0,0.0,287.14285714285717,0
PRV55427,0.0,0.0,0.0,0.0,1.0,50.0,50.0,1.0,19.0,19,92.0,0.0,1,1.0,0.0,1.0,0.0,50.0,0
PRV55428,1.0,7000.0,7000.0,1.0,0.0,0.0,0.0,0.0,17.0,17,67.0,0.0,1,9.0,0.0,1.0,1.0,7000.0,0
PRV55430,7.0,79000.0,11285.714285714286,6.0,0.0,0.0,0.0,0.0,16.0,20,78.33333333333333,0.0,6,50.0,5.0,7.0,1.0,11285.714285714286,1
PRV55431,2.0,58000.0,29000.0,2.0,0.0,0.0,0.0,0.0,16.5,18,87.5,0.0,2,17.0,2.0,2.0,1.0,29000.0,0
PRV55432,0.0,0.0,0.0,0.0,29.0,7430.0,256.2068965517241,22.0,17.727272727272727,21,75.63636363636364,0.045454545454545456,22,56.0,0.0,29.0,0.0,256.2068965517241,0
PRV55433,32.0,332600.0,10393.75,30.0,55.0,9420.0,171.27272727272728,47.0,17.61038961038961,22,72.12987012987013,0.0,77,251.0,20.0,87.0,0.367816091954023,3931.264367816092,1
PRV55434,8.0,60000.0,7500.0,8.0,32.0,9800.0,306.25,31.0,17.487179487179485,22,77.23076923076923,0.0,39,116.0,1.0,40.0,0.2,1745.0,0
PRV55435,128.0,1246800.0,9740.625,113.0,23.0,3250.0,141.30434782608697,23.0,16.571428571428573,22,73.83458646616542,0.0,133,458.0,70.0,151.0,0.847682119205298,8278.476821192053,1
PRV55436,0.0,0.0,0.0,0.0,11.0,2430.0,220.9090909090909,11.0,16.181818181818183,18,74.81818181818181,0.0,11,33.0,0.0,11.0,0.0,220.9090909090909,0
PRV55437,28.0,385700.0,13775.0,27.0,78.0,14550.0,186.53846153846155,75.0,17.235294117647058,22,74.61764705882354,0.00980392156862745,102,274.0,20.0,106.0,0.2641509433962264,3775.943396226415,1
PRV55438,0.0,0.0,0.0,0.0,219.0,70190.0,320.50228310502285,73.0,17.794520547945204,22,73.26027397260275,0.0,73,376.0,0.0,219.0,0.0,320.50228310502285,0
PRV55439,0.0,0.0,0.0,0.0,224.0,96290.0,429.86607142857144,188.0,17.54255319148936,22,73.46808510638297,0.015957446808510637,188,363.0,0.0,224.0,0.0,429.86607142857144,0
PRV55441,7.0,59000.0,8428.57142857143,6.0,25.0,8910.0,356.4,24.0,17.333333333333332,22,71.9,0.0,30,110.0,4.0,32.0,0.21875,2122.1875,0
PRV55442,15.0,101000.0,6733.333333333333,15.0,46.0,18850.0,409.7826086956522,40.0,17.490909090909092,22,75.67272727272727,0.0,55,168.0,11.0,61.0,0.2459016393442623,1964.7540983606557,0
PRV55443,30.0,336700.0,11223.333333333334,27.0,8.0,4690.0,586.25,8.0,16.852941176470587,20,71.70588235294117,0.0,34,187.0,27.0,38.0,0.7894736842105263,8983.947368421053,0
PRV55444,114.0,1308800.0,11480.701754385966,95.0,14.0,4460.0,318.57142857142856,14.0,16.34862385321101,22,72.5045871559633,0.01834862385321101,109,450.0,76.0,128.0,0.890625,10259.84375,1
PRV55445,0.0,0.0,0.0,0.0,133.0,56500.0,424.812030075188,39.0,17.76923076923077,21,73.12820512820512,0.02564102564102564,39,246.0,0.0,133.0,0.0,424.812030075188,0
PRV55446,0.0,0.0,0.0,0.0,98.0,23140.0,236.12244897959184,87.0,17.229885057471265,22,73.34482758620689,0.011494252873563218,87,196.0,0.0,98.0,0.0,236.12244897959184,0
PRV55447,0.0,0.0,0.0,0.0,66.0,22990.0,348.3333333333333,60.0,17.6,22,74.03333333333333,0.016666666666666666,60,150.0,0.0,66.0,0.0,348.3333333333333,0
PRV55448,0.0,0.0,0.0,0.0,40.0,9000.0,225.0,39.0,17.025641025641026,20,75.12820512820512,0.0,39,86.0,0.0,40.0,0.0,225.0,0
PRV55449,0.0,0.0,0.0,0.0,21.0,6480.0,308.57142857142856,20.0,17.8,22,77.5,0.0,20,53.0,0.0,21.0,0.0,308.57142857142856,0
PRV55450,1.0,5000.0,5000.0,1.0,200.0,52610.0,263.05,123.0,17.86178861788618,22,72.13821138211382,0.032520325203252036,123,367.0,1.0,201.0,0.004975124378109453,286.6169154228856,0
PRV55451,0.0,0.0,0.0,0.0,11.0,860.0,78.18181818181819,11.0,17.636363636363637,19,77.63636363636364,0.0,11,28.0,0.0,11.0,0.0,78.18181818181819,0
PRV55452,31.0,362700.0,11700.0,27.0,29.0,9730.0,335.51724137931035,27.0,17.306122448979593,22,72.26530612244898,0.0,49,214.0,20.0,60.0,0.5166666666666667,6207.166666666667,0
PRV55453,13.0,102000.0,7846.153846153846,12.0,782.0,192610.0,246.30434782608697,326.0,17.6006006006006,22,73.09609609609609,0.015015015015015015,333,1034.0,11.0,795.0,0.016352201257861635,370.57861635220127,1
PRV55454,5.0,33000.0,6600.0,4.0,363.0,101960.0,280.8815426997245,156.0,17.858974358974358,22,73.1474358974359,0.0,156,574.0,4.0,368.0,0.01358695652173913,366.7391304347826,0
PRV55455,0.0,0.0,0.0,0.0,373.0,95350.0,255.63002680965147,145.0,18.131034482758622,22,71.98620689655172,0.0,145,547.0,0.0,373.0,0.0,255.63002680965147,0
PRV55456,5.0,68000.0,13600.0,5.0,1.0,3300.0,3300.0,1.0,15.833333333333334,18,72.66666666666667,0.0,6,40.0,3.0,6.0,0.8333333333333334,11883.333333333334,0
PRV55458,0.0,0.0,0.0,0.0,35.0,11830.0,338.0,34.0,17.470588235294116,22,76.70588235294117,0.0,34,97.0,0.0,35.0,0.0,338.0,0
PRV55459,0.0,0.0,0.0,0.0,344.0,114890.0,333.9825581395349,270.0,17.77037037037037,22,73.24074074074075,0.007407407407407408,270,514.0,1.0,344.0,0.0,333.9825581395349,0
PRV55460,0.0,0.0,0.0,0.0,18.0,3430.0,190.55555555555554,16.0,18.0,21,75.5,0.0,16,45.0,0.0,18.0,0.0,190.55555555555554,0
PRV55462,386.0,4260100.0,11036.528497409327,308.0,1521.0,453730.0,298.310322156476,823.0,17.74716202270382,22,72.85964912280701,0.013415892672858616,969,1926.0,142.0,1907.0,0.20241216570529627,2471.85631882538,1
PRV55463,0.0,0.0,0.0,0.0,257.0,73500.0,285.9922178988327,220.0,17.422727272727272,22,72.53636363636363,0.01818181818181818,220,444.0,0.0,257.0,0.0,285.9922178988327,0
PRV55464,0.0,0.0,0.0,0.0,29.0,6540.0,225.51724137931035,28.0,17.464285714285715,22,75.0,0.0,28,74.0,0.0,29.0,0.0,225.51724137931035,0
PRV55465,9.0,94000.0,10444.444444444445,8.0,330.0,111830.0,338.8787878787879,116.0,17.793388429752067,22,70.50413223140495,0.008264462809917356,121,574.0,4.0,339.0,0.02654867256637168,607.1681415929204,0
PRV55467,6.0,55000.0,9166.666666666666,6.0,1890.0,514280.0,272.1058201058201,702.0,18.072546230440967,22,72.35846372688478,0.015647226173541962,703,1796.0,5.0,1896.0,0.0031645569620253164,300.253164556962,1
PRV55468,0.0,0.0,0.0,0.0,27.0,10030.0,371.48148148148147,25.0,17.2,22,73.6,0.04,25,72.0,0.0,27.0,0.0,371.48148148148147,0
PRV55469,0.0,0.0,0.0,0.0,10.0,2110.0,211.0,10.0,16.8,20,77.4,0.0,10,19.0,0.0,10.0,0.0,211.0,0
PRV55470,0.0,0.0,0.0,0.0,470.0,135060.0,287.36170212765956,204.0,17.78921568627451,22,73.0,0.004901960784313725,204,672.0,0.0,470.0,0.0,287.36170212765956,0
PRV55471,0.0,0.0,0.0,0.0,13.0,1670.0,128.46153846153845,13.0,17.23076923076923,20,71.84615384615384,0.0,13,23.0,0.0,13.0,0.0,128.46153846153845,0
PRV55472,21.0,255000.0,12142.857142857143,17.0,2.0,90.0,45.0,2.0,17.05263157894737,21,72.42105263157895,0.0,19,135.0,18.0,23.0,0.9130434782608695,11090.869565217392,1
PRV55473,0.0,0.0,0.0,0.0,6.0,1350.0,225.0,5.0,17.0,21,87.2,0.0,5,13.0,0.0,6.0,0.0,225.0,0
PRV55474,0.0,0.0,0.0,0.0,80.0,17430.0,217.875,74.0,18.027027027027028,22,72.54054054054055,0.0,74,150.0,0.0,80.0,0.0,217.875,0
PRV55475,0.0,0.0,0.0,0.0,17.0,3700.0,217.64705882352942,17.0,17.647058823529413,22,73.58823529411765,0.0,17,44.0,0.0,17.0,0.0,217.64705882352942,0
PRV55477,0.0,0.0,0.0,0.0,46.0,17290.0,375.8695652173913,43.0,17.74418604651163,22,74.18604651162791,0.0,43,125.0,0.0,46.0,0.0,375.8695652173913,0
PRV55479,0.0,0.0,0.0,0.0,672.0,162410.0,241.68154761904762,317.0,18.14826498422713,22,72.81703470031546,0.012618296529968454,317,872.0,0.0,672.0,0.0,241.68154761904762,0
PRV55480,0.0,0.0,0.0,0.0,42.0,14640.0,348.57142857142856,42.0,17.428571428571427,22,70.16666666666667,0.0,42,97.0,0.0,42.0,0.0,348.57142857142856,0
PRV55481,1.0,5000.0,5000.0,1.0,51.0,15310.0,300.19607843137254,26.0,18.88888888888889,22,74.66666666666667,0.0,27,119.0,0.0,52.0,0.019230769230769232,390.5769230769231,0
PRV55482,41.0,500000.0,12195.121951219513,38.0,42.0,9250.0,220.23809523809524,36.0,17.333333333333332,22,73.31944444444444,0.0,72,273.0,30.0,83.0,0.4939759036144578,6135.542168674699,1
PRV55483,65.0,773400.0,11898.461538461539,50.0,11.0,4640.0,421.8181818181818,11.0,16.8,22,75.11666666666666,0.016666666666666666,60,277.0,38.0,76.0,0.8552631578947368,10237.368421052632,1
PRV55486,0.0,0.0,0.0,0.0,15.0,5170.0,344.6666666666667,15.0,17.533333333333335,22,72.53333333333333,0.0,15,40.0,0.0,15.0,0.0,344.6666666666667,0
PRV55487,0.0,0.0,0.0,0.0,78.0,27000.0,346.15384615384613,42.0,18.261904761904763,22,71.38095238095238,0.0,42,166.0,0.0,78.0,0.0,346.15384615384613,0
PRV55489,0.0,0.0,0.0,0.0,361.0,111740.0,309.52908587257616,217.0,17.981566820276498,22,72.73732718894009,0.004608294930875576,217,542.0,0.0,361.0,0.0,309.52908587257616,0
PRV55490,19.0,152000.0,8000.0,17.0,31.0,8900.0,287.0967741935484,29.0,16.91304347826087,22,70.5,0.021739130434782608,46,176.0,10.0,50.0,0.38,3218.0,0
PRV55491,0.0,0.0,0.0,0.0,355.0,115770.0,326.11267605633805,180.0,17.97222222222222,22,72.54444444444445,0.011111111111111112,180,570.0,1.0,355.0,0.0,326.11267605633805,0
PRV55492,25.0,276000.0,11040.0,23.0,17.0,5980.0,351.7647058823529,17.0,17.425,22,71.35,0.0,40,179.0,16.0,42.0,0.5952380952380952,6713.809523809524,1
PRV55493,0.0,0.0,0.0,0.0,39.0,6270.0,160.76923076923077,39.0,17.333333333333332,21,77.15384615384616,0.0,39,94.0,0.0,39.0,0.0,160.76923076923077,0
PRV55494,1.0,4000.0,4000.0,1.0,5.0,470.0,94.0,5.0,18.0,21,73.33333333333333,0.0,6,16.0,0.0,6.0,0.16666666666666666,745.0,0
PRV55495,24.0,279000.0,11625.0,24.0,27.0,3660.0,135.55555555555554,27.0,17.058823529411764,21,73.98039215686275,0.0,51,174.0,14.0,51.0,0.47058823529411764,5542.35294117647,1
PRV55496,41.0,269000.0,6560.975609756098,35.0,45.0,8440.0,187.55555555555554,45.0,17.358974358974358,22,71.91025641025641,0.0,78,277.0,19.0,86.0,0.47674418604651164,3226.046511627907,1
PRV55497,0.0,0.0,0.0,0.0,7.0,980.0,140.0,7.0,18.0,22,81.85714285714286,0.0,7,19.0,0.0,7.0,0.0,140.0,0
PRV55498,0.0,0.0,0.0,0.0,27.0,2830.0,104.81481481481481,26.0,17.76923076923077,22,74.96153846153847,0.038461538461538464,26,77.0,0.0,27.0,0.0,104.81481481481481,0
PRV55499,0.0,0.0,0.0,0.0,33.0,7900.0,239.3939393939394,29.0,17.17241379310345,22,69.3103448275862,0.0,29,82.0,0.0,33.0,0.0,239.3939393939394,0
PRV55500,0.0,0.0,0.0,0.0,38.0,15060.0,396.3157894736842,37.0,17.945945945945947,22,73.0,0.0,37,85.0,0.0,38.0,0.0,396.3157894736842,0
PRV55501,1.0,10000.0,10000.0,1.0,12.0,2940.0,245.0,12.0,17.307692307692307,20,69.92307692307692,0.0,13,47.0,0.0,13.0,0.07692307692307693,995.3846153846154,0
PRV55503,1.0,9000.0,9000.0,1.0,603.0,179780.0,298.1426202321725,298.0,17.775919732441473,22,73.06354515050167,0.006688963210702341,299,836.0,2.0,604.0,0.0016556291390728477,312.5496688741722,0
PRV55505,0.0,0.0,0.0,0.0,480.0,128250.0,267.1875,276.0,17.735507246376812,22,73.30072463768116,0.007246376811594203,276,709.0,0.0,480.0,0.0,267.1875,0
PRV55506,12.0,124800.0,10400.0,9.0,2.0,140.0,70.0,2.0,17.181818181818183,21,72.45454545454545,0.0,11,69.0,14.0,14.0,0.8571428571428571,8924.285714285714,1
PRV55507,3.0,27000.0,9000.0,3.0,84.0,17350.0,206.54761904761904,31.0,17.46875,22,70.78125,0.03125,32,170.0,1.0,87.0,0.034482758620689655,509.7701149425287,0
PRV55508,0.0,0.0,0.0,0.0,16.0,9310.0,581.875,14.0,17.428571428571427,19,71.0,0.0,14,39.0,0.0,16.0,0.0,581.875,0
PRV55509,28.0,359000.0,12821.42857142857,27.0,11.0,3510.0,319.09090909090907,11.0,16.81578947368421,22,77.21052631578948,0.02631578947368421,38,182.0,18.0,39.0,0.717948717948718,9295.128205128205,1
PRV55510,0.0,0.0,0.0,0.0,861.0,255210.0,296.411149825784,791.0,17.59039190897598,22,73.41719342604299,0.0050568900126422255,791,1065.0,0.0,861.0,0.0,296.411149825784,0
PRV55511,0.0,0.0,0.0,0.0,5.0,3520.0,704.0,5.0,16.0,18,54.4,0.0,5,19.0,0.0,5.0,0.0,704.0,0
PRV55512,0.0,0.0,0.0,0.0,128.0,32330.0,252.578125,55.0,18.12727272727273,22,71.61818181818182,0.0,55,235.0,0.0,128.0,0.0,252.578125,0
PRV55513,0.0,0.0,0.0,0.0,38.0,12550.0,330.2631578947368,36.0,17.38888888888889,22,72.25,0.0,36,74.0,0.0,38.0,0.0,330.2631578947368,0
PRV55514,7.0,53000.0,7571.428571428572,7.0,288.0,105330.0,365.7291666666667,148.0,17.65359477124183,22,74.45098039215686,0.0,153,505.0,5.0,295.0,0.023728813559322035,536.7118644067797,1
PRV55515,0.0,0.0,0.0,0.0,459.0,130860.0,285.0980392156863,181.0,18.303867403314918,22,71.62983425414365,0.0055248618784530384,181,639.0,0.0,459.0,0.0,285.0980392156863,0
PRV55516,22.0,203000.0,9227.272727272728,22.0,136.0,51930.0,381.8382352941176,87.0,17.685185185185187,22,74.52777777777777,0.0,108,332.0,12.0,158.0,0.13924050632911392,1613.4810126582279,0
PRV55518,11.0,124700.0,11336.363636363636,11.0,224.0,81070.0,361.91964285714283,190.0,17.201005025125628,22,74.4572864321608,0.0,199,435.0,11.0,235.0,0.04680851063829787,875.6170212765958,0
PRV55519,7.0,91000.0,13000.0,6.0,16.0,3710.0,231.875,15.0,16.75,20,71.15,0.0,20,84.0,9.0,23.0,0.30434782608695654,4117.826086956522,1
PRV55520,0.0,0.0,0.0,0.0,287.0,95890.0,334.11149825783974,118.0,18.02542372881356,22,72.46610169491525,0.00847457627118644,118,503.0,0.0,287.0,0.0,334.11149825783974,0
PRV55521,0.0,0.0,0.0,0.0,615.0,157650.0,256.3414634146341,258.0,18.131782945736433,22,73.0813953488372,0.003875968992248062,258,837.0,0.0,615.0,0.0,256.3414634146341,0
PRV55522,0.0,0.0,0.0,0.0,248.0,69570.0,280.5241935483871,192.0,17.3125,22,71.44270833333333,0.015625,192,385.0,0.0,248.0,0.0,280.5241935483871,0
PRV55523,0.0,0.0,0.0,0.0,303.0,83320.0,274.983498349835,158.0,18.018987341772153,22,74.20253164556962,0.012658227848101266,158,475.0,0.0,303.0,0.0,274.983498349835,0
PRV55525,0.0,0.0,0.0,0.0,933.0,294250.0,315.3804930332262,280.0,18.014285714285716,22,73.225,0.014285714285714285,280,1129.0,0.0,933.0,0.0,315.3804930332262,0
PRV55527,0.0,0.0,0.0,0.0,2.0,170.0,85.0,2.0,18.5,19,75.0,0.0,2,5.0,0.0,2.0,0.0,85.0,0
PRV55528,0.0,0.0,0.0,0.0,4.0,880.0,220.0,4.0,19.5,21,90.75,0.0,4,13.0,0.0,4.0,0.0,220.0,0
PRV55530,0.0,0.0,0.0,0.0,71.0,17730.0,249.71830985915494,67.0,17.880597014925375,22,72.5223880597015,0.0,67,143.0,0.0,71.0,0.0,249.71830985915494,0
PRV55531,108.0,884000.0,8185.185185185185,97.0,14.0,2130.0,152.14285714285714,14.0,16.46846846846847,22,73.56756756756756,0.0,111,404.0,59.0,122.0,0.8852459016393442,7263.360655737705,1
PRV55534,0.0,0.0,0.0,0.0,146.0,35080.0,240.27397260273972,72.0,18.26388888888889,22,72.90277777777777,0.0,72,257.0,0.0,146.0,0.0,240.27397260273972,0
PRV55535,0.0,0.0,0.0,0.0,42.0,9690.0,230.71428571428572,35.0,17.8,22,74.85714285714286,0.0,35,94.0,0.0,42.0,0.0,230.71428571428572,0
PRV55536,11.0,97900.0,8900.0,7.0,211.0,50450.0,239.0995260663507,105.0,17.971698113207548,22,73.93396226415095,0.009433962264150943,106,411.0,5.0,222.0,0.04954954954954955,668.2432432432432,0
PRV55537,0.0,0.0,0.0,0.0,15.0,4810.0,320.6666666666667,13.0,17.692307692307693,22,68.23076923076923,0.0,13,35.0,0.0,15.0,0.0,320.6666666666667,0
PRV55538,0.0,0.0,0.0,0.0,2.0,80.0,40.0,2.0,15.5,18,72.0,0.0,2,2.0,0.0,2.0,0.0,40.0,0
PRV55539,0.0,0.0,0.0,0.0,3.0,2620.0,873.3333333333334,3.0,19.333333333333332,21,63.333333333333336,0.0,3,6.0,0.0,3.0,0.0,873.3333333333334,0
PRV55540,23.0,216000.0,9391.304347826086,20.0,8.0,5040.0,630.0,8.0,16.296296296296298,22,70.81481481481481,0.037037037037037035,27,149.0,11.0,31.0,0.7419354838709677,7130.322580645161,0
PRV55541,0.0,0.0,0.0,0.0,134.0,30380.0,226.71641791044777,65.0,17.8,22,71.47692307692307,0.03076923076923077,65,238.0,0.0,134.0,0.0,226.71641791044777,0
PRV55543,4.0,55000.0,13750.0,4.0,137.0,37600.0,274.45255474452557,92.0,17.242105263157896,22,72.08421052631579,0.031578947368421054,95,262.0,1.0,141.0,0.028368794326241134,656.7375886524823,0
PRV55547,9.0,135000.0,15000.0,8.0,18.0,4420.0,245.55555555555554,18.0,16.923076923076923,20,73.3076923076923,0.038461538461538464,26,108.0,5.0,27.0,0.3333333333333333,5163.7037037037035,0
PRV55548,0.0,0.0,0.0,0.0,562.0,159660.0,284.0925266903915,289.0,18.0,22,73.70242214532873,0.006920415224913495,289,762.0,0.0,562.0,0.0,284.0925266903915,0
PRV55549,0.0,0.0,0.0,0.0,28.0,7300.0,260.7142857142857,11.0,17.363636363636363,20,73.45454545454545,0.0,11,66.0,0.0,28.0,0.0,260.7142857142857,0
PRV55550,37.0,451000.0,12189.18918918919,35.0,21.0,2200.0,104.76190476190476,20.0,16.925925925925927,20,74.83333333333333,0.0,54,240.0,28.0,58.0,0.6379310344827587,7813.793103448276,1
PRV55551,0.0,0.0,0.0,0.0,91.0,29760.0,327.032967032967,74.0,17.77027027027027,21,72.5,0.013513513513513514,74,196.0,0.0,91.0,0.0,327.032967032967,0
PRV55552,4.0,106000.0,26500.0,4.0,1202.0,330740.0,275.15806988352745,545.0,17.784277879341865,22,73.308957952468,0.007312614259597806,547,1361.0,4.0,1206.0,0.003316749585406302,362.1393034825871,0
PRV55554,0.0,0.0,0.0,0.0,78.0,16180.0,207.43589743589743,66.0,17.606060606060606,22,73.22727272727273,0.015151515151515152,66,138.0,0.0,78.0,0.0,207.43589743589743,0
PRV55555,7.0,37000.0,5285.714285714285,7.0,43.0,18450.0,429.06976744186045,38.0,17.266666666666666,22,72.4888888888889,0.0,45,145.0,3.0,50.0,0.14,1109.0,0
PRV55556,0.0,0.0,0.0,0.0,206.0,54080.0,262.5242718446602,181.0,17.464088397790054,22,73.37569060773481,0.0055248618784530384,181,376.0,0.0,206.0,0.0,262.5242718446602,0
PRV55557,4.0,41000.0,10250.0,4.0,64.0,19450.0,303.90625,60.0,17.476190476190474,22,73.92063492063492,0.0,63,143.0,1.0,68.0,0.058823529411764705,888.9705882352941,0
PRV55558,0.0,0.0,0.0,0.0,36.0,11330.0,314.72222222222223,33.0,17.303030303030305,21,68.9090909090909,0.0,33,70.0,0.0,36.0,0.0,314.72222222222223,0
PRV55560,0.0,0.0,0.0,0.0,21.0,5170.0,246.1904761904762,19.0,17.63157894736842,20,71.42105263157895,0.0,19,53.0,0.0,21.0,0.0,246.1904761904762,0
PRV55561,0.0,0.0,0.0,0.0,24.0,8360.0,348.3333333333333,23.0,17.17391304347826,21,76.73913043478261,0.0,23,58.0,0.0,24.0,0.0,348.3333333333333,0
PRV55562,0.0,0.0,0.0,0.0,17.0,2950.0,173.52941176470588,14.0,18.142857142857142,22,74.0,0.0,14,31.0,0.0,17.0,0.0,173.52941176470588,0
PRV55563,0.0,0.0,0.0,0.0,18.0,4690.0,260.55555555555554,17.0,17.294117647058822,22,74.3529411764706,0.0,17,35.0,0.0,18.0,0.0,260.55555555555554,0
PRV55564,0.0,0.0,0.0,0.0,3.0,150.0,50.0,3.0,17.666666666666668,20,76.0,0.0,3,4.0,0.0,3.0,0.0,50.0,0
PRV55565,0.0,0.0,0.0,0.0,23.0,6440.0,280.0,22.0,17.09090909090909,21,61.81818181818182,0.0,22,56.0,0.0,23.0,0.0,280.0,0
PRV55566,0.0,0.0,0.0,0.0,53.0,17310.0,326.60377358490564,47.0,17.617021276595743,22,70.48936170212765,0.02127659574468085,47,130.0,0.0,53.0,0.0,326.60377358490564,0
PRV55567,21.0,205300.0,9776.190476190477,21.0,49.0,8570.0,174.89795918367346,45.0,17.727272727272727,22,73.43939393939394,0.0,66,190.0,15.0,70.0,0.3,3055.285714285714,0
PRV55569,0.0,0.0,0.0,0.0,9.0,1480.0,164.44444444444446,7.0,17.571428571428573,20,76.28571428571429,0.0,7,29.0,0.0,9.0,0.0,164.44444444444446,0
PRV55570,0.0,0.0,0.0,0.0,10.0,4900.0,490.0,9.0,17.11111111111111,20,74.77777777777777,0.0,9,24.0,0.0,10.0,0.0,490.0,0
PRV55571,0.0,0.0,0.0,0.0,61.0,13560.0,222.29508196721312,51.0,17.215686274509803,22,73.94117647058823,0.0,51,118.0,0.0,61.0,0.0,222.29508196721312,0
PRV55572,0.0,0.0,0.0,0.0,1.0,10.0,10.0,1.0,15.0,15,52.0,0.0,1,1.0,0.0,1.0,0.0,10.0,0
PRV55573,4.0,29000.0,7250.0,4.0,7.0,630.0,90.0,7.0,17.0,21,70.36363636363636,0.0,11,40.0,2.0,11.0,0.36363636363636365,2693.6363636363635,0
PRV55574,0.0,0.0,0.0,0.0,15.0,2340.0,156.0,12.0,17.333333333333332,19,74.83333333333333,0.0,12,45.0,0.0,15.0,0.0,156.0,0
PRV55575,0.0,0.0,0.0,0.0,6.0,470.0,78.33333333333333,4.0,17.0,20,65.5,0.0,4,17.0,0.0,6.0,0.0,78.33333333333333,0
PRV55576,3.0,11000.0,3666.6666666666665,3.0,57.0,15830.0,277.719298245614,47.0,17.959183673469386,22,71.93877551020408,0.02040816326530612,49,144.0,2.0,60.0,0.05,447.1666666666667,0
PRV55577,0.0,0.0,0.0,0.0,2.0,20.0,10.0,2.0,15.5,16,53.5,0.0,2,9.0,0.0,2.0,0.0,10.0,0
PRV55578,0.0,0.0,0.0,0.0,1.0,200.0,200.0,1.0,16.0,16,80.0,0.0,1,1.0,0.0,1.0,0.0,200.0,0
PRV55579,0.0,0.0,0.0,0.0,174.0,37570.0,215.91954022988506,82.0,17.79268292682927,22,71.4390243902439,0.012195121951219513,82,318.0,0.0,174.0,0.0,215.91954022988506,0
PRV55580,0.0,0.0,0.0,0.0,66.0,19380.0,293.6363636363636,26.0,18.153846153846153,22,74.6923076923077,0.0,26,130.0,0.0,66.0,0.0,293.6363636363636,0
PRV55581,0.0,0.0,0.0,0.0,2.0,70.0,35.0,2.0,19.5,21,71.0,0.0,2,8.0,0.0,2.0,0.0,35.0,0
PRV55582,0.0,0.0,0.0,0.0,24.0,7870.0,327.9166666666667,22.0,16.227272727272727,21,74.9090909090909,0.0,22,72.0,0.0,24.0,0.0,327.9166666666667,0
PRV55583,3.0,18000.0,6000.0,3.0,9.0,820.0,91.11111111111111,8.0,17.545454545454547,22,75.81818181818181,0.0,11,35.0,4.0,12.0,0.25,1568.3333333333333,0
PRV55584,0.0,0.0,0.0,0.0,2.0,600.0,300.0,2.0,16.5,19,80.0,0.0,2,10.0,0.0,2.0,0.0,300.0,0
PRV55585,0.0,0.0,0.0,0.0,114.0,32500.0,285.0877192982456,85.0,17.788235294117648,22,73.23529411764706,0.011764705882352941,85,211.0,0.0,114.0,0.0,285.0877192982456,0
PRV55586,2.0,42000.0,21000.0,2.0,0.0,0.0,0.0,0.0,15.5,17,88.5,0.0,2,18.0,1.0,2.0,1.0,21000.0,0
PRV55587,0.0,0.0,0.0,0.0,7.0,1730.0,247.14285714285714,7.0,16.142857142857142,21,79.14285714285714,0.0,7,27.0,0.0,7.0,0.0,247.14285714285714,0
PRV55588,0.0,0.0,0.0,0.0,3.0,3800.0,1266.6666666666667,3.0,18.0,18,58.666666666666664,0.0,3,14.0,0.0,3.0,0.0,1266.6666666666667,0
PRV55589,0.0,0.0,0.0,0.0,20.0,2240.0,112.0,18.0,17.77777777777778,22,74.11111111111111,0.0,18,40.0,0.0,20.0,0.0,112.0,0
PRV55590,0.0,0.0,0.0,0.0,5.0,2500.0,500.0,5.0,19.2,22,74.2,0.0,5,12.0,0.0,5.0,0.0,500.0,0
PRV55591,0.0,0.0,0.0,0.0,1.0,0.0,0.0,1.0,20.0,20,100.0,0.0,1,2.0,0.0,1.0,0.0,0.0,0
PRV55592,0.0,0.0,0.0,0.0,117.0,22140.0,189.23076923076923,52.0,18.384615384615383,22,72.63461538461539,0.0,52,210.0,0.0,117.0,0.0,189.23076923076923,0
PRV55593,0.0,0.0,0.0,0.0,147.0,39820.0,270.8843537414966,53.0,17.641509433962263,22,73.18867924528301,0.0,53,271.0,0.0,147.0,0.0,270.8843537414966,0
PRV55595,0.0,0.0,0.0,0.0,17.0,2610.0,153.52941176470588,16.0,18.0625,22,70.75,0.0,16,40.0,0.0,17.0,0.0,153.52941176470588,0
PRV55596,0.0,0.0,0.0,0.0,32.0,12720.0,397.5,24.0,16.958333333333332,22,67.83333333333333,0.0,24,88.0,0.0,32.0,0.0,397.5,0
PRV55598,0.0,0.0,0.0,0.0,167.0,46190.0,276.58682634730536,84.0,17.75,22,70.38095238095238,0.011904761904761904,84,281.0,0.0,167.0,0.0,276.58682634730536,0
PRV55599,0.0,0.0,0.0,0.0,1.0,100.0,100.0,1.0,17.0,17,71.0,0.0,1,6.0,0.0,1.0,0.0,100.0,0
PRV55600,4.0,25000.0,6250.0,4.0,0.0,0.0,0.0,0.0,15.5,18,77.25,0.0,4,29.0,2.0,4.0,1.0,6250.0,0
PRV55601,0.0,0.0,0.0,0.0,8.0,1540.0,192.5,8.0,17.75,21,71.0,0.0,8,16.0,0.0,8.0,0.0,192.5,0
PRV55602,0.0,0.0,0.0,0.0,5.0,780.0,156.0,4.0,19.0,21,69.25,0.0,4,10.0,0.0,5.0,0.0,156.0,0
PRV55603,2.0,15000.0,7500.0,2.0,0.0,0.0,0.0,0.0,15.5,17,68.0,0.0,2,17.0,1.0,2.0,1.0,7500.0,0
PRV55604,17.0,130000.0,7647.058823529412,17.0,0.0,0.0,0.0,0.0,17.058823529411764,20,70.41176470588235,0.0,17,98.0,11.0,17.0,1.0,7647.058823529412,0
PRV55606,4.0,40000.0,10000.0,3.0,0.0,0.0,0.0,0.0,14.0,15,75.33333333333333,0.0,3,30.0,1.0,4.0,1.0,10000.0,0
PRV55607,0.0,0.0,0.0,0.0,1.0,40.0,40.0,1.0,15.0,15,89.0,0.0,1,1.0,0.0,1.0,0.0,40.0,0
PRV55608,0.0,0.0,0.0,0.0,18.0,7400.0,411.1111111111111,18.0,17.166666666666668,22,72.72222222222223,0.0,18,49.0,0.0,18.0,0.0,411.1111111111111,0
PRV55609,0.0,0.0,0.0,0.0,10.0,6850.0,685.0,10.0,16.0,21,72.3,0.1,10,26.0,0.0,10.0,0.0,685.0,0
PRV55610,0.0,0.0,0.0,0.0,1.0,1700.0,1700.0,1.0,19.0,19,89.0,0.0,1,1.0,0.0,1.0,0.0,1700.0,0
PRV55612,0.0,0.0,0.0,0.0,1.0,800.0,800.0,1.0,18.0,18,81.0,0.0,1,3.0,0.0,1.0,0.0,800.0,0
PRV55613,0.0,0.0,0.0,0.0,7.0,740.0,105.71428571428571,7.0,17.142857142857142,21,69.28571428571429,0.0,7,18.0,0.0,7.0,0.0,105.71428571428571,0
PRV55614,0.0,0.0,0.0,0.0,73.0,29530.0,404.52054794520546,68.0,17.83823529411765,22,73.80882352941177,0.014705882352941176,68,144.0,0.0,73.0,0.0,404.52054794520546,0
PRV55615,0.0,0.0,0.0,0.0,1.0,50.0,50.0,1.0,19.0,19,34.0,0.0,1,3.0,0.0,1.0,0.0,50.0,0
PRV55617,0.0,0.0,0.0,0.0,2.0,260.0,130.0,2.0,19.5,21,72.5,0.0,2,2.0,0.0,2.0,0.0,130.0,0
PRV55618,0.0,0.0,0.0,0.0,13.0,1410.0,108.46153846153847,11.0,18.363636363636363,22,71.63636363636364,0.0,11,36.0,0.0,13.0,0.0,108.46153846153847,0
PRV55619,0.0,0.0,0.0,0.0,2.0,60.0,30.0,2.0,17.0,19,80.0,0.0,2,8.0,0.0,2.0,0.0,30.0,0
PRV55620,0.0,0.0,0.0,0.0,15.0,1840.0,122.66666666666667,14.0,17.857142857142858,21,76.78571428571429,0.0,14,36.0,0.0,15.0,0.0,122.66666666666667,0
PRV55621,0.0,0.0,0.0,0.0,62.0,13030.0,210.16129032258064,59.0,17.728813559322035,22,73.37288135593221,0.01694915254237288,59,130.0,0.0,62.0,0.0,210.16129032258064,0
PRV55622,0.0,0.0,0.0,0.0,1.0,1500.0,1500.0,1.0,20.0,20,71.0,0.0,1,1.0,0.0,1.0,0.0,1500.0,0
PRV55623,0.0,0.0,0.0,0.0,9.0,2950.0,327.77777777777777,8.0,18.25,20,76.0,0.0,8,16.0,0.0,9.0,0.0,327.77777777777777,0
PRV55624,0.0,0.0,0.0,0.0,2.0,100.0,50.0,2.0,17.5,19,67.5,0.0,2,2.0,0.0,2.0,0.0,50.0,0
PRV55625,0.0,0.0,0.0,0.0,21.0,5910.0,281.42857142857144,16.0,18.3125,22,76.6875,0.0,16,53.0,0.0,21.0,0.0,281.42857142857144,0
PRV55626,0.0,0.0,0.0,0.0,9.0,810.0,90.0,9.0,17.555555555555557,20,78.88888888888889,0.0,9,19.0,0.0,9.0,0.0,90.0,0
PRV55627,0.0,0.0,0.0,0.0,38.0,5980.0,157.3684210526316,32.0,17.53125,22,70.28125,0.03125,32,93.0,0.0,38.0,0.0,157.3684210526316,0
PRV55631,0.0,0.0,0.0,0.0,2.0,400.0,200.0,2.0,16.0,17,88.0,0.0,2,5.0,0.0,2.0,0.0,200.0,0
PRV55632,0.0,0.0,0.0,0.0,1.0,60.0,60.0,1.0,17.0,17,72.0,0.0,1,1.0,0.0,1.0,0.0,60.0,0
PRV55633,0.0,0.0,0.0,0.0,358.0,91690.0,256.1173184357542,209.0,18.14354066985646,22,73.22966507177034,0.023923444976076555,209,541.0,0.0,358.0,0.0,256.1173184357542,0
PRV55634,0.0,0.0,0.0,0.0,2.0,3500.0,1750.0,2.0,14.5,16,59.5,0.0,2,10.0,0.0,2.0,0.0,1750.0,0
PRV55635,0.0,0.0,0.0,0.0,59.0,13490.0,228.64406779661016,58.0,17.82758620689655,22,72.53448275862068,0.0,58,125.0,0.0,59.0,0.0,228.64406779661016,0
PRV55637,0.0,0.0,0.0,0.0,1.0,300.0,300.0,1.0,14.0,14,71.0,0.0,1,5.0,0.0,1.0,0.0,300.0,0
PRV55638,0.0,0.0,0.0,0.0,5.0,360.0,72.0,4.0,18.0,22,79.0,0.0,4,9.0,0.0,5.0,0.0,72.0,0
PRV55639,0.0,0.0,0.0,0.0,4.0,440.0,110.0,4.0,17.75,21,68.5,0.0,4,11.0,0.0,4.0,0.0,110.0,0
PRV55640,0.0,0.0,0.0,0.0,64.0,11900.0,185.9375,49.0,18.3265306122449,22,73.28571428571429,0.0,49,130.0,0.0,64.0,0.0,185.9375,0
PRV55641,0.0,0.0,0.0,0.0,2.0,840.0,420.0,2.0,15.0,16,72.0,0.0,2,9.0,0.0,2.0,0.0,420.0,0
PRV55642,0.0,0.0,0.0,0.0,2.0,2900.0,1450.0,2.0,15.5,18,83.0,0.0,2,4.0,0.0,2.0,0.0,1450.0,0
PRV55644,0.0,0.0,0.0,0.0,29.0,5060.0,174.48275862068965,26.0,18.115384615384617,22,73.38461538461539,0.0,26,65.0,0.0,29.0,0.0,174.48275862068965,0
PRV55646,0.0,0.0,0.0,0.0,2.0,300.0,150.0,2.0,19.5,20,77.5,0.0,2,7.0,0.0,2.0,0.0,150.0,0
PRV55648,0.0,0.0,0.0,0.0,2.0,80.0,40.0,2.0,16.0,17,66.5,0.0,2,6.0,0.0,2.0,0.0,40.0,0
PRV55649,0.0,0.0,0.0,0.0,2.0,100.0,50.0,1.0,20.0,20,85.0,0.0,1,7.0,0.0,2.0,0.0,50.0,0
PRV55650,0.0,0.0,0.0,0.0,4.0,220.0,55.0,4.0,17.5,19,80.0,0.0,4,8.0,0.0,4.0,0.0,55.0,0
PRV55652,0.0,0.0,0.0,0.0,28.0,6140.0,219.28571428571428,27.0,17.703703703703702,22,71.33333333333333,0.0,27,65.0,0.0,28.0,0.0,219.28571428571428,0
PRV55653,0.0,0.0,0.0,0.0,25.0,6400.0,256.0,25.0,18.36,22,75.24,0.0,25,56.0,0.0,25.0,0.0,256.0,0
PRV55654,0.0,0.0,0.0,0.0,578.0,195200.0,337.71626297577853,374.0,17.86096256684492,22,73.00802139037434,0.02406417112299465,374,788.0,0.0,578.0,0.0,337.71626297577853,0
PRV55655,0.0,0.0,0.0,0.0,3.0,230.0,76.66666666666667,3.0,18.666666666666668,20,77.0,0.0,3,7.0,0.0,3.0,0.0,76.66666666666667,0
PRV55656,0.0,0.0,0.0,0.0,30.0,10170.0,339.0,26.0,17.423076923076923,21,68.3076923076923,0.0,26,67.0,0.0,30.0,0.0,339.0,0
PRV55657,0.0,0.0,0.0,0.0,1.0,1700.0,1700.0,1.0,18.0,18,75.0,0.0,1,7.0,0.0,1.0,0.0,1700.0,0
PRV55658,15.0,196400.0,13093.333333333334,14.0,0.0,0.0,0.0,0.0,16.642857142857142,20,73.57142857142857,0.0,14,93.0,11.0,15.0,1.0,13093.333333333334,0
PRV55659,20.0,227000.0,11350.0,18.0,0.0,0.0,0.0,0.0,16.11111111111111,20,73.94444444444444,0.0,18,114.0,13.0,20.0,1.0,11350.0,1
PRV55660,4.0,33000.0,8250.0,4.0,0.0,0.0,0.0,0.0,17.0,22,77.0,0.0,4,28.0,3.0,4.0,1.0,8250.0,0
PRV55661,14.0,202000.0,14428.57142857143,11.0,0.0,0.0,0.0,0.0,17.09090909090909,20,76.0,0.0,11,76.0,10.0,14.0,1.0,14428.57142857143,0
PRV55662,28.0,233000.0,8321.42857142857,27.0,0.0,0.0,0.0,0.0,16.814814814814813,21,73.70370370370371,0.0,27,149.0,18.0,28.0,1.0,8321.42857142857,0
PRV55663,7.0,36000.0,5142.857142857143,7.0,0.0,0.0,0.0,0.0,16.571428571428573,21,70.57142857142857,0.0,7,51.0,7.0,7.0,1.0,5142.857142857143,0
PRV55664,20.0,205000.0,10250.0,17.0,0.0,0.0,0.0,0.0,16.235294117647058,20,76.29411764705883,0.0,17,120.0,14.0,20.0,1.0,10250.0,0
PRV55665,1.0,9000.0,9000.0,1.0,0.0,0.0,0.0,0.0,15.0,15,69.0,0.0,1,5.0,1.0,1.0,1.0,9000.0,0
PRV55666,19.0,125000.0,6578.9473684210525,19.0,0.0,0.0,0.0,0.0,16.31578947368421,20,72.26315789473684,0.0,19,102.0,12.0,19.0,1.0,6578.9473684210525,0
PRV55667,38.0,382180.0,10057.368421052632,33.0,0.0,0.0,0.0,0.0,16.12121212121212,21,75.0,0.0,33,188.0,27.0,38.0,1.0,10057.368421052632,1
PRV55668,4.0,47000.0,11750.0,4.0,0.0,0.0,0.0,0.0,18.5,22,76.25,0.0,4,26.0,4.0,4.0,1.0,11750.0,0
PRV55670,9.0,98000.0,10888.888888888889,8.0,0.0,0.0,0.0,0.0,16.125,19,81.5,0.125,8,63.0,7.0,9.0,1.0,10888.888888888889,1
PRV55671,2.0,16000.0,8000.0,2.0,0.0,0.0,0.0,0.0,17.5,18,75.5,0.0,2,14.0,3.0,2.0,1.0,8000.0,0
PRV55673,9.0,92000.0,10222.222222222223,9.0,51.0,18000.0,352.94117647058823,48.0,17.464285714285715,22,71.76785714285714,0.0,56,155.0,5.0,60.0,0.15,1833.3333333333333,1
PRV55674,0.0,0.0,0.0,0.0,9.0,4990.0,554.4444444444445,8.0,16.625,20,73.25,0.0,8,31.0,0.0,9.0,0.0,554.4444444444445,0
PRV55675,2.0,81000.0,40500.0,2.0,81.0,17840.0,220.2469135802469,52.0,17.566037735849058,22,74.39622641509433,0.0,53,182.0,3.0,83.0,0.024096385542168676,1190.8433734939758,0
PRV55676,115.0,1029600.0,8953.04347826087,103.0,52.0,10700.0,205.76923076923077,48.0,16.913333333333334,22,72.46,0.006666666666666667,150,485.0,53.0,167.0,0.688622754491018,6229.34131736527,1
PRV55677,0.0,0.0,0.0,0.0,84.0,17200.0,204.76190476190476,79.0,18.088607594936708,22,70.9113924050633,0.0,79,153.0,0.0,84.0,0.0,204.76190476190476,0
PRV55678,9.0,128700.0,14300.0,9.0,7.0,590.0,84.28571428571429,7.0,17.125,21,73.3125,0.0625,16,68.0,8.0,16.0,0.5625,8080.625,0
PRV55679,9.0,92000.0,10222.222222222223,9.0,220.0,55280.0,251.27272727272728,86.0,17.97752808988764,22,72.1685393258427,0.0,89,425.0,4.0,229.0,0.039301310043668124,643.1441048034934,0
PRV55680,5.0,25000.0,5000.0,5.0,201.0,43060.0,214.22885572139305,69.0,17.84722222222222,22,72.43055555555556,0.027777777777777776,72,408.0,1.0,206.0,0.024271844660194174,330.3883495145631,0
PRV55682,6.0,57000.0,9500.0,5.0,17.0,5740.0,337.6470588235294,15.0,17.210526315789473,22,75.05263157894737,0.0,19,89.0,5.0,23.0,0.2608695652173913,2727.8260869565215,0
PRV55683,0.0,0.0,0.0,0.0,28.0,4100.0,146.42857142857142,10.0,17.4,21,72.1,0.0,10,71.0,0.0,28.0,0.0,146.42857142857142,0
PRV55684,0.0,0.0,0.0,0.0,3.0,410.0,136.66666666666666,3.0,19.0,21,62.0,0.0,3,6.0,0.0,3.0,0.0,136.66666666666666,0
PRV55687,5.0,31000.0,6200.0,4.0,76.0,30240.0,397.89473684210526,46.0,17.416666666666668,22,74.1875,0.0,48,191.0,3.0,81.0,0.06172839506172839,756.0493827160494,0
PRV55688,1.0,14000.0,14000.0,1.0,46.0,9600.0,208.69565217391303,28.0,17.93103448275862,22,75.79310344827586,0.0,29,112.0,0.0,47.0,0.02127659574468085,502.1276595744681,0
PRV55689,104.0,1083800.0,10421.153846153846,89.0,473.0,142970.0,302.262156448203,320.0,17.8005540166205,22,72.98060941828255,0.0110803324099723,361,926.0,49.0,577.0,0.18024263431542462,2126.117850953206,1
PRV55690,15.0,154000.0,10266.666666666666,13.0,76.0,14510.0,190.92105263157896,63.0,17.6,22,73.61333333333333,0.0,75,228.0,13.0,91.0,0.16483516483516483,1851.7582417582419,0
PRV55691,3.0,17000.0,5666.666666666667,3.0,37.0,5060.0,136.75675675675674,14.0,18.066666666666666,22,78.06666666666666,0.06666666666666667,15,90.0,2.0,40.0,0.075,551.5,0
PRV55692,3.0,22000.0,7333.333333333333,3.0,149.0,26480.0,177.71812080536913,76.0,18.240506329113924,22,71.86075949367088,0.0,79,294.0,0.0,152.0,0.019736842105263157,318.94736842105266,0
PRV55695,0.0,0.0,0.0,0.0,73.0,15150.0,207.53424657534248,51.0,17.431372549019606,22,72.25490196078431,0.0,51,162.0,0.0,73.0,0.0,207.53424657534248,0
PRV55697,0.0,0.0,0.0,0.0,26.0,7430.0,285.7692307692308,24.0,18.625,22,68.25,0.0,24,51.0,0.0,26.0,0.0,285.7692307692308,0
PRV55699,1.0,11000.0,11000.0,1.0,29.0,11960.0,412.41379310344826,7.0,18.0,20,77.57142857142857,0.0,7,72.0,2.0,30.0,0.03333333333333333,765.3333333333334,0
PRV55700,3.0,70000.0,23333.333333333332,3.0,27.0,13030.0,482.5925925925926,23.0,17.5,22,74.0,0.0,26,68.0,3.0,30.0,0.1,2767.6666666666665,0
PRV55701,0.0,0.0,0.0,0.0,186.0,50800.0,273.1182795698925,70.0,18.5,22,71.78571428571429,0.014285714285714285,70,337.0,0.0,186.0,0.0,273.1182795698925,0
PRV55702,0.0,0.0,0.0,0.0,14.0,3640.0,260.0,14.0,17.214285714285715,21,72.5,0.0,14,36.0,0.0,14.0,0.0,260.0,0
PRV55703,3.0,21000.0,7000.0,3.0,55.0,13700.0,249.0909090909091,42.0,18.42222222222222,22,70.86666666666666,0.022222222222222223,45,132.0,1.0,58.0,0.05172413793103448,598.2758620689655,0
PRV55704,4.0,22000.0,5500.0,4.0,34.0,6110.0,179.7058823529412,29.0,17.03125,22,74.03125,0.0,32,105.0,1.0,38.0,0.10526315789473684,739.7368421052631,0
PRV55705,0.0,0.0,0.0,0.0,253.0,63920.0,252.64822134387353,115.0,18.243478260869566,22,73.67826086956522,0.0,115,390.0,0.0,253.0,0.0,252.64822134387353,0
PRV55706,1.0,12000.0,12000.0,1.0,0.0,0.0,0.0,0.0,14.0,14,57.0,0.0,1,9.0,1.0,1.0,1.0,12000.0,0
PRV55707,7.0,51000.0,7285.714285714285,7.0,26.0,4020.0,154.6153846153846,17.0,17.25,21,72.70833333333333,0.0,24,96.0,4.0,33.0,0.21212121212121213,1667.2727272727273,0
PRV55709,16.0,153300.0,9581.25,15.0,27.0,7290.0,270.0,27.0,17.738095238095237,22,73.57142857142857,0.0,42,150.0,11.0,43.0,0.37209302325581395,3734.6511627906975,0
PRV55710,6.0,36000.0,6000.0,6.0,34.0,12680.0,372.94117647058823,32.0,17.513513513513512,22,75.89189189189189,0.0,37,115.0,4.0,40.0,0.15,1217.0,0
PRV55711,0.0,0.0,0.0,0.0,5.0,660.0,132.0,5.0,18.0,19,71.8,0.0,5,17.0,0.0,5.0,0.0,132.0,0
PRV55712,0.0,0.0,0.0,0.0,26.0,9880.0,380.0,25.0,17.68,22,69.08,0.0,25,57.0,0.0,26.0,0.0,380.0,0
PRV55714,3.0,22000.0,7333.333333333333,3.0,19.0,7640.0,402.10526315789474,15.0,17.176470588235293,21,71.82352941176471,0.0,17,70.0,2.0,22.0,0.13636363636363635,1347.2727272727273,0
PRV55715,57.0,487000.0,8543.859649122807,51.0,807.0,243210.0,301.37546468401484,400.0,17.859857482185273,22,72.7790973871734,0.009501187648456057,421,1139.0,30.0,864.0,0.06597222222222222,845.1504629629629,1
PRV55716,0.0,0.0,0.0,0.0,25.0,6620.0,264.8,23.0,17.91304347826087,22,73.30434782608695,0.0,23,64.0,0.0,25.0,0.0,264.8,0
PRV55717,0.0,0.0,0.0,0.0,73.0,25360.0,347.3972602739726,27.0,18.25925925925926,22,69.37037037037037,0.0,27,156.0,0.0,73.0,0.0,347.3972602739726,0
PRV55719,0.0,0.0,0.0,0.0,23.0,6600.0,286.95652173913044,11.0,18.363636363636363,21,78.9090909090909,0.0,11,56.0,0.0,23.0,0.0,286.95652173913044,0
PRV55720,4.0,25050.0,6262.5,4.0,7.0,2280.0,325.7142857142857,7.0,17.9,21,74.8,0.0,10,42.0,1.0,11.0,0.36363636363636365,2484.5454545454545,0
PRV55721,0.0,0.0,0.0,0.0,5.0,410.0,82.0,5.0,18.4,22,73.0,0.0,5,11.0,0.0,5.0,0.0,82.0,0
PRV55723,0.0,0.0,0.0,0.0,47.0,14500.0,308.51063829787233,25.0,18.48,22,71.0,0.0,25,105.0,0.0,47.0,0.0,308.51063829787233,0
PRV55724,0.0,0.0,0.0,0.0,31.0,12550.0,404.83870967741933,31.0,17.806451612903224,22,70.87096774193549,0.0,31,84.0,0.0,31.0,0.0,404.83870967741933,0
PRV55726,0.0,0.0,0.0,0.0,36.0,9690.0,269.1666666666667,16.0,18.625,22,70.875,0.0,16,84.0,0.0,36.0,0.0,269.1666666666667,0
PRV55727,0.0,0.0,0.0,0.0,68.0,16630.0,244.55882352941177,35.0,17.8,22,72.77142857142857,0.02857142857142857,35,128.0,0.0,68.0,0.0,244.55882352941177,0
PRV55728,0.0,0.0,0.0,0.0,7.0,3620.0,517.1428571428571,5.0,18.4,20,77.6,0.0,5,24.0,0.0,7.0,0.0,517.1428571428571,0
PRV55729,0.0,0.0,0.0,0.0,114.0,20910.0,183.42105263157896,39.0,18.358974358974358,22,71.41025641025641,0.0,39,191.0,0.0,114.0,0.0,183.42105263157896,0
PRV55731,0.0,0.0,0.0,0.0,135.0,32410.0,240.07407407407408,52.0,17.846153846153847,22,73.51923076923077,0.019230769230769232,52,248.0,0.0,135.0,0.0,240.07407407407408,0
PRV55732,12.0,154000.0,12833.333333333334,12.0,99.0,24660.0,249.0909090909091,54.0,17.153846153846153,22,73.27692307692308,0.03076923076923077,65,248.0,8.0,111.0,0.10810810810810811,1609.5495495495495,0
PRV55733,0.0,0.0,0.0,0.0,46.0,14670.0,318.9130434782609,43.0,17.209302325581394,22,73.30232558139535,0.0,43,92.0,0.0,46.0,0.0,318.9130434782609,0
PRV55734,0.0,0.0,0.0,0.0,310.0,71190.0,229.6451612903226,132.0,17.568181818181817,22,70.70454545454545,0.007575757575757576,132,504.0,0.0,310.0,0.0,229.6451612903226,0
PRV55735,0.0,0.0,0.0,0.0,93.0,32230.0,346.55913978494624,83.0,18.0,22,73.03614457831326,0.024096385542168676,83,199.0,0.0,93.0,0.0,346.55913978494624,0
PRV55736,4.0,30000.0,7500.0,4.0,226.0,77940.0,344.86725663716817,111.0,17.912280701754387,22,72.3157894736842,0.008771929824561403,114,429.0,3.0,230.0,0.017391304347826087,469.30434782608694,0
PRV55737,19.0,177000.0,9315.78947368421,19.0,238.0,84570.0,355.33613445378154,160.0,18.02285714285714,22,73.17714285714285,0.005714285714285714,175,449.0,13.0,257.0,0.07392996108949416,1017.7821011673152,0
PRV55739,19.0,211000.0,11105.263157894737,19.0,67.0,23640.0,352.8358208955224,58.0,17.173333333333332,22,74.33333333333333,0.013333333333333334,75,223.0,13.0,86.0,0.22093023255813954,2728.3720930232557,0
PRV55740,0.0,0.0,0.0,0.0,21.0,4510.0,214.76190476190476,18.0,17.88888888888889,22,70.66666666666667,0.0,18,50.0,0.0,21.0,0.0,214.76190476190476,0
PRV55741,0.0,0.0,0.0,0.0,6.0,1220.0,203.33333333333334,6.0,16.5,21,78.5,0.0,6,20.0,0.0,6.0,0.0,203.33333333333334,0
PRV55742,6.0,55000.0,9166.666666666666,6.0,69.0,15050.0,218.1159420289855,34.0,18.25,22,71.63888888888889,0.05555555555555555,36,187.0,6.0,75.0,0.08,934.0,0
PRV55743,5.0,46000.0,9200.0,5.0,64.0,18530.0,289.53125,56.0,17.770491803278688,22,72.91803278688525,0.0,61,158.0,4.0,69.0,0.07246376811594203,935.2173913043479,0
PRV55744,0.0,0.0,0.0,0.0,2.0,80.0,40.0,2.0,17.5,21,81.0,0.0,2,8.0,0.0,2.0,0.0,40.0,0
PRV55745,0.0,0.0,0.0,0.0,81.0,14410.0,177.90123456790124,74.0,17.472972972972972,22,74.60810810810811,0.0,74,151.0,0.0,81.0,0.0,177.90123456790124,0
PRV55748,0.0,0.0,0.0,0.0,10.0,3470.0,347.0,10.0,16.9,21,70.3,0.0,10,15.0,0.0,10.0,0.0,347.0,0
PRV55749,0.0,0.0,0.0,0.0,4.0,410.0,102.5,4.0,16.0,19,69.75,0.0,4,8.0,0.0,4.0,0.0,102.5,0
PRV55750,0.0,0.0,0.0,0.0,5.0,660.0,132.0,5.0,17.2,21,71.2,0.0,5,11.0,0.0,5.0,0.0,132.0,0
PRV55751,0.0,0.0,0.0,0.0,2.0,1280.0,640.0,2.0,21.0,22,67.0,0.0,2,6.0,0.0,2.0,0.0,640.0,0
PRV55752,0.0,0.0,0.0,0.0,563.0,156720.0,278.3658969804618,347.0,18.020172910662826,22,72.40057636887607,0.008645533141210375,347,776.0,0.0,563.0,0.0,278.3658969804618,0
PRV55753,8.0,86000.0,10750.0,8.0,32.0,7000.0,218.75,28.0,17.38888888888889,22,71.52777777777777,0.0,36,106.0,9.0,40.0,0.2,2325.0,0
PRV55754,0.0,0.0,0.0,0.0,22.0,5210.0,236.8181818181818,21.0,17.714285714285715,22,67.42857142857143,0.0,21,49.0,0.0,22.0,0.0,236.8181818181818,0
PRV55755,11.0,130000.0,11818.181818181818,10.0,75.0,25920.0,345.6,64.0,17.41891891891892,22,74.41891891891892,0.02702702702702703,74,219.0,6.0,86.0,0.12790697674418605,1813.0232558139535,0
PRV55759,0.0,0.0,0.0,0.0,3.0,240.0,80.0,3.0,19.0,21,73.33333333333333,0.0,3,7.0,0.0,3.0,0.0,80.0,0
PRV55760,0.0,0.0,0.0,0.0,3.0,210.0,70.0,3.0,18.333333333333332,19,75.66666666666667,0.0,3,5.0,0.0,3.0,0.0,70.0,0
PRV55761,0.0,0.0,0.0,0.0,4.0,210.0,52.5,1.0,21.0,21,76.0,0.0,1,8.0,0.0,4.0,0.0,52.5,0
PRV55762,0.0,0.0,0.0,0.0,9.0,1140.0,126.66666666666667,9.0,18.0,20,76.66666666666667,0.0,9,20.0,0.0,9.0,0.0,126.66666666666667,0
PRV55763,0.0,0.0,0.0,0.0,10.0,1480.0,148.0,8.0,18.625,21,72.625,0.0,8,27.0,0.0,10.0,0.0,148.0,0
PRV55764,1.0,4000.0,4000.0,1.0,28.0,5830.0,208.21428571428572,27.0,17.285714285714285,22,77.57142857142857,0.0,28,76.0,3.0,29.0,0.034482758620689655,338.9655172413793,0
PRV55765,2.0,15000.0,7500.0,2.0,18.0,5790.0,321.6666666666667,7.0,17.5,21,69.875,0.0,8,63.0,2.0,20.0,0.1,1039.5,0
PRV55766,0.0,0.0,0.0,0.0,6.0,300.0,50.0,3.0,17.666666666666668,20,69.33333333333333,0.0,3,11.0,0.0,6.0,0.0,50.0,0
PRV55767,0.0,0.0,0.0,0.0,2.0,80.0,40.0,2.0,19.5,21,70.5,0.0,2,4.0,0.0,2.0,0.0,40.0,0
PRV55768,0.0,0.0,0.0,0.0,64.0,24570.0,383.90625,34.0,18.88235294117647,22,73.52941176470588,0.029411764705882353,34,115.0,0.0,64.0,0.0,383.90625,0
PRV55769,2.0,11000.0,5500.0,1.0,13.0,7000.0,538.4615384615385,8.0,18.125,21,71.375,0.0,8,62.0,2.0,15.0,0.13333333333333333,1200.0,0
PRV55770,0.0,0.0,0.0,0.0,19.0,1870.0,98.42105263157895,14.0,18.428571428571427,22,73.71428571428571,0.0,14,32.0,0.0,19.0,0.0,98.42105263157895,0
PRV55771,0.0,0.0,0.0,0.0,73.0,18120.0,248.21917808219177,29.0,18.620689655172413,22,74.65517241379311,0.0,29,148.0,0.0,73.0,0.0,248.21917808219177,0
PRV55772,0.0,0.0,0.0,0.0,4.0,490.0,122.5,4.0,16.5,18,64.0,0.0,4,8.0,0.0,4.0,0.0,122.5,0
PRV55774,4.0,48000.0,12000.0,3.0,10.0,1930.0,193.0,9.0,16.833333333333332,20,77.16666666666667,0.0,12,59.0,3.0,14.0,0.2857142857142857,3566.4285714285716,0
PRV55775,1.0,10000.0,10000.0,1.0,13.0,1610.0,123.84615384615384,13.0,18.0,21,65.92857142857143,0.0,14,37.0,0.0,14.0,0.07142857142857142,829.2857142857143,0
PRV55776,0.0,0.0,0.0,0.0,4.0,90.0,22.5,4.0,18.5,21,75.5,0.0,4,21.0,0.0,4.0,0.0,22.5,0
PRV55777,0.0,0.0,0.0,0.0,17.0,4620.0,271.7647058823529,11.0,19.0,22,66.54545454545455,0.0,11,39.0,0.0,17.0,0.0,271.7647058823529,0
PRV55778,0.0,0.0,0.0,0.0,1.0,40.0,40.0,1.0,19.0,19,67.0,0.0,1,8.0,0.0,1.0,0.0,40.0,0
PRV55779,0.0,0.0,0.0,0.0,7.0,2530.0,361.42857142857144,6.0,17.666666666666668,22,75.33333333333333,0.0,6,7.0,0.0,7.0,0.0,361.42857142857144,0
PRV55780,6.0,95000.0,15833.333333333334,5.0,46.0,14220.0,309.1304347826087,30.0,18.0,22,73.20588235294117,0.029411764705882353,34,132.0,6.0,52.0,0.11538461538461539,2100.3846153846152,0
PRV55782,0.0,0.0,0.0,0.0,6.0,1930.0,321.6666666666667,5.0,18.4,22,77.8,0.0,5,21.0,0.0,6.0,0.0,321.6666666666667,0
PRV55783,4.0,41000.0,10250.0,4.0,3.0,2040.0,680.0,3.0,17.428571428571427,20,69.42857142857143,0.0,7,34.0,2.0,7.0,0.5714285714285714,6148.571428571428,0
PRV55785,0.0,0.0,0.0,0.0,9.0,4570.0,507.77777777777777,8.0,18.25,22,73.0,0.0,8,17.0,0.0,9.0,0.0,507.77777777777777,0
PRV55786,0.0,0.0,0.0,0.0,11.0,2120.0,192.72727272727272,10.0,18.0,22,75.8,0.0,10,40.0,0.0,11.0,0.0,192.72727272727272,0
PRV55787,0.0,0.0,0.0,0.0,1.0,200.0,200.0,1.0,18.0,18,81.0,0.0,1,2.0,0.0,1.0,0.0,200.0,0
PRV55788,0.0,0.0,0.0,0.0,19.0,2770.0,145.78947368421052,16.0,17.8125,22,74.25,0.0,16,40.0,0.0,19.0,0.0,145.78947368421052,0
PRV55789,0.0,0.0,0.0,0.0,23.0,6860.0,298.2608695652174,17.0,17.058823529411764,20,73.23529411764706,0.058823529411764705,17,58.0,0.0,23.0,0.0,298.2608695652174,0
PRV55790,5.0,48000.0,9600.0,5.0,0.0,0.0,0.0,0.0,17.2,19,72.0,0.0,5,40.0,3.0,5.0,1.0,9600.0,0
PRV55791,10.0,129000.0,12900.0,10.0,0.0,0.0,0.0,0.0,16.9,20,67.2,0.0,10,63.0,7.0,10.0,1.0,12900.0,0
PRV55792,1.0,7000.0,7000.0,1.0,0.0,0.0,0.0,0.0,18.0,18,66.0,0.0,1,7.0,1.0,1.0,1.0,7000.0,0
PRV55793,6.0,72000.0,12000.0,6.0,0.0,0.0,0.0,0.0,17.166666666666668,21,66.0,0.0,6,41.0,5.0,6.0,1.0,12000.0,0
PRV55794,0.0,0.0,0.0,0.0,11.0,2560.0,232.72727272727272,11.0,16.727272727272727,19,73.72727272727273,0.0,11,29.0,0.0,11.0,0.0,232.72727272727272,0
PRV55795,0.0,0.0,0.0,0.0,10.0,4050.0,405.0,9.0,17.444444444444443,21,78.33333333333333,0.0,9,29.0,0.0,10.0,0.0,405.0,0
PRV55796,0.0,0.0,0.0,0.0,7.0,870.0,124.28571428571429,7.0,18.0,20,73.42857142857143,0.0,7,20.0,0.0,7.0,0.0,124.28571428571429,0
PRV55797,0.0,0.0,0.0,0.0,3.0,1060.0,353.3333333333333,3.0,16.333333333333332,18,76.33333333333333,0.0,3,8.0,0.0,3.0,0.0,353.3333333333333,0
PRV55798,0.0,0.0,0.0,0.0,6.0,3060.0,510.0,6.0,15.5,17,71.0,0.0,6,18.0,0.0,6.0,0.0,510.0,0
PRV55800,0.0,0.0,0.0,0.0,1.0,50.0,50.0,1.0,20.0,20,77.0,0.0,1,1.0,0.0,1.0,0.0,50.0,0
PRV55801,0.0,0.0,0.0,0.0,2.0,70.0,35.0,2.0,16.0,16,83.0,0.0,2,11.0,0.0,2.0,0.0,35.0,0
PRV55802,0.0,0.0,0.0,0.0,1.0,10.0,10.0,1.0,17.0,17,77.0,0.0,1,0.0,0.0,1.0,0.0,10.0,0
PRV55803,0.0,0.0,0.0,0.0,2.0,140.0,70.0,2.0,17.5,19,75.5,0.0,2,8.0,0.0,2.0,0.0,70.0,0
PRV55804,0.0,0.0,0.0,0.0,9.0,2570.0,285.55555555555554,9.0,19.333333333333332,21,73.44444444444444,0.0,9,16.0,0.0,9.0,0.0,285.55555555555554,0
PRV55805,0.0,0.0,0.0,0.0,8.0,3850.0,481.25,7.0,17.285714285714285,22,65.0,0.0,7,16.0,0.0,8.0,0.0,481.25,0
PRV55806,0.0,0.0,0.0,0.0,16.0,5090.0,318.125,16.0,18.25,21,76.875,0.0,16,49.0,0.0,16.0,0.0,318.125,0
PRV55807,0.0,0.0,0.0,0.0,17.0,6080.0,357.6470588235294,16.0,17.3125,21,73.75,0.0,16,55.0,0.0,17.0,0.0,357.6470588235294,0
PRV55808,0.0,0.0,0.0,0.0,22.0,4690.0,213.1818181818182,10.0,18.2,21,79.4,0.0,10,58.0,0.0,22.0,0.0,213.1818181818182,0
PRV55809,10.0,62000.0,6200.0,9.0,0.0,0.0,0.0,0.0,15.444444444444445,19,71.11111111111111,0.0,9,72.0,3.0,10.0,1.0,6200.0,0
PRV55810,1.0,12000.0,12000.0,1.0,0.0,0.0,0.0,0.0,16.0,16,71.0,0.0,1,9.0,1.0,1.0,1.0,12000.0,0
PRV55811,2.0,41000.0,20500.0,2.0,0.0,0.0,0.0,0.0,17.5,18,64.0,0.0,2,16.0,1.0,2.0,1.0,20500.0,0
PRV55812,17.0,161000.0,9470.588235294117,16.0,0.0,0.0,0.0,0.0,16.5625,20,72.375,0.0625,16,101.0,9.0,17.0,1.0,9470.588235294117,1
PRV55813,7.0,38000.0,5428.571428571428,7.0,0.0,0.0,0.0,0.0,17.0,19,69.28571428571429,0.0,7,47.0,7.0,7.0,1.0,5428.571428571428,0
PRV55814,0.0,0.0,0.0,0.0,4.0,110.0,27.5,4.0,19.25,22,62.5,0.0,4,10.0,0.0,4.0,0.0,27.5,0
PRV55815,4.0,12000.0,3000.0,4.0,0.0,0.0,0.0,0.0,16.75,18,75.25,0.0,4,35.0,2.0,4.0,1.0,3000.0,0
PRV55816,1.0,6000.0,6000.0,1.0,0.0,0.0,0.0,0.0,19.0,19,71.0,0.0,1,7.0,1.0,1.0,1.0,6000.0,0
PRV55817,25.0,222000.0,8880.0,23.0,0.0,0.0,0.0,0.0,15.521739130434783,19,74.26086956521739,0.0,23,131.0,15.0,25.0,1.0,8880.0,0
PRV55818,2.0,5000.0,2500.0,2.0,8.0,620.0,77.5,8.0,17.0,21,75.9,0.0,10,27.0,3.0,10.0,0.2,562.0,0
PRV55819,0.0,0.0,0.0,0.0,198.0,48390.0,244.3939393939394,89.0,18.123595505617978,22,75.84269662921348,0.033707865168539325,89,339.0,0.0,198.0,0.0,244.3939393939394,0
PRV55820,0.0,0.0,0.0,0.0,477.0,120350.0,252.30607966457023,332.0,17.837349397590362,22,74.58734939759036,0.0030120481927710845,332,713.0,0.0,477.0,0.0,252.30607966457023,0
PRV55821,13.0,164000.0,12615.384615384615,13.0,182.0,43970.0,241.5934065934066,127.0,18.133333333333333,22,71.97777777777777,0.007407407407407408,135,393.0,9.0,195.0,0.06666666666666667,1066.5128205128206,1
PRV55822,0.0,0.0,0.0,0.0,384.0,112770.0,293.671875,196.0,18.158163265306122,22,73.62244897959184,0.025510204081632654,196,574.0,0.0,384.0,0.0,293.671875,0
PRV55826,4.0,96000.0,24000.0,4.0,22.0,10390.0,472.27272727272725,21.0,16.72,20,76.6,0.04,25,86.0,5.0,26.0,0.15384615384615385,4091.923076923077,0
PRV55828,7.0,23000.0,3285.714285714286,7.0,17.0,3970.0,233.52941176470588,17.0,17.708333333333332,22,73.125,0.0,24,81.0,4.0,24.0,0.2916666666666667,1123.75,0
PRV55830,8.0,103000.0,12875.0,6.0,2.0,120.0,60.0,2.0,17.25,21,72.5,0.0,8,59.0,8.0,10.0,0.8,10312.0,0
PRV55831,0.0,0.0,0.0,0.0,810.0,235090.0,290.2345679012346,471.0,17.934182590233547,22,72.98726114649682,0.006369426751592357,471,1006.0,0.0,810.0,0.0,290.2345679012346,0
PRV55832,45.0,419000.0,9311.111111111111,41.0,239.0,62100.0,259.8326359832636,219.0,17.513513513513512,22,73.7876447876448,0.003861003861003861,259,549.0,26.0,284.0,0.15845070422535212,1694.0140845070423,0
PRV55833,4.0,48000.0,12000.0,4.0,140.0,46850.0,334.64285714285717,82.0,18.035714285714285,22,73.44047619047619,0.011904761904761904,84,271.0,5.0,144.0,0.027777777777777776,658.6805555555555,0
PRV55834,9.0,61000.0,6777.777777777777,9.0,444.0,136250.0,306.8693693693694,200.0,17.93719806763285,22,73.6328502415459,0.00966183574879227,207,697.0,7.0,453.0,0.019867549668874173,435.43046357615896,0
PRV55835,7.0,67000.0,9571.42857142857,7.0,262.0,72590.0,277.0610687022901,134.0,18.071942446043167,22,72.90647482014388,0.0,139,472.0,8.0,269.0,0.026022304832713755,518.9219330855019,1
PRV55836,15.0,109000.0,7266.666666666667,15.0,67.0,13790.0,205.82089552238807,58.0,17.625,22,72.65277777777777,0.013888888888888888,72,220.0,10.0,82.0,0.18292682926829268,1497.439024390244,0
PRV55837,8.0,144000.0,18000.0,8.0,37.0,11370.0,307.2972972972973,36.0,18.022727272727273,22,73.9090909090909,0.022727272727272728,44,138.0,4.0,45.0,0.17777777777777778,3452.6666666666665,0
PRV55839,3.0,28000.0,9333.333333333334,3.0,183.0,48630.0,265.73770491803276,114.0,18.026086956521738,22,73.76521739130435,0.017391304347826087,115,345.0,2.0,186.0,0.016129032258064516,411.98924731182797,0
PRV55842,0.0,0.0,0.0,0.0,122.0,49540.0,406.0655737704918,43.0,18.627906976744185,22,76.27906976744185,0.0,43,219.0,0.0,122.0,0.0,406.0655737704918,1
PRV55843,0.0,0.0,0.0,0.0,213.0,46740.0,219.43661971830986,106.0,18.141509433962263,22,74.0754716981132,0.018867924528301886,106,351.0,0.0,213.0,0.0,219.43661971830986,0
PRV55846,46.0,488100.0,10610.869565217392,45.0,81.0,23570.0,290.98765432098764,81.0,16.856,22,75.144,0.0,125,356.0,29.0,127.0,0.36220472440944884,4028.8976377952754,0
PRV55847,0.0,0.0,0.0,0.0,185.0,40460.0,218.7027027027027,105.0,18.104761904761904,22,73.43809523809524,0.009523809523809525,105,332.0,0.0,185.0,0.0,218.7027027027027,0
PRV55848,3.0,29000.0,9666.666666666666,3.0,36.0,5010.0,139.16666666666666,29.0,17.625,22,74.59375,0.0625,32,83.0,0.0,39.0,0.07692307692307693,872.0512820512821,0
PRV55849,128.0,1276000.0,9968.75,119.0,48.0,7730.0,161.04166666666666,48.0,17.077844311377245,22,73.23952095808383,0.005988023952095809,167,519.0,75.0,176.0,0.7272727272727273,7293.920454545455,1
PRV55850,18.0,348000.0,19333.333333333332,18.0,218.0,68040.0,312.11009174311926,136.0,18.058823529411764,22,71.70588235294117,0.0196078431372549,153,430.0,16.0,236.0,0.07627118644067797,1762.8813559322034,0
PRV55851,6.0,32000.0,5333.333333333333,3.0,39.0,11640.0,298.46153846153845,34.0,17.771428571428572,22,75.08571428571429,0.0,35,104.0,2.0,45.0,0.13333333333333333,969.7777777777778,0
PRV55852,3.0,22000.0,7333.333333333333,2.0,57.0,9730.0,170.7017543859649,31.0,17.125,21,76.34375,0.03125,32,166.0,0.0,60.0,0.05,528.8333333333334,1
PRV55854,0.0,0.0,0.0,0.0,2.0,2460.0,1230.0,2.0,20.0,21,84.5,0.0,2,3.0,0.0,2.0,0.0,1230.0,0
PRV55855,0.0,0.0,0.0,0.0,114.0,23150.0,203.0701754385965,77.0,17.98701298701299,22,72.76623376623377,0.012987012987012988,77,235.0,0.0,114.0,0.0,203.0701754385965,0
PRV55856,0.0,0.0,0.0,0.0,54.0,12120.0,224.44444444444446,40.0,17.475,22,75.7,0.025,40,117.0,0.0,54.0,0.0,224.44444444444446,0
PRV55858,0.0,0.0,0.0,0.0,8.0,710.0,88.75,5.0,20.0,22,67.0,0.0,5,21.0,0.0,8.0,0.0,88.75,0
PRV55859,0.0,0.0,0.0,0.0,15.0,4880.0,325.3333333333333,6.0,18.333333333333332,21,63.833333333333336,0.0,6,41.0,0.0,15.0,0.0,325.3333333333333,0
PRV55862,0.0,0.0,0.0,0.0,8.0,3230.0,403.75,8.0,17.75,21,69.875,0.0,8,14.0,0.0,8.0,0.0,403.75,0
PRV55863,0.0,0.0,0.0,0.0,5.0,650.0,130.0,5.0,17.0,19,77.8,0.0,5,24.0,0.0,5.0,0.0,130.0,0
PRV55864,4.0,65000.0,16250.0,4.0,85.0,20400.0,240.0,41.0,17.976190476190474,22,75.71428571428571,0.0,42,198.0,2.0,89.0,0.0449438202247191,959.5505617977528,0
PRV55865,0.0,0.0,0.0,0.0,325.0,91750.0,282.3076923076923,163.0,18.374233128834355,22,73.88957055214723,0.012269938650306749,163,495.0,0.0,325.0,0.0,282.3076923076923,0
PRV55866,0.0,0.0,0.0,0.0,115.0,31370.0,272.7826086956522,75.0,17.893333333333334,22,74.10666666666667,0.02666666666666667,75,224.0,0.0,115.0,0.0,272.7826086956522,0
PRV55867,0.0,0.0,0.0,0.0,88.0,39460.0,448.40909090909093,43.0,18.023255813953487,22,73.93023255813954,0.0,43,186.0,0.0,88.0,0.0,448.40909090909093,0
PRV55868,0.0,0.0,0.0,0.0,85.0,16470.0,193.76470588235293,39.0,17.743589743589745,22,72.56410256410257,0.02564102564102564,39,164.0,0.0,85.0,0.0,193.76470588235293,0
PRV55869,8.0,42000.0,5250.0,8.0,338.0,110590.0,327.18934911242604,170.0,18.262857142857143,22,72.42857142857143,0.011428571428571429,175,562.0,6.0,346.0,0.023121387283236993,441.0115606936416,0
PRV55870,0.0,0.0,0.0,0.0,56.0,22030.0,393.39285714285717,38.0,18.0,22,72.8157894736842,0.0,38,131.0,0.0,56.0,0.0,393.39285714285717,0
PRV55871,0.0,0.0,0.0,0.0,12.0,4480.0,373.3333333333333,5.0,17.0,19,68.8,0.0,5,28.0,0.0,12.0,0.0,373.3333333333333,0
PRV55872,0.0,0.0,0.0,0.0,139.0,34120.0,245.46762589928056,42.0,18.261904761904763,22,73.71428571428571,0.023809523809523808,42,245.0,0.0,139.0,0.0,245.46762589928056,0
PRV55873,6.0,43000.0,7166.666666666667,4.0,51.0,8670.0,170.0,34.0,18.10810810810811,21,73.64864864864865,0.0,37,138.0,4.0,57.0,0.10526315789473684,906.4912280701755,0
PRV55874,0.0,0.0,0.0,0.0,10.0,1380.0,138.0,10.0,16.7,22,72.6,0.0,10,28.0,0.0,10.0,0.0,138.0,0
PRV55875,0.0,0.0,0.0,0.0,26.0,4450.0,171.15384615384616,25.0,17.48,22,75.92,0.04,25,60.0,0.0,26.0,0.0,171.15384615384616,0
PRV55876,0.0,0.0,0.0,0.0,19.0,4380.0,230.52631578947367,18.0,17.72222222222222,22,73.16666666666667,0.0,18,47.0,0.0,19.0,0.0,230.52631578947367,0
PRV55877,0.0,0.0,0.0,0.0,4.0,1100.0,275.0,4.0,17.25,22,79.0,0.0,4,13.0,0.0,4.0,0.0,275.0,0
PRV55879,0.0,0.0,0.0,0.0,2.0,90.0,45.0,2.0,17.0,21,70.0,0.0,2,4.0,0.0,2.0,0.0,45.0,0
PRV55880,0.0,0.0,0.0,0.0,15.0,7180.0,478.6666666666667,13.0,17.307692307692307,21,73.92307692307692,0.0,13,54.0,0.0,15.0,0.0,478.6666666666667,0
PRV55881,0.0,0.0,0.0,0.0,1.0,30.0,30.0,1.0,12.0,12,94.0,0.0,1,0.0,0.0,1.0,0.0,30.0,0
PRV55882,0.0,0.0,0.0,0.0,23.0,6440.0,280.0,22.0,17.545454545454547,22,71.5909090909091,0.045454545454545456,22,52.0,0.0,23.0,0.0,280.0,0
PRV55883,0.0,0.0,0.0,0.0,8.0,5480.0,685.0,8.0,17.75,22,71.75,0.0,8,18.0,0.0,8.0,0.0,685.0,0
PRV55884,0.0,0.0,0.0,0.0,27.0,2880.0,106.66666666666667,16.0,18.625,22,77.0,0.0,16,46.0,0.0,27.0,0.0,106.66666666666667,0
PRV55885,0.0,0.0,0.0,0.0,8.0,1610.0,201.25,8.0,18.25,22,74.625,0.0,8,18.0,0.0,8.0,0.0,201.25,0
PRV55886,0.0,0.0,0.0,0.0,4.0,340.0,85.0,4.0,16.75,19,80.25,0.0,4,6.0,0.0,4.0,0.0,85.0,0
PRV55887,6.0,66000.0,11000.0,6.0,0.0,0.0,0.0,0.0,15.666666666666666,19,67.33333333333333,0.0,6,43.0,5.0,6.0,1.0,11000.0,0
PRV55891,26.0,305000.0,11730.76923076923,23.0,25.0,7730.0,309.2,22.0,17.622222222222224,21,75.82222222222222,0.0,45,184.0,17.0,51.0,0.5098039215686274,6131.9607843137255,0
PRV55892,0.0,0.0,0.0,0.0,449.0,118910.0,264.8329621380846,235.0,17.914893617021278,22,75.11489361702128,0.00425531914893617,235,692.0,0.0,449.0,0.0,264.8329621380846,0
PRV55893,26.0,214000.0,8230.76923076923,26.0,589.0,159630.0,271.018675721562,276.0,17.976430976430976,22,73.63636363636364,0.0,297,889.0,14.0,615.0,0.04227642276422764,607.5284552845528,1
PRV55895,0.0,0.0,0.0,0.0,1.0,200.0,200.0,1.0,16.0,16,90.0,0.0,1,9.0,0.0,1.0,0.0,200.0,1
PRV55896,21.0,182000.0,8666.666666666666,18.0,84.0,22310.0,265.5952380952381,79.0,16.95876288659794,22,76.09278350515464,0.0,97,254.0,10.0,105.0,0.2,1945.8095238095239,1
PRV55897,9.0,143000.0,15888.888888888889,8.0,473.0,106890.0,225.9830866807611,174.0,18.105555555555554,22,71.2388888888889,0.016666666666666666,180,694.0,5.0,482.0,0.01867219917012448,518.4439834024896,1
PRV55898,0.0,0.0,0.0,0.0,27.0,6220.0,230.37037037037038,26.0,17.26923076923077,21,70.1923076923077,0.038461538461538464,26,53.0,0.0,27.0,0.0,230.37037037037038,0
PRV55900,8.0,113000.0,14125.0,8.0,11.0,810.0,73.63636363636364,11.0,17.57894736842105,22,74.42105263157895,0.0,19,70.0,7.0,19.0,0.42105263157894735,5990.0,0
PRV55901,0.0,0.0,0.0,0.0,101.0,25300.0,250.4950495049505,50.0,17.22,22,72.98,0.0,50,219.0,0.0,101.0,0.0,250.4950495049505,0
PRV55902,0.0,0.0,0.0,0.0,69.0,13230.0,191.7391304347826,57.0,17.263157894736842,22,77.42105263157895,0.0,57,163.0,0.0,69.0,0.0,191.7391304347826,0
PRV55903,23.0,187000.0,8130.434782608696,20.0,27.0,10820.0,400.74074074074076,25.0,16.40909090909091,21,75.47727272727273,0.022727272727272728,44,165.0,11.0,50.0,0.46,3956.4,0
PRV55904,0.0,0.0,0.0,0.0,28.0,6190.0,221.07142857142858,27.0,17.814814814814813,21,72.74074074074075,0.037037037037037035,27,77.0,0.0,28.0,0.0,221.07142857142858,0
PRV55905,82.0,783500.0,9554.878048780487,72.0,13.0,6260.0,481.53846153846155,12.0,16.821428571428573,22,75.01190476190476,0.0,84,320.0,47.0,95.0,0.8631578947368421,8313.263157894737,1
PRV55906,0.0,0.0,0.0,0.0,21.0,4130.0,196.66666666666666,20.0,17.8,22,71.3,0.0,20,56.0,0.0,21.0,0.0,196.66666666666666,0
PRV55907,60.0,547500.0,9125.0,60.0,183.0,50680.0,276.9398907103825,148.0,17.05392156862745,22,72.36274509803921,0.004901960784313725,204,525.0,32.0,243.0,0.24691358024691357,2461.6460905349795,0
PRV55908,22.0,289000.0,13136.363636363636,20.0,33.0,5790.0,175.45454545454547,31.0,17.25,22,74.79166666666667,0.0,48,176.0,10.0,55.0,0.4,5359.818181818182,0
PRV55909,0.0,0.0,0.0,0.0,107.0,23750.0,221.9626168224299,91.0,17.945054945054945,22,72.89010989010988,0.0,91,223.0,0.0,107.0,0.0,221.9626168224299,0
PRV55910,0.0,0.0,0.0,0.0,372.0,98770.0,265.51075268817203,149.0,18.14765100671141,22,74.35570469798658,0.0,149,551.0,0.0,372.0,0.0,265.51075268817203,0
PRV55911,46.0,402000.0,8739.130434782608,37.0,193.0,63440.0,328.7046632124352,120.0,17.74264705882353,22,70.75,0.0,136,487.0,25.0,239.0,0.19246861924686193,1947.44769874477,1
PRV55912,60.0,735000.0,12250.0,53.0,47.0,15080.0,320.8510638297872,47.0,16.96,22,75.53,0.02,100,344.0,43.0,107.0,0.5607476635514018,7010.093457943925,1
PRV55913,0.0,0.0,0.0,0.0,1267.0,373270.0,294.6093133385951,587.0,17.771720613287904,22,74.10732538330494,0.010221465076660987,587,1378.0,0.0,1267.0,0.0,294.6093133385951,1
PRV55914,21.0,158000.0,7523.809523809524,21.0,42.0,12660.0,301.42857142857144,41.0,17.338709677419356,21,76.14516129032258,0.016129032258064516,62,194.0,11.0,63.0,0.3333333333333333,2708.8888888888887,1
PRV55915,0.0,0.0,0.0,0.0,32.0,8870.0,277.1875,27.0,17.185185185185187,22,70.70370370370371,0.0,27,86.0,0.0,32.0,0.0,277.1875,0
PRV55916,115.0,1308500.0,11378.260869565218,95.0,12.0,2540.0,211.66666666666666,12.0,16.443396226415093,21,75.39622641509433,0.018867924528301886,106,434.0,53.0,127.0,0.905511811023622,10323.149606299212,0
PRV55917,0.0,0.0,0.0,0.0,50.0,14150.0,283.0,50.0,17.72,22,75.42,0.0,50,118.0,0.0,50.0,0.0,283.0,0
PRV55918,2.0,17000.0,8500.0,2.0,8.0,760.0,95.0,8.0,17.3,22,77.8,0.0,10,36.0,0.0,10.0,0.2,1776.0,0
PRV55919,0.0,0.0,0.0,0.0,21.0,6050.0,288.0952380952381,19.0,17.42105263157895,20,71.63157894736842,0.0,19,46.0,0.0,21.0,0.0,288.0952380952381,0
PRV55920,0.0,0.0,0.0,0.0,110.0,25550.0,232.27272727272728,102.0,17.352941176470587,22,74.36274509803921,0.0,102,200.0,0.0,110.0,0.0,232.27272727272728,0
PRV55921,0.0,0.0,0.0,0.0,59.0,21140.0,358.3050847457627,56.0,17.660714285714285,22,76.42857142857143,0.017857142857142856,56,125.0,0.0,59.0,0.0,358.3050847457627,0
PRV55925,4.0,44000.0,11000.0,4.0,17.0,6810.0,400.5882352941176,16.0,17.0,21,78.9,0.0,20,66.0,4.0,21.0,0.19047619047619047,2419.5238095238096,0
PRV55926,0.0,0.0,0.0,0.0,26.0,6930.0,266.53846153846155,26.0,17.884615384615383,22,76.34615384615384,0.0,26,68.0,0.0,26.0,0.0,266.53846153846155,0
PRV55927,0.0,0.0,0.0,0.0,212.0,72180.0,340.47169811320754,167.0,17.29940119760479,22,74.19161676646706,0.017964071856287425,167,363.0,0.0,212.0,0.0,340.47169811320754,0
PRV55928,0.0,0.0,0.0,0.0,12.0,6410.0,534.1666666666666,11.0,19.0,22,80.36363636363636,0.0,11,28.0,0.0,12.0,0.0,534.1666666666666,0
PRV55929,0.0,0.0,0.0,0.0,287.0,68790.0,239.68641114982577,215.0,17.627906976744185,22,74.76279069767442,0.004651162790697674,215,450.0,0.0,287.0,0.0,239.68641114982577,0
PRV55930,7.0,74000.0,10571.42857142857,7.0,38.0,10580.0,278.42105263157896,27.0,17.794117647058822,22,71.8529411764706,0.0,34,130.0,6.0,45.0,0.15555555555555556,1879.5555555555557,0
PRV55931,0.0,0.0,0.0,0.0,295.0,85700.0,290.50847457627117,108.0,18.194444444444443,22,75.4074074074074,0.0,108,469.0,0.0,295.0,0.0,290.50847457627117,0
PRV55933,45.0,365600.0,8124.444444444444,39.0,453.0,130830.0,288.8079470198675,327.0,17.758426966292134,22,74.05337078651685,0.0056179775280898875,356,763.0,20.0,498.0,0.09036144578313253,996.847389558233,0
PRV55934,6.0,38000.0,6333.333333333333,6.0,647.0,216220.0,334.1885625965997,212.0,18.24770642201835,22,73.53211009174312,0.009174311926605505,218,854.0,2.0,653.0,0.009188361408882083,389.31087289433384,1
PRV55935,0.0,0.0,0.0,0.0,550.0,125030.0,227.3272727272727,393.0,17.860050890585242,22,73.46819338422392,0.005089058524173028,393,731.0,0.0,550.0,0.0,227.3272727272727,0
PRV55936,0.0,0.0,0.0,0.0,24.0,5750.0,239.58333333333334,24.0,17.666666666666668,22,75.29166666666667,0.0,24,56.0,0.0,24.0,0.0,239.58333333333334,0
PRV55937,7.0,43000.0,6142.857142857143,6.0,375.0,122910.0,327.76,196.0,17.82089552238806,22,72.60696517412936,0.0,201,608.0,6.0,382.0,0.01832460732984293,434.3193717277487,0
PRV55938,0.0,0.0,0.0,0.0,9.0,1400.0,155.55555555555554,9.0,17.11111111111111,20,77.77777777777777,0.0,9,20.0,0.0,9.0,0.0,155.55555555555554,0
PRV55939,28.0,293900.0,10496.42857142857,27.0,23.0,7860.0,341.7391304347826,14.0,17.025,22,75.4,0.025,40,201.0,20.0,51.0,0.5490196078431373,5916.862745098039,0
PRV55940,0.0,0.0,0.0,0.0,32.0,7690.0,240.3125,29.0,17.93103448275862,21,73.24137931034483,0.0,29,76.0,0.0,32.0,0.0,240.3125,0
PRV55941,0.0,0.0,0.0,0.0,57.0,14730.0,258.42105263157896,56.0,18.357142857142858,22,69.875,0.0,56,105.0,0.0,57.0,0.0,258.42105263157896,0
PRV55942,2.0,12000.0,6000.0,2.0,80.0,11270.0,140.875,76.0,17.5,22,75.91025641025641,0.038461538461538464,78,178.0,0.0,82.0,0.024390243902439025,283.780487804878,0
PRV55943,34.0,284800.0,8376.470588235294,33.0,687.0,199270.0,290.05822416302766,491.0,17.9383429672447,22,75.5606936416185,0.005780346820809248,519,999.0,20.0,721.0,0.047156726768377254,671.3869625520111,0
PRV55944,11.0,96000.0,8727.272727272728,11.0,15.0,1870.0,124.66666666666667,14.0,17.12,22,72.92,0.0,25,88.0,9.0,26.0,0.4230769230769231,3764.230769230769,0
PRV55945,0.0,0.0,0.0,0.0,20.0,5050.0,252.5,19.0,17.68421052631579,21,77.73684210526316,0.05263157894736842,19,45.0,0.0,20.0,0.0,252.5,0
PRV55946,0.0,0.0,0.0,0.0,50.0,22600.0,452.0,50.0,17.52,21,74.46,0.04,50,107.0,0.0,50.0,0.0,452.0,0
PRV55948,4.0,73000.0,18250.0,4.0,24.0,2960.0,123.33333333333333,24.0,17.964285714285715,22,73.96428571428571,0.0,28,97.0,3.0,28.0,0.14285714285714285,2712.8571428571427,0
PRV55950,0.0,0.0,0.0,0.0,11.0,7470.0,679.0909090909091,11.0,18.454545454545453,21,71.9090909090909,0.0,11,24.0,0.0,11.0,0.0,679.0909090909091,0
PRV55951,38.0,329000.0,8657.894736842105,37.0,410.0,92000.0,224.390243902439,320.0,17.5943661971831,22,74.87042253521126,0.005633802816901409,355,708.0,27.0,448.0,0.08482142857142858,939.7321428571429,1
PRV55953,0.0,0.0,0.0,0.0,13.0,5630.0,433.0769230769231,13.0,16.76923076923077,19,66.6923076923077,0.0,13,26.0,0.0,13.0,0.0,433.0769230769231,0
PRV55955,0.0,0.0,0.0,0.0,246.0,63250.0,257.1138211382114,235.0,17.570212765957447,22,74.32340425531915,0.0,235,393.0,0.0,246.0,0.0,257.1138211382114,0
PRV55956,8.0,63000.0,7875.0,7.0,14.0,1190.0,85.0,12.0,17.5,21,76.33333333333333,0.0,18,80.0,8.0,22.0,0.36363636363636365,2917.7272727272725,0
PRV55957,22.0,214900.0,9768.181818181818,22.0,85.0,28540.0,335.7647058823529,78.0,17.39,22,73.47,0.0,100,271.0,16.0,107.0,0.205607476635514,2275.1401869158876,1
PRV55958,0.0,0.0,0.0,0.0,30.0,8020.0,267.3333333333333,28.0,17.321428571428573,22,73.03571428571429,0.0,28,68.0,0.0,30.0,0.0,267.3333333333333,0
PRV55959,0.0,0.0,0.0,0.0,324.0,74710.0,230.58641975308643,160.0,17.89375,22,71.89375,0.0125,160,495.0,0.0,324.0,0.0,230.58641975308643,1
PRV55963,0.0,0.0,0.0,0.0,47.0,8530.0,181.48936170212767,43.0,18.0,22,71.46511627906976,0.023255813953488372,43,117.0,0.0,47.0,0.0,181.48936170212767,0
PRV55964,0.0,0.0,0.0,0.0,37.0,8180.0,221.0810810810811,33.0,18.03030303030303,22,72.33333333333333,0.030303030303030304,33,70.0,0.0,37.0,0.0,221.0810810810811,0
PRV55965,0.0,0.0,0.0,0.0,33.0,9180.0,278.1818181818182,30.0,17.8,22,74.63333333333334,0.0,30,69.0,0.0,33.0,0.0,278.1818181818182,0
PRV55966,0.0,0.0,0.0,0.0,21.0,7620.0,362.85714285714283,21.0,18.142857142857142,22,74.38095238095238,0.0,21,53.0,0.0,21.0,0.0,362.85714285714283,0
PRV55968,0.0,0.0,0.0,0.0,148.0,53460.0,361.2162162162162,75.0,17.88,22,70.04,0.02666666666666667,75,253.0,0.0,148.0,0.0,361.2162162162162,0
PRV55969,0.0,0.0,0.0,0.0,688.0,204140.0,296.7151162790698,527.0,17.590132827324478,22,74.12523719165085,0.0056925996204933585,527,934.0,1.0,688.0,0.0,296.7151162790698,0
PRV55970,16.0,213000.0,13312.5,16.0,24.0,8400.0,350.0,22.0,17.44736842105263,22,75.47368421052632,0.02631578947368421,38,146.0,8.0,40.0,0.4,5535.0,0
PRV55971,101.0,1061600.0,10510.89108910891,88.0,519.0,150400.0,289.78805394990366,258.0,17.79179810725552,22,72.93059936908517,0.00946372239747634,317,965.0,56.0,620.0,0.1629032258064516,1954.8387096774193,1
PRV55972,19.0,127400.0,6705.263157894737,19.0,91.0,25120.0,276.04395604395603,88.0,17.327102803738317,22,72.88785046728972,0.009345794392523364,107,263.0,12.0,110.0,0.17272727272727273,1386.5454545454545,0
PRV55974,0.0,0.0,0.0,0.0,175.0,69110.0,394.9142857142857,51.0,17.92156862745098,22,75.96078431372548,0.0,51,328.0,0.0,175.0,0.0,394.9142857142857,0
PRV55977,0.0,0.0,0.0,0.0,1302.0,371100.0,285.0230414746544,762.0,17.921259842519685,22,74.44619422572178,0.003937007874015748,762,1358.0,0.0,1302.0,0.0,285.0230414746544,1
PRV55978,92.0,890900.0,9683.695652173914,87.0,309.0,66590.0,215.50161812297733,257.0,17.292397660818715,22,74.59649122807018,0.0029239766081871343,342,701.0,55.0,401.0,0.22942643391521197,2387.755610972569,0
PRV55980,0.0,0.0,0.0,0.0,17.0,8700.0,511.7647058823529,17.0,18.352941176470587,22,70.17647058823529,0.0,17,46.0,0.0,17.0,0.0,511.7647058823529,0
PRV55981,15.0,102000.0,6800.0,15.0,39.0,8140.0,208.71794871794873,39.0,17.12962962962963,22,74.46296296296296,0.037037037037037035,54,171.0,7.0,54.0,0.2777777777777778,2039.6296296296296,0
PRV55982,0.0,0.0,0.0,0.0,4.0,750.0,187.5,4.0,19.25,22,73.25,0.0,4,6.0,0.0,4.0,0.0,187.5,0
PRV55983,8.0,114000.0,14250.0,8.0,14.0,5670.0,405.0,14.0,17.238095238095237,22,73.52380952380952,0.0,21,77.0,7.0,22.0,0.36363636363636365,5439.545454545455,0
PRV55984,0.0,0.0,0.0,0.0,392.0,126120.0,321.734693877551,282.0,17.50709219858156,22,74.34397163120568,0.0070921985815602835,282,573.0,0.0,392.0,0.0,321.734693877551,0
PRV55985,0.0,0.0,0.0,0.0,58.0,19270.0,332.2413793103448,52.0,17.71153846153846,22,73.6923076923077,0.019230769230769232,52,115.0,0.0,58.0,0.0,332.2413793103448,0
PRV55986,0.0,0.0,0.0,0.0,232.0,65390.0,281.8534482758621,212.0,17.81132075471698,22,73.46698113207547,0.014150943396226415,212,397.0,0.0,232.0,0.0,281.8534482758621,0
PRV55989,0.0,0.0,0.0,0.0,2.0,150.0,75.0,2.0,16.5,17,64.5,0.0,2,4.0,0.0,2.0,0.0,75.0,0
PRV55990,22.0,189900.0,8631.818181818182,21.0,209.0,61200.0,292.82296650717706,121.0,17.82442748091603,22,75.30534351145039,0.007633587786259542,131,442.0,17.0,231.0,0.09523809523809523,1087.012987012987,0
PRV55991,0.0,0.0,0.0,0.0,32.0,6570.0,205.3125,31.0,17.032258064516128,22,71.09677419354838,0.0,31,70.0,0.0,32.0,0.0,205.3125,0
PRV55993,0.0,0.0,0.0,0.0,32.0,5360.0,167.5,28.0,17.5,22,71.17857142857143,0.0,28,88.0,0.0,32.0,0.0,167.5,0
PRV55995,0.0,0.0,0.0,0.0,46.0,19840.0,431.30434782608694,42.0,17.857142857142858,22,75.97619047619048,0.0,42,110.0,0.0,46.0,0.0,431.30434782608694,0
PRV55996,29.0,236500.0,8155.172413793103,25.0,69.0,27630.0,400.4347826086956,66.0,17.555555555555557,22,70.33333333333333,0.0,90,250.0,18.0,98.0,0.29591836734693877,2695.204081632653,1
PRV55997,0.0,0.0,0.0,0.0,326.0,79640.0,244.29447852760737,243.0,17.781893004115226,22,75.66255144032922,0.00823045267489712,243,541.0,0.0,326.0,0.0,244.29447852760737,0
PRV55999,0.0,0.0,0.0,0.0,306.0,74190.0,242.45098039215685,120.0,17.983333333333334,22,75.11666666666666,0.016666666666666666,120,462.0,0.0,306.0,0.0,242.45098039215685,0
PRV56001,57.0,525000.0,9210.526315789473,54.0,13.0,3570.0,274.61538461538464,13.0,17.074626865671643,21,77.56716417910448,0.0,67,261.0,21.0,70.0,0.8142857142857143,7551.0,0
PRV56002,11.0,173000.0,15727.272727272728,11.0,21.0,4810.0,229.04761904761904,20.0,17.258064516129032,21,73.0,0.0,31,113.0,9.0,32.0,0.34375,5556.5625,0
PRV56003,8.0,77000.0,9625.0,8.0,4.0,180.0,45.0,4.0,17.583333333333332,21,72.75,0.08333333333333333,12,63.0,5.0,12.0,0.6666666666666666,6431.666666666667,0
PRV56004,0.0,0.0,0.0,0.0,5.0,3470.0,694.0,5.0,17.8,19,79.2,0.0,5,13.0,0.0,5.0,0.0,694.0,0
PRV56005,2.0,12000.0,6000.0,2.0,72.0,19660.0,273.05555555555554,54.0,17.563636363636363,21,75.27272727272727,0.01818181818181818,55,150.0,0.0,74.0,0.02702702702702703,427.8378378378378,0
PRV56006,0.0,0.0,0.0,0.0,1090.0,289380.0,265.48623853211006,531.0,18.139359698681734,22,74.73634651600753,0.005649717514124294,531,1234.0,0.0,1090.0,0.0,265.48623853211006,0
PRV56007,69.0,833800.0,12084.057971014492,55.0,12.0,3130.0,260.8333333333333,12.0,17.01492537313433,22,73.88059701492537,0.014925373134328358,67,325.0,49.0,81.0,0.8518518518518519,10332.469135802468,1
PRV56008,0.0,0.0,0.0,0.0,1370.0,476600.0,347.88321167883214,686.0,17.839650145772595,22,75.02186588921283,0.007288629737609329,686,1382.0,1.0,1370.0,0.0,347.88321167883214,1
PRV56010,0.0,0.0,0.0,0.0,83.0,21600.0,260.2409638554217,82.0,18.109756097560975,22,73.21951219512195,0.012195121951219513,82,185.0,0.0,83.0,0.0,260.2409638554217,0
PRV56011,0.0,0.0,0.0,0.0,2833.0,741640.0,261.7860924814684,1164.0,18.076460481099655,22,74.04639175257732,0.006872852233676976,1164,2239.0,1.0,2833.0,0.0,261.7860924814684,1
PRV56012,29.0,321000.0,11068.965517241379,26.0,15.0,4870.0,324.6666666666667,15.0,16.414634146341463,21,76.63414634146342,0.0,41,196.0,16.0,44.0,0.6590909090909091,7406.136363636364,1
PRV56013,0.0,0.0,0.0,0.0,90.0,27360.0,304.0,86.0,17.453488372093023,22,73.37209302325581,0.011627906976744186,86,181.0,0.0,90.0,0.0,304.0,0
PRV56014,19.0,142000.0,7473.684210526316,19.0,15.0,3050.0,203.33333333333334,15.0,17.323529411764707,21,73.44117647058823,0.08823529411764706,34,151.0,11.0,34.0,0.5588235294117647,4266.176470588235,0
PRV56015,6.0,52000.0,8666.666666666666,6.0,143.0,40600.0,283.9160839160839,109.0,17.608695652173914,22,74.3913043478261,0.0,115,326.0,4.0,149.0,0.040268456375838924,621.4765100671141,0
PRV56016,0.0,0.0,0.0,0.0,12.0,6350.0,529.1666666666666,12.0,17.25,21,69.83333333333333,0.0,12,22.0,0.0,12.0,0.0,529.1666666666666,0
PRV56017,11.0,210000.0,19090.909090909092,10.0,2.0,60.0,30.0,2.0,16.833333333333332,19,81.5,0.0,12,85.0,9.0,13.0,0.8461538461538461,16158.461538461539,0
PRV56018,25.0,221000.0,8840.0,24.0,47.0,19840.0,422.1276595744681,47.0,17.450704225352112,22,74.52112676056338,0.014084507042253521,71,206.0,11.0,72.0,0.3472222222222222,3345.0,0
PRV56019,0.0,0.0,0.0,0.0,659.0,186820.0,283.49013657056145,268.0,17.921641791044777,22,74.57089552238806,0.014925373134328358,268,895.0,0.0,659.0,0.0,283.49013657056145,0
PRV56020,15.0,136000.0,9066.666666666666,15.0,140.0,59770.0,426.92857142857144,133.0,17.283783783783782,22,75.61486486486487,0.006756756756756757,148,337.0,8.0,155.0,0.0967741935483871,1263.032258064516,0
PRV56021,0.0,0.0,0.0,0.0,128.0,39920.0,311.875,124.0,17.5,22,75.3225806451613,0.0,124,212.0,0.0,128.0,0.0,311.875,0
PRV56023,7.0,75000.0,10714.285714285714,7.0,35.0,13070.0,373.42857142857144,33.0,17.725,22,72.7,0.0,40,134.0,6.0,42.0,0.16666666666666666,2096.904761904762,1
PRV56025,0.0,0.0,0.0,0.0,153.0,44660.0,291.8954248366013,148.0,17.43243243243243,22,72.21621621621621,0.006756756756756757,148,280.0,0.0,153.0,0.0,291.8954248366013,0
PRV56026,0.0,0.0,0.0,0.0,44.0,29650.0,673.8636363636364,43.0,17.813953488372093,21,73.23255813953489,0.0,43,92.0,0.0,44.0,0.0,673.8636363636364,0
PRV56027,0.0,0.0,0.0,0.0,25.0,8840.0,353.6,24.0,16.875,21,76.5,0.041666666666666664,24,51.0,0.0,25.0,0.0,353.6,0
PRV56028,4.0,12000.0,3000.0,4.0,197.0,54770.0,278.02030456852793,176.0,17.683333333333334,22,74.35555555555555,0.005555555555555556,180,376.0,4.0,201.0,0.01990049751243781,332.18905472636817,0
PRV56029,0.0,0.0,0.0,0.0,1.0,100.0,100.0,1.0,18.0,18,90.0,0.0,1,1.0,0.0,1.0,0.0,100.0,0
PRV56030,0.0,0.0,0.0,0.0,204.0,60370.0,295.9313725490196,102.0,17.764705882352942,22,71.2843137254902,0.00980392156862745,102,347.0,0.0,204.0,0.0,295.9313725490196,0
PRV56031,9.0,59400.0,6600.0,9.0,10.0,2170.0,217.0,10.0,15.631578947368421,21,74.21052631578948,0.0,19,85.0,4.0,19.0,0.47368421052631576,3240.5263157894738,0
PRV56032,0.0,0.0,0.0,0.0,9.0,3000.0,333.3333333333333,9.0,18.333333333333332,22,78.44444444444444,0.0,9,22.0,0.0,9.0,0.0,333.3333333333333,0
PRV56033,4.0,50000.0,12500.0,4.0,4.0,160.0,40.0,4.0,17.25,22,75.0,0.0,8,32.0,2.0,8.0,0.5,6270.0,0
PRV56034,0.0,0.0,0.0,0.0,13.0,1530.0,117.6923076923077,13.0,17.0,21,70.84615384615384,0.0,13,23.0,0.0,13.0,0.0,117.6923076923077,0
PRV56036,0.0,0.0,0.0,0.0,49.0,13140.0,268.16326530612247,48.0,16.916666666666668,22,75.45833333333333,0.020833333333333332,48,100.0,0.0,49.0,0.0,268.16326530612247,0
PRV56037,0.0,0.0,0.0,0.0,5.0,1840.0,368.0,5.0,18.0,20,70.8,0.0,5,13.0,0.0,5.0,0.0,368.0,0
PRV56038,1.0,1000.0,1000.0,1.0,6.0,450.0,75.0,6.0,18.571428571428573,21,75.0,0.0,7,19.0,0.0,7.0,0.14285714285714285,207.14285714285714,0
PRV56039,0.0,0.0,0.0,0.0,97.0,26020.0,268.2474226804124,34.0,17.705882352941178,22,71.58823529411765,0.0,34,199.0,0.0,97.0,0.0,268.2474226804124,0
PRV56040,0.0,0.0,0.0,0.0,13.0,22850.0,1757.6923076923076,11.0,18.0,20,72.63636363636364,0.0,11,40.0,0.0,13.0,0.0,1757.6923076923076,0
PRV56041,0.0,0.0,0.0,0.0,55.0,32040.0,582.5454545454545,19.0,19.473684210526315,22,76.15789473684211,0.0,19,137.0,0.0,55.0,0.0,582.5454545454545,0
PRV56044,16.0,284000.0,17750.0,12.0,244.0,66770.0,273.6475409836066,70.0,18.710526315789473,22,70.98684210526316,0.0,76,466.0,13.0,260.0,0.06153846153846154,1349.1153846153845,0
PRV56045,0.0,0.0,0.0,0.0,120.0,27980.0,233.16666666666666,49.0,18.20408163265306,22,73.08163265306122,0.0,49,230.0,0.0,120.0,0.0,233.16666666666666,0
PRV56046,14.0,121000.0,8642.857142857143,13.0,6.0,680.0,113.33333333333333,6.0,16.352941176470587,21,71.6470588235294,0.0,17,99.0,7.0,20.0,0.7,6084.0,0
PRV56047,0.0,0.0,0.0,0.0,3.0,60.0,20.0,3.0,17.666666666666668,19,80.66666666666667,0.0,3,5.0,0.0,3.0,0.0,20.0,0
PRV56048,0.0,0.0,0.0,0.0,16.0,7380.0,461.25,16.0,17.5,21,69.3125,0.0,16,48.0,0.0,16.0,0.0,461.25,0
PRV56049,0.0,0.0,0.0,0.0,149.0,32580.0,218.65771812080536,101.0,17.861386138613863,22,72.07920792079207,0.0,101,251.0,0.0,149.0,0.0,218.65771812080536,0
PRV56050,0.0,0.0,0.0,0.0,1.0,40.0,40.0,1.0,17.0,17,88.0,0.0,1,4.0,0.0,1.0,0.0,40.0,0
PRV56051,0.0,0.0,0.0,0.0,4.0,1280.0,320.0,4.0,19.0,21,81.75,0.0,4,7.0,0.0,4.0,0.0,320.0,0
PRV56052,0.0,0.0,0.0,0.0,12.0,2950.0,245.83333333333334,10.0,17.1,20,78.5,0.0,10,22.0,0.0,12.0,0.0,245.83333333333334,0
PRV56054,0.0,0.0,0.0,0.0,45.0,18830.0,418.44444444444446,26.0,17.653846153846153,21,70.0,0.0,26,104.0,0.0,45.0,0.0,418.44444444444446,0
PRV56055,0.0,0.0,0.0,0.0,9.0,4470.0,496.6666666666667,8.0,18.375,21,71.5,0.0,8,23.0,0.0,9.0,0.0,496.6666666666667,0
PRV56056,0.0,0.0,0.0,0.0,1.0,40.0,40.0,1.0,18.0,18,67.0,0.0,1,1.0,0.0,1.0,0.0,40.0,0
PRV56057,9.0,97000.0,10777.777777777777,9.0,0.0,0.0,0.0,0.0,16.666666666666668,20,79.66666666666667,0.0,9,66.0,9.0,9.0,1.0,10777.777777777777,0
PRV56058,11.0,90000.0,8181.818181818182,11.0,0.0,0.0,0.0,0.0,16.272727272727273,20,79.18181818181819,0.0,11,73.0,7.0,11.0,1.0,8181.818181818182,0
PRV56060,0.0,0.0,0.0,0.0,1.0,50.0,50.0,1.0,17.0,17,86.0,0.0,1,1.0,0.0,1.0,0.0,50.0,0
PRV56062,0.0,0.0,0.0,0.0,25.0,6290.0,251.6,24.0,17.541666666666668,22,70.625,0.0,24,57.0,0.0,25.0,0.0,251.6,0
PRV56063,0.0,0.0,0.0,0.0,11.0,1670.0,151.8181818181818,11.0,16.636363636363637,19,77.18181818181819,0.0,11,22.0,0.0,11.0,0.0,151.8181818181818,0
PRV56065,0.0,0.0,0.0,0.0,1.0,70.0,70.0,1.0,17.0,17,59.0,0.0,1,3.0,0.0,1.0,0.0,70.0,0
PRV56066,0.0,0.0,0.0,0.0,8.0,4010.0,501.25,8.0,16.0,19,71.875,0.0,8,13.0,0.0,8.0,0.0,501.25,0
PRV56067,0.0,0.0,0.0,0.0,3.0,1310.0,436.6666666666667,3.0,17.333333333333332,22,70.66666666666667,0.0,3,4.0,0.0,3.0,0.0,436.6666666666667,0
PRV56068,0.0,0.0,0.0,0.0,41.0,15780.0,384.8780487804878,38.0,17.5,22,78.78947368421052,0.0,38,87.0,0.0,41.0,0.0,384.8780487804878,0
PRV56071,0.0,0.0,0.0,0.0,3.0,270.0,90.0,3.0,17.333333333333332,19,76.0,0.0,3,6.0,0.0,3.0,0.0,90.0,0
PRV56072,0.0,0.0,0.0,0.0,1.0,80.0,80.0,1.0,19.0,19,74.0,0.0,1,1.0,0.0,1.0,0.0,80.0,0
PRV56073,0.0,0.0,0.0,0.0,12.0,2440.0,203.33333333333334,12.0,17.916666666666668,22,83.08333333333333,0.0,12,26.0,0.0,12.0,0.0,203.33333333333334,0
PRV56075,0.0,0.0,0.0,0.0,12.0,3020.0,251.66666666666666,12.0,17.5,21,64.83333333333333,0.0,12,21.0,0.0,12.0,0.0,251.66666666666666,0
PRV56076,0.0,0.0,0.0,0.0,3.0,520.0,173.33333333333334,3.0,17.666666666666668,19,75.0,0.0,3,7.0,0.0,3.0,0.0,173.33333333333334,0
PRV56077,0.0,0.0,0.0,0.0,7.0,2450.0,350.0,7.0,17.428571428571427,21,70.42857142857143,0.0,7,21.0,0.0,7.0,0.0,350.0,0
PRV56078,0.0,0.0,0.0,0.0,4.0,510.0,127.5,4.0,17.0,19,70.25,0.0,4,10.0,0.0,4.0,0.0,127.5,0
PRV56080,0.0,0.0,0.0,0.0,5.0,250.0,50.0,5.0,17.8,21,78.4,0.0,5,9.0,0.0,5.0,0.0,50.0,0
PRV56083,0.0,0.0,0.0,0.0,3.0,3570.0,1190.0,3.0,17.0,20,78.66666666666667,0.0,3,5.0,0.0,3.0,0.0,1190.0,0
PRV56084,0.0,0.0,0.0,0.0,1.0,50.0,50.0,1.0,14.0,14,75.0,0.0,1,2.0,0.0,1.0,0.0,50.0,0
PRV56086,0.0,0.0,0.0,0.0,16.0,4280.0,267.5,14.0,18.214285714285715,22,72.71428571428571,0.0,14,24.0,0.0,16.0,0.0,267.5,0
PRV56087,0.0,0.0,0.0,0.0,1.0,300.0,300.0,1.0,18.0,18,92.0,0.0,1,1.0,0.0,1.0,0.0,300.0,0
PRV56088,0.0,0.0,0.0,0.0,85.0,25150.0,295.88235294117646,74.0,17.85135135135135,22,77.64864864864865,0.013513513513513514,74,189.0,0.0,85.0,0.0,295.88235294117646,0
PRV56089,0.0,0.0,0.0,0.0,1.0,10.0,10.0,1.0,17.0,17,69.0,0.0,1,2.0,0.0,1.0,0.0,10.0,0
PRV56090,0.0,0.0,0.0,0.0,12.0,1580.0,131.66666666666666,11.0,17.636363636363637,21,73.9090909090909,0.0,11,25.0,0.0,12.0,0.0,131.66666666666666,0
PRV56091,0.0,0.0,0.0,0.0,1.0,200.0,200.0,1.0,21.0,21,89.0,0.0,1,2.0,0.0,1.0,0.0,200.0,0
PRV56092,0.0,0.0,0.0,0.0,5.0,4330.0,866.0,4.0,19.25,21,77.0,0.0,4,23.0,0.0,5.0,0.0,866.0,0
PRV56093,0.0,0.0,0.0,0.0,7.0,2070.0,295.7142857142857,7.0,17.0,20,83.85714285714286,0.0,7,18.0,0.0,7.0,0.0,295.7142857142857,0
PRV56094,0.0,0.0,0.0,0.0,25.0,7510.0,300.4,24.0,17.625,22,71.58333333333333,0.0,24,73.0,0.0,25.0,0.0,300.4,0
PRV56095,0.0,0.0,0.0,0.0,11.0,4910.0,446.3636363636364,10.0,17.6,21,78.9,0.0,10,45.0,0.0,11.0,0.0,446.3636363636364,0
PRV56098,0.0,0.0,0.0,0.0,21.0,2840.0,135.23809523809524,18.0,17.5,22,79.55555555555556,0.0,18,50.0,0.0,21.0,0.0,135.23809523809524,0
PRV56099,0.0,0.0,0.0,0.0,3.0,630.0,210.0,3.0,19.666666666666668,22,74.66666666666667,0.0,3,3.0,0.0,3.0,0.0,210.0,0
PRV56101,0.0,0.0,0.0,0.0,5.0,5620.0,1124.0,5.0,17.0,21,72.4,0.0,5,12.0,0.0,5.0,0.0,1124.0,0
PRV56102,8.0,79000.0,9875.0,8.0,28.0,7790.0,278.2142857142857,27.0,17.228571428571428,22,72.31428571428572,0.0,35,110.0,5.0,36.0,0.2222222222222222,2410.8333333333335,0
PRV56103,68.0,677000.0,9955.882352941177,55.0,48.0,14860.0,309.5833333333333,43.0,17.10112359550562,22,75.58426966292134,0.011235955056179775,89,369.0,46.0,116.0,0.5862068965517241,5964.310344827586,1
PRV56104,0.0,0.0,0.0,0.0,483.0,116260.0,240.703933747412,232.0,17.95689655172414,22,75.15517241379311,0.021551724137931036,232,708.0,0.0,483.0,0.0,240.703933747412,1
PRV56105,29.0,264500.0,9120.689655172413,26.0,3.0,70.0,23.333333333333332,3.0,16.310344827586206,20,73.89655172413794,0.0,29,152.0,13.0,32.0,0.90625,8267.8125,0
PRV56106,2.0,10000.0,5000.0,2.0,0.0,0.0,0.0,0.0,17.5,21,74.5,0.0,2,19.0,1.0,2.0,1.0,5000.0,0
PRV56108,0.0,0.0,0.0,0.0,15.0,7360.0,490.6666666666667,11.0,17.545454545454547,22,74.9090909090909,0.0,11,27.0,0.0,15.0,0.0,490.6666666666667,0
PRV56109,0.0,0.0,0.0,0.0,12.0,2320.0,193.33333333333334,11.0,17.90909090909091,21,68.81818181818181,0.0,11,25.0,0.0,12.0,0.0,193.33333333333334,0
PRV56111,0.0,0.0,0.0,0.0,93.0,20060.0,215.69892473118279,50.0,17.52,22,75.58,0.04,50,201.0,0.0,93.0,0.0,215.69892473118279,0
PRV56113,0.0,0.0,0.0,0.0,45.0,16260.0,361.3333333333333,30.0,18.266666666666666,22,68.2,0.0,30,99.0,0.0,45.0,0.0,361.3333333333333,0
PRV56114,0.0,0.0,0.0,0.0,41.0,13180.0,321.4634146341463,26.0,17.307692307692307,22,75.38461538461539,0.0,26,89.0,0.0,41.0,0.0,321.4634146341463,0
PRV56115,0.0,0.0,0.0,0.0,2.0,290.0,145.0,2.0,17.0,20,75.0,0.0,2,8.0,0.0,2.0,0.0,145.0,0
PRV56116,0.0,0.0,0.0,0.0,35.0,9790.0,279.7142857142857,34.0,17.647058823529413,22,78.55882352941177,0.0,34,73.0,0.0,35.0,0.0,279.7142857142857,0
PRV56117,0.0,0.0,0.0,0.0,14.0,1420.0,101.42857142857143,12.0,18.25,21,74.66666666666667,0.0,12,27.0,0.0,14.0,0.0,101.42857142857143,0
PRV56118,14.0,116000.0,8285.714285714286,14.0,0.0,0.0,0.0,0.0,17.142857142857142,21,74.28571428571429,0.07142857142857142,14,84.0,8.0,14.0,1.0,8285.714285714286,0
PRV56119,11.0,120000.0,10909.09090909091,11.0,0.0,0.0,0.0,0.0,16.545454545454547,20,77.63636363636364,0.0,11,74.0,9.0,11.0,1.0,10909.09090909091,0
PRV56120,4.0,36000.0,9000.0,4.0,0.0,0.0,0.0,0.0,17.75,18,67.75,0.0,4,28.0,4.0,4.0,1.0,9000.0,0
PRV56121,16.0,229000.0,14312.5,16.0,0.0,0.0,0.0,0.0,15.125,18,76.125,0.0,16,112.0,13.0,16.0,1.0,14312.5,0
PRV56122,3.0,20000.0,6666.666666666667,3.0,0.0,0.0,0.0,0.0,15.666666666666666,18,82.66666666666667,0.0,3,21.0,2.0,3.0,1.0,6666.666666666667,0
PRV56123,40.0,498000.0,12450.0,38.0,0.0,0.0,0.0,0.0,16.236842105263158,22,75.57894736842105,0.05263157894736842,38,215.0,25.0,40.0,1.0,12450.0,0
PRV56124,6.0,84000.0,14000.0,6.0,0.0,0.0,0.0,0.0,14.666666666666666,17,71.83333333333333,0.0,6,47.0,3.0,6.0,1.0,14000.0,0
PRV56125,7.0,45000.0,6428.571428571428,7.0,0.0,0.0,0.0,0.0,16.857142857142858,18,74.85714285714286,0.0,7,52.0,4.0,7.0,1.0,6428.571428571428,0
PRV56126,6.0,31000.0,5166.666666666667,6.0,0.0,0.0,0.0,0.0,16.5,21,73.66666666666667,0.0,6,42.0,5.0,6.0,1.0,5166.666666666667,0
PRV56129,23.0,256000.0,11130.434782608696,21.0,0.0,0.0,0.0,0.0,16.904761904761905,21,70.9047619047619,0.0,21,125.0,15.0,23.0,1.0,11130.434782608696,0
PRV56130,17.0,120000.0,7058.823529411765,16.0,0.0,0.0,0.0,0.0,15.875,20,78.875,0.0,16,109.0,8.0,17.0,1.0,7058.823529411765,0
PRV56131,15.0,141000.0,9400.0,13.0,0.0,0.0,0.0,0.0,16.307692307692307,20,74.15384615384616,0.0,13,100.0,15.0,15.0,1.0,9400.0,0
PRV56133,15.0,144000.0,9600.0,14.0,0.0,0.0,0.0,0.0,16.0,18,67.71428571428571,0.0,14,85.0,8.0,15.0,1.0,9600.0,0
PRV56134,62.0,768000.0,12387.09677419355,58.0,0.0,0.0,0.0,0.0,16.74137931034483,22,73.37931034482759,0.0,58,278.0,35.0,62.0,1.0,12387.09677419355,1
PRV56135,3.0,47000.0,15666.666666666666,3.0,19.0,10230.0,538.421052631579,14.0,18.5,22,76.3125,0.125,16,63.0,3.0,22.0,0.13636363636363635,2601.3636363636365,0
PRV56136,1.0,6000.0,6000.0,1.0,7.0,1120.0,160.0,7.0,18.625,22,65.375,0.0,8,23.0,1.0,8.0,0.125,890.0,0
PRV56137,0.0,0.0,0.0,0.0,48.0,16150.0,336.4583333333333,30.0,18.2,22,70.43333333333334,0.0,30,109.0,0.0,48.0,0.0,336.4583333333333,0
PRV56138,0.0,0.0,0.0,0.0,36.0,13160.0,365.55555555555554,22.0,17.09090909090909,20,72.18181818181819,0.0,22,87.0,0.0,36.0,0.0,365.55555555555554,0
PRV56139,3.0,37000.0,12333.333333333334,3.0,18.0,8010.0,445.0,13.0,18.142857142857142,22,76.5,0.0,14,65.0,1.0,21.0,0.14285714285714285,2143.3333333333335,0
PRV56140,16.0,128000.0,8000.0,16.0,15.0,2600.0,173.33333333333334,14.0,17.4,22,71.1,0.0,30,125.0,9.0,31.0,0.5161290322580645,4212.903225806452,0
PRV56141,0.0,0.0,0.0,0.0,39.0,14540.0,372.8205128205128,28.0,18.5,22,69.21428571428571,0.03571428571428571,28,87.0,0.0,39.0,0.0,372.8205128205128,0
PRV56142,5.0,114000.0,22800.0,5.0,48.0,17590.0,366.4583333333333,46.0,17.274509803921568,22,72.90196078431373,0.0,51,132.0,7.0,53.0,0.09433962264150944,2482.830188679245,0
PRV56143,0.0,0.0,0.0,0.0,29.0,5220.0,180.0,24.0,17.833333333333332,22,72.125,0.0,24,71.0,0.0,29.0,0.0,180.0,0
PRV56145,0.0,0.0,0.0,0.0,52.0,22650.0,435.5769230769231,40.0,17.8,22,71.475,0.0,40,105.0,0.0,52.0,0.0,435.5769230769231,0
PRV56146,0.0,0.0,0.0,0.0,21.0,11600.0,552.3809523809524,14.0,19.0,22,69.57142857142857,0.0,14,46.0,0.0,21.0,0.0,552.3809523809524,0
PRV56147,2.0,18000.0,9000.0,2.0,6.0,470.0,78.33333333333333,6.0,17.125,20,75.5,0.0,8,29.0,2.0,8.0,0.25,2308.75,0
PRV56148,0.0,0.0,0.0,0.0,143.0,23950.0,167.4825174825175,70.0,18.87142857142857,22,73.37142857142857,0.0,70,278.0,0.0,143.0,0.0,167.4825174825175,0
PRV56149,0.0,0.0,0.0,0.0,27.0,6130.0,227.03703703703704,16.0,18.375,22,71.5,0.0,16,57.0,0.0,27.0,0.0,227.03703703703704,0
PRV56151,0.0,0.0,0.0,0.0,87.0,17780.0,204.367816091954,42.0,18.976190476190474,22,72.76190476190476,0.0,42,142.0,0.0,87.0,0.0,204.367816091954,0
PRV56152,0.0,0.0,0.0,0.0,18.0,6620.0,367.77777777777777,15.0,18.666666666666668,22,72.6,0.0,15,39.0,0.0,18.0,0.0,367.77777777777777,0
PRV56153,0.0,0.0,0.0,0.0,9.0,1410.0,156.66666666666666,9.0,17.333333333333332,21,70.55555555555556,0.0,9,17.0,0.0,9.0,0.0,156.66666666666666,0
PRV56154,0.0,0.0,0.0,0.0,19.0,4350.0,228.94736842105263,19.0,17.842105263157894,21,71.94736842105263,0.0,19,41.0,0.0,19.0,0.0,228.94736842105263,0
PRV56156,5.0,32000.0,6400.0,5.0,64.0,14620.0,228.4375,42.0,17.869565217391305,22,70.65217391304348,0.021739130434782608,46,151.0,0.0,69.0,0.07246376811594203,675.6521739130435,0
PRV56157,0.0,0.0,0.0,0.0,38.0,13840.0,364.2105263157895,32.0,18.625,22,72.1875,0.0,32,87.0,0.0,38.0,0.0,364.2105263157895,0
PRV56158,0.0,0.0,0.0,0.0,38.0,5930.0,156.05263157894737,24.0,18.333333333333332,22,71.29166666666667,0.0,24,63.0,0.0,38.0,0.0,156.05263157894737,0
PRV56159,0.0,0.0,0.0,0.0,30.0,7160.0,238.66666666666666,29.0,18.06896551724138,22,74.75862068965517,0.034482758620689655,29,62.0,0.0,30.0,0.0,238.66666666666666,0
PRV56161,13.0,101000.0,7769.2307692307695,12.0,34.0,4640.0,136.47058823529412,28.0,17.16216216216216,22,73.5945945945946,0.0,37,143.0,7.0,47.0,0.2765957446808511,2247.659574468085,1
PRV56163,0.0,0.0,0.0,0.0,7.0,3180.0,454.2857142857143,6.0,18.333333333333332,22,66.5,0.0,6,18.0,0.0,7.0,0.0,454.2857142857143,0
PRV56164,0.0,0.0,0.0,0.0,27.0,5570.0,206.2962962962963,27.0,18.0,22,71.22222222222223,0.0,27,61.0,0.0,27.0,0.0,206.2962962962963,0
PRV56165,0.0,0.0,0.0,0.0,19.0,12810.0,674.2105263157895,13.0,18.53846153846154,22,68.38461538461539,0.0,13,37.0,0.0,19.0,0.0,674.2105263157895,0
PRV56166,2.0,8000.0,4000.0,2.0,6.0,720.0,120.0,6.0,17.75,22,78.0,0.0,8,27.0,0.0,8.0,0.25,1090.0,0
PRV56168,0.0,0.0,0.0,0.0,1.0,20.0,20.0,1.0,21.0,21,69.0,0.0,1,6.0,0.0,1.0,0.0,20.0,0
PRV56169,0.0,0.0,0.0,0.0,22.0,7350.0,334.09090909090907,17.0,18.11764705882353,21,78.11764705882354,0.0,17,57.0,0.0,22.0,0.0,334.09090909090907,0
PRV56170,8.0,72000.0,9000.0,8.0,10.0,1370.0,137.0,8.0,17.75,22,71.0,0.0,16,73.0,5.0,18.0,0.4444444444444444,4076.1111111111113,0
PRV56171,0.0,0.0,0.0,0.0,15.0,1140.0,76.0,12.0,17.416666666666668,20,67.25,0.0,12,31.0,0.0,15.0,0.0,76.0,0
PRV56172,3.0,23000.0,7666.666666666667,3.0,8.0,8140.0,1017.5,8.0,19.454545454545453,22,61.72727272727273,0.0,11,39.0,1.0,11.0,0.2727272727272727,2830.909090909091,0
PRV56173,6.0,101000.0,16833.333333333332,5.0,38.0,5720.0,150.52631578947367,32.0,17.43243243243243,21,70.62162162162163,0.0,37,113.0,7.0,44.0,0.13636363636363635,2425.4545454545455,0
PRV56174,1.0,3000.0,3000.0,1.0,9.0,550.0,61.111111111111114,9.0,17.4,22,66.4,0.0,10,26.0,2.0,10.0,0.1,355.0,0
PRV56176,0.0,0.0,0.0,0.0,21.0,7960.0,379.04761904761904,15.0,17.8,22,73.13333333333334,0.0,15,65.0,0.0,21.0,0.0,379.04761904761904,0
PRV56177,0.0,0.0,0.0,0.0,18.0,2600.0,144.44444444444446,10.0,17.6,22,71.0,0.0,10,50.0,0.0,18.0,0.0,144.44444444444446,0
PRV56179,1.0,8000.0,8000.0,1.0,7.0,1950.0,278.57142857142856,7.0,16.25,18,63.875,0.0,8,36.0,1.0,8.0,0.125,1243.75,0
PRV56181,0.0,0.0,0.0,0.0,12.0,4550.0,379.1666666666667,9.0,17.0,20,72.55555555555556,0.0,9,29.0,0.0,12.0,0.0,379.1666666666667,0
PRV56182,0.0,0.0,0.0,0.0,51.0,13590.0,266.47058823529414,44.0,17.59090909090909,22,71.43181818181819,0.0,44,107.0,0.0,51.0,0.0,266.47058823529414,0
PRV56183,0.0,0.0,0.0,0.0,23.0,4240.0,184.34782608695653,19.0,18.0,22,69.3157894736842,0.0,19,62.0,0.0,23.0,0.0,184.34782608695653,0
PRV56184,0.0,0.0,0.0,0.0,18.0,2730.0,151.66666666666666,9.0,17.666666666666668,22,68.44444444444444,0.0,9,36.0,0.0,18.0,0.0,151.66666666666666,0
PRV56185,0.0,0.0,0.0,0.0,7.0,530.0,75.71428571428571,7.0,18.571428571428573,20,65.57142857142857,0.0,7,14.0,0.0,7.0,0.0,75.71428571428571,0
PRV56186,0.0,0.0,0.0,0.0,12.0,2660.0,221.66666666666666,10.0,17.8,22,60.7,0.1,10,19.0,0.0,12.0,0.0,221.66666666666666,0
PRV56187,0.0,0.0,0.0,0.0,18.0,4970.0,276.1111111111111,14.0,18.5,22,70.0,0.0,14,51.0,0.0,18.0,0.0,276.1111111111111,0
PRV56189,0.0,0.0,0.0,0.0,6.0,960.0,160.0,5.0,19.0,20,64.4,0.0,5,15.0,0.0,6.0,0.0,160.0,0
PRV56190,0.0,0.0,0.0,0.0,6.0,790.0,131.66666666666666,4.0,16.0,18,71.5,0.0,4,14.0,0.0,6.0,0.0,131.66666666666666,0
PRV56191,0.0,0.0,0.0,0.0,62.0,20710.0,334.03225806451616,37.0,19.054054054054053,22,68.10810810810811,0.0,37,121.0,0.0,62.0,0.0,334.03225806451616,0
PRV56193,0.0,0.0,0.0,0.0,14.0,4880.0,348.57142857142856,12.0,17.416666666666668,19,74.25,0.0,12,26.0,0.0,14.0,0.0,348.57142857142856,0
PRV56194,0.0,0.0,0.0,0.0,8.0,2170.0,271.25,5.0,18.0,22,59.0,0.0,5,23.0,0.0,8.0,0.0,271.25,0
PRV56196,0.0,0.0,0.0,0.0,6.0,740.0,123.33333333333333,6.0,18.5,21,76.5,0.16666666666666666,6,13.0,0.0,6.0,0.0,123.33333333333333,0
PRV56198,0.0,0.0,0.0,0.0,21.0,6500.0,309.5238095238095,12.0,18.333333333333332,22,70.41666666666667,0.0,12,57.0,0.0,21.0,0.0,309.5238095238095,0
PRV56199,0.0,0.0,0.0,0.0,16.0,2600.0,162.5,13.0,17.846153846153847,22,69.38461538461539,0.0,13,31.0,0.0,16.0,0.0,162.5,0
PRV56200,0.0,0.0,0.0,0.0,58.0,12600.0,217.24137931034483,41.0,17.51219512195122,22,70.92682926829268,0.0,41,115.0,0.0,58.0,0.0,217.24137931034483,0
PRV56201,0.0,0.0,0.0,0.0,3.0,120.0,40.0,2.0,18.0,19,80.5,0.0,2,7.0,0.0,3.0,0.0,40.0,0
PRV56202,1.0,10000.0,10000.0,1.0,0.0,0.0,0.0,0.0,17.0,17,85.0,0.0,1,6.0,1.0,1.0,1.0,10000.0,0
PRV56206,0.0,0.0,0.0,0.0,31.0,6240.0,201.29032258064515,30.0,17.933333333333334,22,73.1,0.0,30,67.0,0.0,31.0,0.0,201.29032258064515,0
PRV56207,3.0,69000.0,23000.0,3.0,92.0,20520.0,223.04347826086956,89.0,17.304347826086957,22,75.91304347826087,0.021739130434782608,92,188.0,4.0,95.0,0.031578947368421054,942.3157894736842,0
PRV56208,0.0,0.0,0.0,0.0,67.0,25610.0,382.23880597014926,66.0,17.515151515151516,22,73.04545454545455,0.0,66,152.0,0.0,67.0,0.0,382.23880597014926,0
PRV56209,0.0,0.0,0.0,0.0,189.0,57370.0,303.5449735449736,186.0,17.322580645161292,22,75.05913978494624,0.0,186,333.0,0.0,189.0,0.0,303.5449735449736,0
PRV56210,31.0,227000.0,7322.580645161291,27.0,119.0,27720.0,232.94117647058823,117.0,17.29861111111111,22,74.0,0.020833333333333332,144,328.0,20.0,150.0,0.20666666666666667,1698.1333333333334,0
PRV56211,0.0,0.0,0.0,0.0,83.0,23700.0,285.5421686746988,83.0,17.879518072289155,22,73.06024096385542,0.0,83,173.0,0.0,83.0,0.0,285.5421686746988,0
PRV56212,0.0,0.0,0.0,0.0,17.0,5360.0,315.29411764705884,17.0,17.41176470588235,22,71.11764705882354,0.0,17,41.0,0.0,17.0,0.0,315.29411764705884,0
PRV56213,0.0,0.0,0.0,0.0,643.0,161060.0,250.48211508553655,355.0,18.250704225352113,22,73.82535211267606,0.011267605633802818,355,823.0,1.0,643.0,0.0,250.48211508553655,0
PRV56214,0.0,0.0,0.0,0.0,3.0,710.0,236.66666666666666,3.0,18.666666666666668,21,69.33333333333333,0.0,3,9.0,0.0,3.0,0.0,236.66666666666666,0
PRV56216,0.0,0.0,0.0,0.0,481.0,157910.0,328.2952182952183,352.0,17.769886363636363,22,74.02556818181819,0.011363636363636364,352,685.0,0.0,481.0,0.0,328.2952182952183,0
PRV56217,0.0,0.0,0.0,0.0,45.0,9920.0,220.44444444444446,37.0,18.405405405405407,22,74.5945945945946,0.0,37,109.0,0.0,45.0,0.0,220.44444444444446,0
PRV56218,6.0,35000.0,5833.333333333333,6.0,112.0,24160.0,215.71428571428572,97.0,17.650485436893202,22,73.0873786407767,0.019417475728155338,103,226.0,6.0,118.0,0.05084745762711865,501.35593220338984,0
PRV56219,4.0,46000.0,11500.0,4.0,273.0,70970.0,259.96336996337,97.0,17.857142857142858,22,74.65306122448979,0.0,98,438.0,0.0,277.0,0.01444043321299639,422.27436823104694,0
PRV56220,3.0,17000.0,5666.666666666667,3.0,12.0,1610.0,134.16666666666666,11.0,17.285714285714285,20,69.42857142857143,0.0,14,44.0,4.0,15.0,0.2,1240.6666666666667,0
PRV56221,18.0,140000.0,7777.777777777777,17.0,287.0,88340.0,307.8048780487805,198.0,17.671361502347416,22,72.1830985915493,0.0,213,511.0,10.0,305.0,0.05901639344262295,748.655737704918,0
PRV56222,0.0,0.0,0.0,0.0,101.0,24770.0,245.24752475247524,72.0,17.680555555555557,22,72.52777777777777,0.013888888888888888,72,200.0,0.0,101.0,0.0,245.24752475247524,0
PRV56224,4.0,31000.0,7750.0,4.0,107.0,37950.0,354.67289719626166,97.0,17.603960396039604,22,72.26732673267327,0.0297029702970297,101,229.0,0.0,111.0,0.036036036036036036,621.1711711711712,0
PRV56225,50.0,610000.0,12200.0,48.0,538.0,151100.0,280.8550185873606,287.0,17.868589743589745,22,72.83333333333333,0.022435897435897436,312,877.0,24.0,588.0,0.08503401360544217,1294.3877551020407,1
PRV56227,1.0,4000.0,4000.0,1.0,25.0,4820.0,192.8,23.0,17.083333333333332,22,73.91666666666667,0.0,24,67.0,0.0,26.0,0.038461538461538464,339.2307692307692,0
PRV56228,0.0,0.0,0.0,0.0,262.0,65670.0,250.64885496183206,149.0,17.859060402684563,22,71.30201342281879,0.0,149,449.0,0.0,262.0,0.0,250.64885496183206,0
PRV56229,0.0,0.0,0.0,0.0,13.0,4440.0,341.53846153846155,12.0,17.75,20,69.83333333333333,0.0,12,31.0,0.0,13.0,0.0,341.53846153846155,0
PRV56231,32.0,350200.0,10943.75,29.0,238.0,58520.0,245.88235294117646,180.0,17.757575757575758,22,71.73737373737374,0.0,198,506.0,17.0,270.0,0.11851851851851852,1513.7777777777778,1
PRV56232,0.0,0.0,0.0,0.0,35.0,9780.0,279.42857142857144,34.0,17.529411764705884,22,72.38235294117646,0.0,34,82.0,0.0,35.0,0.0,279.42857142857144,0
PRV56233,0.0,0.0,0.0,0.0,98.0,32890.0,335.61224489795916,42.0,17.833333333333332,22,74.88095238095238,0.023809523809523808,42,198.0,1.0,98.0,0.0,335.61224489795916,0
PRV56234,0.0,0.0,0.0,0.0,70.0,21720.0,310.2857142857143,56.0,17.160714285714285,22,73.94642857142857,0.017857142857142856,56,149.0,0.0,70.0,0.0,310.2857142857143,0
PRV56235,14.0,136000.0,9714.285714285714,14.0,157.0,42900.0,273.2484076433121,144.0,17.594771241830067,22,73.2156862745098,0.0,153,368.0,12.0,171.0,0.08187134502923976,1046.1988304093568,0
PRV56236,7.0,45000.0,6428.571428571428,6.0,29.0,11080.0,382.0689655172414,29.0,17.314285714285713,22,73.28571428571429,0.0,35,115.0,6.0,36.0,0.19444444444444445,1557.7777777777778,0
PRV56237,0.0,0.0,0.0,0.0,198.0,35030.0,176.91919191919192,131.0,18.022900763358777,22,72.34351145038168,0.0,131,333.0,0.0,198.0,0.0,176.91919191919192,0
PRV56238,4.0,67000.0,16750.0,3.0,27.0,6690.0,247.77777777777777,27.0,17.133333333333333,22,73.73333333333333,0.0,30,98.0,4.0,31.0,0.12903225806451613,2377.0967741935483,0
PRV56239,0.0,0.0,0.0,0.0,125.0,54830.0,438.64,55.0,18.345454545454544,22,70.63636363636364,0.0,55,220.0,0.0,125.0,0.0,438.64,0
PRV56241,0.0,0.0,0.0,0.0,140.0,31640.0,226.0,98.0,17.489795918367346,22,72.75510204081633,0.02040816326530612,98,277.0,0.0,140.0,0.0,226.0,0
PRV56242,1.0,7000.0,7000.0,1.0,135.0,43420.0,321.6296296296296,74.0,18.106666666666666,22,71.41333333333333,0.0,75,252.0,2.0,136.0,0.007352941176470588,370.7352941176471,0
PRV56243,78.0,696100.0,8924.358974358975,68.0,831.0,226680.0,272.7797833935018,567.0,17.70364238410596,22,72.48675496688742,0.006622516556291391,604,1176.0,43.0,909.0,0.0858085808580858,1015.1595159515952,0
PRV56245,0.0,0.0,0.0,0.0,76.0,13720.0,180.52631578947367,44.0,17.454545454545453,22,68.77272727272727,0.0,44,136.0,0.0,76.0,0.0,180.52631578947367,0
PRV56247,2.0,12000.0,6000.0,2.0,24.0,8410.0,350.4166666666667,19.0,18.285714285714285,22,70.9047619047619,0.0,21,63.0,1.0,26.0,0.07692307692307693,785.0,0
PRV56248,0.0,0.0,0.0,0.0,934.0,283190.0,303.2012847965739,477.0,17.9979035639413,22,72.12788259958072,0.006289308176100629,477,1116.0,0.0,934.0,0.0,303.2012847965739,0
PRV56249,56.0,577000.0,10303.57142857143,54.0,1054.0,298110.0,282.8368121442125,630.0,17.906906906906908,22,71.78528528528528,0.0075075075075075074,666,1313.0,34.0,1110.0,0.05045045045045045,788.3873873873874,1
PRV56251,0.0,0.0,0.0,0.0,30.0,8950.0,298.3333333333333,16.0,17.5625,22,71.25,0.0,16,77.0,0.0,30.0,0.0,298.3333333333333,0
PRV56252,0.0,0.0,0.0,0.0,18.0,5210.0,289.44444444444446,18.0,16.77777777777778,22,69.72222222222223,0.0,18,42.0,0.0,18.0,0.0,289.44444444444446,0
PRV56253,63.0,574500.0,9119.047619047618,54.0,248.0,62180.0,250.7258064516129,183.0,17.780701754385966,22,72.63157894736842,0.0,228,621.0,31.0,311.0,0.20257234726688103,2047.2025723472668,1
PRV56255,0.0,0.0,0.0,0.0,102.0,38510.0,377.54901960784315,68.0,17.794117647058822,22,76.1470588235294,0.0,68,216.0,0.0,102.0,0.0,377.54901960784315,0
PRV56256,11.0,84000.0,7636.363636363636,11.0,44.0,6650.0,151.13636363636363,42.0,17.50943396226415,22,73.67924528301887,0.0,53,140.0,9.0,55.0,0.2,1648.1818181818182,0
PRV56257,17.0,148000.0,8705.882352941177,14.0,35.0,9440.0,269.7142857142857,34.0,17.0625,22,74.625,0.020833333333333332,48,145.0,13.0,52.0,0.3269230769230769,3027.6923076923076,1
PRV56258,0.0,0.0,0.0,0.0,70.0,26130.0,373.2857142857143,70.0,17.514285714285716,21,74.45714285714286,0.014285714285714285,70,153.0,0.0,70.0,0.0,373.2857142857143,0
PRV56259,16.0,108000.0,6750.0,15.0,180.0,52020.0,289.0,173.0,17.329787234042552,22,71.98404255319149,0.005319148936170213,188,387.0,9.0,196.0,0.08163265306122448,816.4285714285714,1
PRV56260,55.0,550000.0,10000.0,49.0,4.0,510.0,127.5,4.0,16.18867924528302,21,72.64150943396227,0.0,53,254.0,34.0,59.0,0.9322033898305084,9330.677966101695,0
PRV56261,0.0,0.0,0.0,0.0,69.0,24690.0,357.82608695652175,47.0,18.319148936170212,22,71.31914893617021,0.0,47,135.0,0.0,69.0,0.0,357.82608695652175,0
PRV56262,0.0,0.0,0.0,0.0,15.0,3480.0,232.0,15.0,17.8,22,71.0,0.06666666666666667,15,34.0,0.0,15.0,0.0,232.0,0
PRV56263,2.0,20000.0,10000.0,2.0,16.0,2940.0,183.75,15.0,18.41176470588235,21,79.17647058823529,0.0,17,52.0,1.0,18.0,0.1111111111111111,1274.4444444444443,0
PRV56264,19.0,165000.0,8684.21052631579,15.0,32.0,7050.0,220.3125,30.0,17.955555555555556,22,73.5111111111111,0.0,45,164.0,10.0,51.0,0.37254901960784315,3373.529411764706,0
PRV56265,20.0,179000.0,8950.0,19.0,106.0,32760.0,309.0566037735849,43.0,17.51851851851852,22,71.27777777777777,0.018518518518518517,54,291.0,15.0,126.0,0.15873015873015872,1680.6349206349207,0
PRV56266,0.0,0.0,0.0,0.0,30.0,9640.0,321.3333333333333,26.0,17.884615384615383,21,68.15384615384616,0.0,26,66.0,0.0,30.0,0.0,321.3333333333333,0
PRV56267,0.0,0.0,0.0,0.0,4.0,350.0,87.5,4.0,16.0,19,68.75,0.0,4,13.0,0.0,4.0,0.0,87.5,0
PRV56268,61.0,657100.0,10772.131147540984,57.0,1052.0,283570.0,269.5532319391635,824.0,17.59335624284078,22,72.6643757159221,0.009163802978235968,873,1280.0,38.0,1113.0,0.05480682839173405,845.1662174303684,1
PRV56269,8.0,81000.0,10125.0,8.0,9.0,2230.0,247.77777777777777,8.0,16.625,22,74.9375,0.0,16,85.0,4.0,17.0,0.47058823529411764,4895.882352941177,0
PRV56270,0.0,0.0,0.0,0.0,1043.0,289970.0,278.01534036433367,485.0,18.04742268041237,22,71.90309278350516,0.016494845360824743,485,1201.0,0.0,1043.0,0.0,278.01534036433367,0
PRV56271,1.0,6000.0,6000.0,1.0,92.0,30760.0,334.3478260869565,64.0,18.2,22,68.58461538461539,0.0,65,193.0,1.0,93.0,0.010752688172043012,395.26881720430106,0
PRV56272,0.0,0.0,0.0,0.0,22.0,5450.0,247.72727272727272,14.0,17.642857142857142,22,72.57142857142857,0.0,14,54.0,0.0,22.0,0.0,247.72727272727272,0
PRV56274,4.0,22000.0,5500.0,4.0,4.0,1980.0,495.0,4.0,17.625,20,69.875,0.0,8,40.0,2.0,8.0,0.5,2997.5,0
PRV56275,0.0,0.0,0.0,0.0,80.0,24690.0,308.625,34.0,17.852941176470587,22,73.58823529411765,0.029411764705882353,34,159.0,2.0,80.0,0.0,308.625,0
PRV56276,1.0,13000.0,13000.0,1.0,6.0,390.0,65.0,6.0,17.285714285714285,21,72.14285714285714,0.0,7,18.0,1.0,7.0,0.14285714285714285,1912.857142857143,0
PRV56277,0.0,0.0,0.0,0.0,19.0,5470.0,287.89473684210526,17.0,17.294117647058822,21,75.82352941176471,0.0,17,44.0,0.0,19.0,0.0,287.89473684210526,0
PRV56278,0.0,0.0,0.0,0.0,27.0,20910.0,774.4444444444445,18.0,18.333333333333332,22,71.11111111111111,0.0,18,70.0,0.0,27.0,0.0,774.4444444444445,0
PRV56279,0.0,0.0,0.0,0.0,53.0,17770.0,335.2830188679245,29.0,17.03448275862069,21,72.20689655172414,0.0,29,109.0,0.0,53.0,0.0,335.2830188679245,0
PRV56280,0.0,0.0,0.0,0.0,39.0,8450.0,216.66666666666666,32.0,17.8125,22,69.65625,0.03125,32,83.0,0.0,39.0,0.0,216.66666666666666,0
PRV56281,0.0,0.0,0.0,0.0,54.0,24130.0,446.85185185185185,24.0,17.458333333333332,21,71.29166666666667,0.0,24,133.0,0.0,54.0,0.0,446.85185185185185,0
PRV56282,0.0,0.0,0.0,0.0,4.0,500.0,125.0,4.0,17.0,19,82.0,0.0,4,12.0,0.0,4.0,0.0,125.0,0
PRV56283,0.0,0.0,0.0,0.0,3.0,2320.0,773.3333333333334,3.0,16.666666666666668,18,69.66666666666667,0.0,3,7.0,0.0,3.0,0.0,773.3333333333334,0
PRV56284,0.0,0.0,0.0,0.0,67.0,23090.0,344.6268656716418,37.0,18.324324324324323,22,71.16216216216216,0.02702702702702703,37,141.0,0.0,67.0,0.0,344.6268656716418,0
PRV56285,13.0,140000.0,10769.23076923077,12.0,0.0,0.0,0.0,0.0,16.083333333333332,18,74.0,0.0,12,87.0,11.0,13.0,1.0,10769.23076923077,0
PRV56286,1.0,23000.0,23000.0,1.0,0.0,0.0,0.0,0.0,16.0,16,73.0,0.0,1,10.0,1.0,1.0,1.0,23000.0,0
PRV56287,0.0,0.0,0.0,0.0,107.0,28680.0,268.0373831775701,83.0,17.686746987951807,22,73.26506024096386,0.024096385542168676,83,207.0,0.0,107.0,0.0,268.0373831775701,0
PRV56288,2.0,24000.0,12000.0,2.0,0.0,0.0,0.0,0.0,17.0,19,64.0,0.0,2,19.0,2.0,2.0,1.0,12000.0,0
PRV56289,5.0,28000.0,5600.0,5.0,0.0,0.0,0.0,0.0,17.2,22,65.8,0.0,5,38.0,2.0,5.0,1.0,5600.0,0
PRV56290,0.0,0.0,0.0,0.0,23.0,11560.0,502.60869565217394,16.0,17.5625,21,76.5,0.0,16,60.0,0.0,23.0,0.0,502.60869565217394,0
PRV56291,0.0,0.0,0.0,0.0,36.0,13150.0,365.27777777777777,26.0,18.26923076923077,22,72.53846153846153,0.0,26,62.0,0.0,36.0,0.0,365.27777777777777,0
PRV56293,0.0,0.0,0.0,0.0,3.0,430.0,143.33333333333334,3.0,21.0,22,70.33333333333333,0.0,3,5.0,0.0,3.0,0.0,143.33333333333334,0
PRV56295,0.0,0.0,0.0,0.0,4.0,1200.0,300.0,4.0,16.75,18,71.75,0.25,4,8.0,0.0,4.0,0.0,300.0,0
PRV56297,0.0,0.0,0.0,0.0,28.0,7140.0,255.0,23.0,16.52173913043478,21,75.52173913043478,0.0,23,91.0,0.0,28.0,0.0,255.0,0
PRV56299,0.0,0.0,0.0,0.0,5.0,320.0,64.0,5.0,18.2,22,75.0,0.0,5,14.0,0.0,5.0,0.0,64.0,0
PRV56300,0.0,0.0,0.0,0.0,8.0,990.0,123.75,5.0,17.8,19,75.8,0.0,5,16.0,0.0,8.0,0.0,123.75,0
PRV56301,0.0,0.0,0.0,0.0,3.0,1030.0,343.3333333333333,3.0,20.333333333333332,22,68.0,0.0,3,5.0,0.0,3.0,0.0,343.3333333333333,0
PRV56302,0.0,0.0,0.0,0.0,4.0,1500.0,375.0,4.0,18.0,20,69.75,0.0,4,11.0,0.0,4.0,0.0,375.0,0
PRV56303,0.0,0.0,0.0,0.0,2.0,70.0,35.0,2.0,19.5,20,75.5,0.0,2,2.0,0.0,2.0,0.0,35.0,0
PRV56304,0.0,0.0,0.0,0.0,15.0,12660.0,844.0,13.0,17.23076923076923,20,74.07692307692308,0.0,13,28.0,0.0,15.0,0.0,844.0,0
PRV56305,0.0,0.0,0.0,0.0,29.0,4200.0,144.82758620689654,12.0,19.333333333333332,22,76.91666666666667,0.0,12,62.0,0.0,29.0,0.0,144.82758620689654,0
PRV56306,0.0,0.0,0.0,0.0,7.0,1400.0,200.0,5.0,17.2,20,62.4,0.0,5,26.0,0.0,7.0,0.0,200.0,0
PRV56307,0.0,0.0,0.0,0.0,12.0,1330.0,110.83333333333333,12.0,17.5,22,70.5,0.0,12,27.0,0.0,12.0,0.0,110.83333333333333,0
PRV56308,0.0,0.0,0.0,0.0,15.0,5030.0,335.3333333333333,9.0,18.22222222222222,21,75.0,0.0,9,24.0,0.0,15.0,0.0,335.3333333333333,0
PRV56309,0.0,0.0,0.0,0.0,3.0,1320.0,440.0,3.0,15.666666666666666,17,60.333333333333336,0.0,3,10.0,0.0,3.0,0.0,440.0,0
PRV56310,0.0,0.0,0.0,0.0,1.0,80.0,80.0,1.0,16.0,16,75.0,0.0,1,1.0,0.0,1.0,0.0,80.0,0
PRV56311,0.0,0.0,0.0,0.0,19.0,7670.0,403.6842105263158,10.0,18.4,22,70.7,0.0,10,50.0,0.0,19.0,0.0,403.6842105263158,0
PRV56313,0.0,0.0,0.0,0.0,3.0,100.0,33.333333333333336,3.0,17.0,21,69.0,0.0,3,9.0,0.0,3.0,0.0,33.333333333333336,0
PRV56314,0.0,0.0,0.0,0.0,8.0,3740.0,467.5,8.0,18.625,21,73.25,0.0,8,17.0,0.0,8.0,0.0,467.5,0
PRV56316,0.0,0.0,0.0,0.0,6.0,4450.0,741.6666666666666,5.0,16.4,19,78.4,0.0,5,20.0,0.0,6.0,0.0,741.6666666666666,0
PRV56317,0.0,0.0,0.0,0.0,2.0,10.0,5.0,2.0,15.0,15,82.0,0.0,2,7.0,0.0,2.0,0.0,5.0,0
PRV56318,0.0,0.0,0.0,0.0,1.0,200.0,200.0,1.0,17.0,17,83.0,0.0,1,6.0,0.0,1.0,0.0,200.0,0
PRV56319,0.0,0.0,0.0,0.0,13.0,6480.0,498.46153846153845,12.0,17.416666666666668,22,78.16666666666667,0.0,12,30.0,0.0,13.0,0.0,498.46153846153845,0
PRV56321,0.0,0.0,0.0,0.0,7.0,3910.0,558.5714285714286,6.0,19.333333333333332,21,72.83333333333333,0.0,6,17.0,0.0,7.0,0.0,558.5714285714286,0
PRV56322,0.0,0.0,0.0,0.0,37.0,6800.0,183.78378378378378,27.0,17.925925925925927,22,68.44444444444444,0.037037037037037035,27,69.0,0.0,37.0,0.0,183.78378378378378,0
PRV56324,0.0,0.0,0.0,0.0,1.0,100.0,100.0,1.0,17.0,17,66.0,0.0,1,4.0,0.0,1.0,0.0,100.0,0
PRV56328,0.0,0.0,0.0,0.0,15.0,2100.0,140.0,13.0,18.076923076923077,21,80.23076923076923,0.0,13,43.0,0.0,15.0,0.0,140.0,0
PRV56329,14.0,177000.0,12642.857142857143,13.0,0.0,0.0,0.0,0.0,17.307692307692307,22,69.07692307692308,0.0,13,99.0,14.0,14.0,1.0,12642.857142857143,0
PRV56330,0.0,0.0,0.0,0.0,16.0,3130.0,195.625,15.0,18.333333333333332,22,70.66666666666667,0.0,15,36.0,0.0,16.0,0.0,195.625,0
PRV56331,0.0,0.0,0.0,0.0,1.0,10.0,10.0,1.0,18.0,18,65.0,0.0,1,2.0,0.0,1.0,0.0,10.0,0
PRV56333,0.0,0.0,0.0,0.0,42.0,11600.0,276.1904761904762,33.0,17.606060606060606,22,74.0,0.0,33,96.0,0.0,42.0,0.0,276.1904761904762,0
PRV56334,0.0,0.0,0.0,0.0,8.0,670.0,83.75,8.0,18.5,20,68.75,0.0,8,11.0,0.0,8.0,0.0,83.75,0
PRV56335,18.0,156000.0,8666.666666666666,18.0,0.0,0.0,0.0,0.0,17.11111111111111,20,77.88888888888889,0.1111111111111111,18,95.0,13.0,18.0,1.0,8666.666666666666,0
PRV56336,21.0,237000.0,11285.714285714286,21.0,0.0,0.0,0.0,0.0,17.047619047619047,21,71.42857142857143,0.0,21,126.0,12.0,21.0,1.0,11285.714285714286,0
PRV56337,0.0,0.0,0.0,0.0,2.0,180.0,90.0,2.0,17.0,18,89.5,0.0,2,4.0,0.0,2.0,0.0,90.0,0
PRV56338,10.0,97400.0,9740.0,10.0,0.0,0.0,0.0,0.0,15.8,19,67.9,0.1,10,70.0,6.0,10.0,1.0,9740.0,0
PRV56339,1.0,9000.0,9000.0,1.0,0.0,0.0,0.0,0.0,15.0,15,45.0,0.0,1,3.0,1.0,1.0,1.0,9000.0,0
PRV56340,3.0,57000.0,19000.0,3.0,0.0,0.0,0.0,0.0,16.0,19,66.0,0.0,3,23.0,5.0,3.0,1.0,19000.0,0
PRV56341,1.0,18000.0,18000.0,1.0,0.0,0.0,0.0,0.0,17.0,17,76.0,0.0,1,9.0,1.0,1.0,1.0,18000.0,0
PRV56342,5.0,52000.0,10400.0,5.0,0.0,0.0,0.0,0.0,19.0,22,69.0,0.0,5,36.0,5.0,5.0,1.0,10400.0,0
PRV56344,0.0,0.0,0.0,0.0,11.0,3520.0,320.0,10.0,19.1,21,72.6,0.0,10,24.0,0.0,11.0,0.0,320.0,0
PRV56345,0.0,0.0,0.0,0.0,572.0,134510.0,235.15734265734267,243.0,18.28395061728395,22,74.27160493827161,0.00411522633744856,243,777.0,1.0,572.0,0.0,235.15734265734267,0
PRV56346,0.0,0.0,0.0,0.0,42.0,16050.0,382.14285714285717,25.0,18.16,21,74.04,0.0,25,97.0,0.0,42.0,0.0,382.14285714285717,0
PRV56347,9.0,95000.0,10555.555555555555,8.0,42.0,11110.0,264.5238095238095,36.0,17.46511627906977,22,74.51162790697674,0.0,43,159.0,6.0,51.0,0.17647058823529413,2080.5882352941176,0
PRV56348,0.0,0.0,0.0,0.0,58.0,11200.0,193.10344827586206,36.0,17.38888888888889,21,75.69444444444444,0.0,36,131.0,0.0,58.0,0.0,193.10344827586206,0
PRV56349,31.0,277000.0,8935.483870967742,23.0,30.0,11280.0,376.0,28.0,17.529411764705884,22,69.33333333333333,0.0,51,221.0,19.0,61.0,0.5081967213114754,4725.901639344263,0
PRV56350,66.0,780000.0,11818.181818181818,57.0,92.0,32530.0,353.5869565217391,69.0,17.630252100840337,22,74.18487394957984,0.0,119,415.0,32.0,158.0,0.4177215189873418,5142.594936708861,1
PRV56351,0.0,0.0,0.0,0.0,29.0,10920.0,376.55172413793105,17.0,16.529411764705884,20,71.41176470588235,0.0,17,66.0,0.0,29.0,0.0,376.55172413793105,0
PRV56352,4.0,35000.0,8750.0,4.0,20.0,2730.0,136.5,18.0,18.181818181818183,21,76.45454545454545,0.0,22,88.0,2.0,24.0,0.16666666666666666,1572.0833333333333,0
PRV56353,0.0,0.0,0.0,0.0,96.0,29340.0,305.625,46.0,17.91304347826087,22,71.45652173913044,0.0,46,193.0,0.0,96.0,0.0,305.625,0
PRV56354,3.0,67000.0,22333.333333333332,3.0,8.0,3470.0,433.75,6.0,18.11111111111111,22,72.33333333333333,0.1111111111111111,9,41.0,2.0,11.0,0.2727272727272727,6406.363636363636,0
PRV56355,4.0,43000.0,10750.0,4.0,111.0,33130.0,298.4684684684685,34.0,18.257142857142856,22,73.91428571428571,0.0,35,262.0,4.0,115.0,0.034782608695652174,662.0,0
PRV56357,0.0,0.0,0.0,0.0,16.0,1690.0,105.625,13.0,17.76923076923077,21,72.38461538461539,0.0,13,30.0,0.0,16.0,0.0,105.625,0
PRV56358,0.0,0.0,0.0,0.0,4.0,240.0,60.0,4.0,18.5,21,76.5,0.0,4,7.0,0.0,4.0,0.0,60.0,0
PRV56360,0.0,0.0,0.0,0.0,78.0,25060.0,321.28205128205127,34.0,17.735294117647058,22,72.70588235294117,0.0,34,185.0,0.0,78.0,0.0,321.28205128205127,0
PRV56361,7.0,53000.0,7571.428571428572,6.0,107.0,52550.0,491.1214953271028,49.0,18.333333333333332,22,74.3921568627451,0.0196078431372549,51,242.0,4.0,114.0,0.06140350877192982,925.8771929824561,1
PRV56362,0.0,0.0,0.0,0.0,60.0,13210.0,220.16666666666666,51.0,17.980392156862745,22,74.98039215686275,0.0,51,135.0,0.0,60.0,0.0,220.16666666666666,0
PRV56363,0.0,0.0,0.0,0.0,19.0,10420.0,548.421052631579,8.0,17.5,21,71.875,0.0,8,39.0,0.0,19.0,0.0,548.421052631579,0
PRV56364,0.0,0.0,0.0,0.0,79.0,31280.0,395.9493670886076,28.0,18.428571428571427,22,77.32142857142857,0.0,28,147.0,0.0,79.0,0.0,395.9493670886076,0
PRV56366,0.0,0.0,0.0,0.0,9.0,1880.0,208.88888888888889,8.0,17.875,21,71.625,0.0,8,20.0,0.0,9.0,0.0,208.88888888888889,0
PRV56367,0.0,0.0,0.0,0.0,45.0,10550.0,234.44444444444446,14.0,18.5,22,74.07142857142857,0.0,14,107.0,0.0,45.0,0.0,234.44444444444446,0
PRV56368,1.0,4000.0,4000.0,1.0,33.0,5050.0,153.03030303030303,12.0,18.666666666666668,21,70.66666666666667,0.0,12,78.0,0.0,34.0,0.029411764705882353,266.1764705882353,0
PRV56369,0.0,0.0,0.0,0.0,1.0,80.0,80.0,1.0,18.0,18,57.0,0.0,1,5.0,0.0,1.0,0.0,80.0,0
PRV56370,0.0,0.0,0.0,0.0,9.0,1620.0,180.0,3.0,20.333333333333332,22,60.333333333333336,0.0,3,23.0,0.0,9.0,0.0,180.0,0
PRV56373,0.0,0.0,0.0,0.0,1.0,10.0,10.0,1.0,16.0,16,85.0,0.0,1,4.0,0.0,1.0,0.0,10.0,0
PRV56374,0.0,0.0,0.0,0.0,25.0,7570.0,302.8,11.0,18.363636363636363,21,73.36363636363636,0.0,11,52.0,0.0,25.0,0.0,302.8,0
PRV56375,0.0,0.0,0.0,0.0,54.0,15220.0,281.85185185185185,29.0,18.551724137931036,22,71.93103448275862,0.0,29,121.0,1.0,54.0,0.0,281.85185185185185,0
PRV56376,0.0,0.0,0.0,0.0,20.0,10780.0,539.0,10.0,20.1,22,71.2,0.0,10,53.0,0.0,20.0,0.0,539.0,0
PRV56377,0.0,0.0,0.0,0.0,1.0,60.0,60.0,1.0,16.0,16,66.0,0.0,1,4.0,0.0,1.0,0.0,60.0,0
PRV56378,0.0,0.0,0.0,0.0,31.0,4480.0,144.51612903225808,19.0,17.94736842105263,21,75.42105263157895,0.0,19,75.0,0.0,31.0,0.0,144.51612903225808,0
PRV56379,0.0,0.0,0.0,0.0,53.0,16520.0,311.6981132075472,26.0,18.346153846153847,22,71.61538461538461,0.0,26,133.0,0.0,53.0,0.0,311.6981132075472,0
PRV56380,0.0,0.0,0.0,0.0,21.0,6040.0,287.6190476190476,10.0,18.1,21,67.3,0.0,10,45.0,0.0,21.0,0.0,287.6190476190476,0
PRV56381,0.0,0.0,0.0,0.0,8.0,4720.0,590.0,1.0,19.0,19,83.0,0.0,1,11.0,0.0,8.0,0.0,590.0,0
PRV56384,2.0,18000.0,9000.0,2.0,47.0,11790.0,250.85106382978722,23.0,18.17391304347826,22,75.73913043478261,0.0,23,106.0,0.0,49.0,0.04081632653061224,607.9591836734694,0
PRV56385,0.0,0.0,0.0,0.0,22.0,2770.0,125.9090909090909,11.0,18.545454545454547,21,74.54545454545455,0.0,11,49.0,0.0,22.0,0.0,125.9090909090909,0
PRV56387,0.0,0.0,0.0,0.0,1.0,90.0,90.0,1.0,16.0,16,78.0,0.0,1,7.0,0.0,1.0,0.0,90.0,0
PRV56388,0.0,0.0,0.0,0.0,7.0,5300.0,757.1428571428571,6.0,16.5,20,70.5,0.16666666666666666,6,16.0,0.0,7.0,0.0,757.1428571428571,0
PRV56389,0.0,0.0,0.0,0.0,15.0,6520.0,434.6666666666667,13.0,19.846153846153847,22,76.53846153846153,0.0,13,33.0,0.0,15.0,0.0,434.6666666666667,0
PRV56390,2.0,40000.0,20000.0,2.0,3.0,220.0,73.33333333333333,3.0,16.0,19,62.8,0.0,5,32.0,1.0,5.0,0.4,8044.0,0
PRV56391,0.0,0.0,0.0,0.0,2.0,150.0,75.0,2.0,20.0,21,70.5,0.0,2,6.0,0.0,2.0,0.0,75.0,0
PRV56392,6.0,38000.0,6333.333333333333,2.0,14.0,3860.0,275.7142857142857,9.0,17.1,20,72.2,0.0,10,79.0,4.0,20.0,0.3,2093.0,1
PRV56393,0.0,0.0,0.0,0.0,10.0,2580.0,258.0,8.0,17.625,20,77.125,0.0,8,34.0,0.0,10.0,0.0,258.0,0
PRV56394,0.0,0.0,0.0,0.0,32.0,15920.0,497.5,14.0,17.357142857142858,20,72.0,0.0,14,66.0,0.0,32.0,0.0,497.5,0
PRV56395,7.0,107000.0,15285.714285714286,7.0,0.0,0.0,0.0,0.0,17.0,20,69.57142857142857,0.0,7,56.0,4.0,7.0,1.0,15285.714285714286,0
PRV56396,32.0,269000.0,8406.25,24.0,51.0,20380.0,399.6078431372549,48.0,17.014084507042252,22,74.19718309859155,0.0,71,258.0,22.0,83.0,0.3855421686746988,3486.5060240963853,1
PRV56397,0.0,0.0,0.0,0.0,47.0,9600.0,204.25531914893617,43.0,17.186046511627907,22,70.76744186046511,0.0,43,100.0,0.0,47.0,0.0,204.25531914893617,0
PRV56398,1.0,4000.0,4000.0,1.0,18.0,2030.0,112.77777777777777,18.0,18.36842105263158,22,74.52631578947368,0.0,19,45.0,0.0,19.0,0.05263157894736842,317.36842105263156,0
PRV56400,3.0,49000.0,16333.333333333334,3.0,6.0,800.0,133.33333333333334,6.0,17.88888888888889,21,74.77777777777777,0.0,9,30.0,2.0,9.0,0.3333333333333333,5533.333333333333,1
PRV56401,0.0,0.0,0.0,0.0,143.0,27390.0,191.53846153846155,39.0,17.923076923076923,22,72.6923076923077,0.02564102564102564,39,253.0,0.0,143.0,0.0,191.53846153846155,0
PRV56403,10.0,67000.0,6700.0,8.0,24.0,11660.0,485.8333333333333,23.0,18.129032258064516,22,72.38709677419355,0.0,31,100.0,5.0,34.0,0.29411764705882354,2313.529411764706,1
PRV56404,0.0,0.0,0.0,0.0,363.0,131660.0,362.69972451790636,143.0,18.076923076923077,22,71.18881118881119,0.0,143,540.0,0.0,363.0,0.0,362.69972451790636,0
PRV56405,0.0,0.0,0.0,0.0,60.0,24090.0,401.5,53.0,17.81132075471698,22,70.37735849056604,0.0,53,126.0,0.0,60.0,0.0,401.5,0
PRV56406,0.0,0.0,0.0,0.0,201.0,44770.0,222.7363184079602,72.0,18.055555555555557,22,72.52777777777777,0.013888888888888888,72,357.0,0.0,201.0,0.0,222.7363184079602,0
PRV56407,5.0,33000.0,6600.0,5.0,35.0,6500.0,185.71428571428572,35.0,17.871794871794872,22,70.58974358974359,0.02564102564102564,39,104.0,6.0,40.0,0.125,987.5,0
PRV56408,3.0,63000.0,21000.0,3.0,65.0,16570.0,254.92307692307693,23.0,19.32,22,71.32,0.0,25,162.0,4.0,68.0,0.04411764705882353,1170.1470588235295,0
PRV56410,0.0,0.0,0.0,0.0,350.0,92530.0,264.37142857142857,172.0,17.61627906976744,22,73.12790697674419,0.005813953488372093,172,506.0,0.0,350.0,0.0,264.37142857142857,0
PRV56411,4.0,98000.0,24500.0,4.0,71.0,12650.0,178.16901408450704,34.0,18.228571428571428,22,68.34285714285714,0.0,35,167.0,6.0,75.0,0.05333333333333334,1475.3333333333333,0
PRV56412,9.0,87000.0,9666.666666666666,8.0,103.0,24360.0,236.50485436893203,72.0,17.805194805194805,22,70.15584415584415,0.012987012987012988,77,246.0,5.0,112.0,0.08035714285714286,994.2857142857143,0
PRV56413,0.0,0.0,0.0,0.0,12.0,8650.0,720.8333333333334,12.0,16.416666666666668,18,71.33333333333333,0.0,12,26.0,0.0,12.0,0.0,720.8333333333334,0
PRV56414,0.0,0.0,0.0,0.0,27.0,5900.0,218.5185185185185,26.0,17.96153846153846,22,69.42307692307692,0.0,26,59.0,0.0,27.0,0.0,218.5185185185185,0
PRV56415,0.0,0.0,0.0,0.0,41.0,15990.0,390.0,41.0,18.048780487804876,22,73.7560975609756,0.024390243902439025,41,87.0,0.0,41.0,0.0,390.0,0
PRV56416,214.0,2337050.0,10920.794392523365,189.0,1378.0,407820.0,295.95065312046444,613.0,18.010071942446043,22,70.66906474820144,0.008633093525179856,695,1751.0,90.0,1592.0,0.13442211055276382,1724.1645728643216,1
PRV56417,0.0,0.0,0.0,0.0,119.0,20230.0,170.0,44.0,17.90909090909091,22,70.6590909090909,0.0,44,227.0,0.0,119.0,0.0,170.0,0
PRV56418,0.0,0.0,0.0,0.0,29.0,9790.0,337.58620689655174,27.0,17.37037037037037,21,69.4074074074074,0.0,27,68.0,0.0,29.0,0.0,337.58620689655174,0
PRV56421,46.0,487000.0,10586.95652173913,39.0,87.0,23750.0,272.98850574712645,65.0,17.39,22,71.2,0.03,100,346.0,32.0,133.0,0.3458646616541353,3840.2255639097743,1
PRV56423,2.0,14000.0,7000.0,2.0,10.0,1490.0,149.0,8.0,17.6,19,78.9,0.0,10,36.0,2.0,12.0,0.16666666666666666,1290.8333333333333,0
PRV56425,8.0,44000.0,5500.0,8.0,373.0,91450.0,245.17426273458446,135.0,18.02173913043478,22,67.8623188405797,0.014492753623188406,138,621.0,4.0,381.0,0.02099737532808399,355.51181102362204,1
PRV56426,0.0,0.0,0.0,0.0,436.0,127230.0,291.8119266055046,262.0,17.81297709923664,22,71.83969465648855,0.007633587786259542,262,652.0,0.0,436.0,0.0,291.8119266055046,0
PRV56427,0.0,0.0,0.0,0.0,23.0,10460.0,454.7826086956522,20.0,17.7,22,71.0,0.0,20,58.0,0.0,23.0,0.0,454.7826086956522,0
PRV56428,8.0,99000.0,12375.0,8.0,303.0,73930.0,243.993399339934,149.0,17.90066225165563,22,71.64238410596026,0.0,151,530.0,4.0,311.0,0.02572347266881029,556.0450160771704,1
PRV56430,0.0,0.0,0.0,0.0,38.0,11130.0,292.89473684210526,36.0,17.055555555555557,22,75.02777777777777,0.0,36,94.0,0.0,38.0,0.0,292.89473684210526,0
PRV56432,6.0,48000.0,8000.0,5.0,19.0,6080.0,320.0,15.0,16.833333333333332,20,72.88888888888889,0.0,18,74.0,4.0,25.0,0.24,2163.2,0
PRV56433,0.0,0.0,0.0,0.0,121.0,39510.0,326.5289256198347,114.0,17.763157894736842,22,72.34210526315789,0.008771929824561403,114,229.0,0.0,121.0,0.0,326.5289256198347,0
PRV56435,4.0,30000.0,7500.0,4.0,256.0,70030.0,273.5546875,112.0,17.817391304347826,22,71.87826086956522,0.008695652173913044,115,431.0,3.0,260.0,0.015384615384615385,384.7307692307692,1
PRV56437,39.0,286200.0,7338.461538461538,32.0,680.0,183100.0,269.2647058823529,317.0,17.790273556231003,22,71.93920972644376,0.00911854103343465,329,987.0,21.0,719.0,0.054242002781641166,652.712100139082,1
PRV56438,64.0,799000.0,12484.375,60.0,69.0,28300.0,410.1449275362319,67.0,17.26984126984127,22,73.03174603174604,0.0,126,395.0,39.0,133.0,0.48120300751879697,6220.300751879699,1
PRV56439,0.0,0.0,0.0,0.0,443.0,134960.0,304.65011286681715,237.0,17.873417721518987,22,73.0886075949367,0.016877637130801686,237,642.0,0.0,443.0,0.0,304.65011286681715,0
PRV56440,0.0,0.0,0.0,0.0,89.0,29150.0,327.5280898876405,72.0,17.27777777777778,22,73.90277777777777,0.0,72,175.0,0.0,89.0,0.0,327.5280898876405,0
PRV56441,0.0,0.0,0.0,0.0,35.0,3980.0,113.71428571428571,34.0,17.941176470588236,22,72.32352941176471,0.0,34,80.0,0.0,35.0,0.0,113.71428571428571,0
PRV56442,81.0,886000.0,10938.271604938273,74.0,1249.0,348150.0,278.7429943955164,558.0,17.841243862520457,22,70.33715220949263,0.009819967266775777,611,1551.0,47.0,1330.0,0.06090225563909774,927.9323308270676,1
PRV56444,0.0,0.0,0.0,0.0,1317.0,383140.0,290.91875474563403,790.0,17.867088607594937,22,71.59493670886076,0.008860759493670886,790,1399.0,0.0,1317.0,0.0,290.91875474563403,1
PRV56445,32.0,210000.0,6562.5,30.0,23.0,5750.0,250.0,21.0,18.22,22,72.64,0.02,50,202.0,15.0,55.0,0.5818181818181818,3922.7272727272725,0
PRV56447,0.0,0.0,0.0,0.0,170.0,50870.0,299.2352941176471,101.0,17.762376237623762,22,70.16831683168317,0.019801980198019802,101,326.0,0.0,170.0,0.0,299.2352941176471,1
PRV56448,0.0,0.0,0.0,0.0,584.0,198950.0,340.6678082191781,315.0,17.8984126984127,22,71.2063492063492,0.009523809523809525,315,807.0,1.0,584.0,0.0,340.6678082191781,0
PRV56449,13.0,173000.0,13307.692307692309,13.0,122.0,38880.0,318.6885245901639,96.0,17.422018348623855,22,71.70642201834862,0.009174311926605505,109,289.0,10.0,135.0,0.0962962962962963,1569.4814814814815,0
PRV56451,0.0,0.0,0.0,0.0,259.0,72950.0,281.66023166023166,86.0,18.453488372093023,22,70.86046511627907,0.0,86,413.0,0.0,259.0,0.0,281.66023166023166,0
PRV56452,4.0,27000.0,6750.0,4.0,106.0,36150.0,341.0377358490566,78.0,17.817073170731707,22,72.10975609756098,0.036585365853658534,82,245.0,0.0,110.0,0.03636363636363636,574.0909090909091,0
PRV56453,0.0,0.0,0.0,0.0,115.0,43550.0,378.69565217391306,57.0,18.894736842105264,22,70.36842105263158,0.0,57,222.0,2.0,115.0,0.0,378.69565217391306,0
PRV56454,0.0,0.0,0.0,0.0,159.0,43910.0,276.1635220125786,86.0,17.88372093023256,22,71.63953488372093,0.0,86,259.0,0.0,159.0,0.0,276.1635220125786,0
PRV56455,0.0,0.0,0.0,0.0,13.0,4860.0,373.84615384615387,12.0,18.166666666666668,22,67.16666666666667,0.08333333333333333,12,37.0,0.0,13.0,0.0,373.84615384615387,0
PRV56456,14.0,99000.0,7071.428571428572,10.0,32.0,15710.0,490.9375,28.0,17.27027027027027,22,71.94594594594595,0.0,37,157.0,8.0,46.0,0.30434782608695654,2493.695652173913,0
PRV56458,7.0,40000.0,5714.285714285715,6.0,47.0,13410.0,285.3191489361702,42.0,17.541666666666668,22,67.375,0.0,48,124.0,1.0,54.0,0.12962962962962962,989.074074074074,0
PRV56461,10.0,100000.0,10000.0,10.0,105.0,35180.0,335.04761904761904,94.0,17.660194174757283,22,70.70873786407768,0.0,103,242.0,8.0,115.0,0.08695652173913043,1175.4782608695652,0
PRV56463,0.0,0.0,0.0,0.0,18.0,1660.0,92.22222222222223,17.0,17.705882352941178,21,75.17647058823529,0.0,17,38.0,0.0,18.0,0.0,92.22222222222223,0
PRV56464,0.0,0.0,0.0,0.0,84.0,14920.0,177.61904761904762,78.0,17.705128205128204,22,70.84615384615384,0.02564102564102564,78,146.0,0.0,84.0,0.0,177.61904761904762,0
PRV56466,0.0,0.0,0.0,0.0,56.0,8190.0,146.25,45.0,16.866666666666667,21,72.73333333333333,0.0,45,110.0,0.0,56.0,0.0,146.25,0
PRV56467,0.0,0.0,0.0,0.0,349.0,95720.0,274.269340974212,188.0,17.898936170212767,22,72.58510638297872,0.0,188,536.0,0.0,349.0,0.0,274.269340974212,0
PRV56468,5.0,40000.0,8000.0,4.0,29.0,7270.0,250.68965517241378,28.0,17.03125,22,72.6875,0.03125,32,93.0,4.0,34.0,0.14705882352941177,1390.2941176470588,0
PRV56469,36.0,401000.0,11138.888888888889,31.0,95.0,29560.0,311.1578947368421,91.0,17.446280991735538,22,71.32231404958678,0.01652892561983471,121,322.0,22.0,131.0,0.2748091603053435,3286.7175572519086,0
PRV56470,5.0,28000.0,5600.0,4.0,32.0,7610.0,237.8125,23.0,18.0,21,72.92307692307692,0.0,26,111.0,1.0,37.0,0.13513513513513514,962.4324324324324,0
PRV56471,0.0,0.0,0.0,0.0,43.0,10490.0,243.95348837209303,21.0,17.666666666666668,22,72.80952380952381,0.047619047619047616,21,99.0,0.0,43.0,0.0,243.95348837209303,0
PRV56473,7.0,63000.0,9000.0,7.0,48.0,8310.0,173.125,44.0,17.18,21,74.2,0.02,50,158.0,5.0,55.0,0.12727272727272726,1296.5454545454545,0
PRV56474,1.0,7000.0,7000.0,1.0,30.0,6970.0,232.33333333333334,26.0,17.48148148148148,22,71.25925925925925,0.0,27,71.0,0.0,31.0,0.03225806451612903,450.64516129032256,0
PRV56475,0.0,0.0,0.0,0.0,34.0,11180.0,328.8235294117647,18.0,18.333333333333332,22,69.05555555555556,0.0,18,81.0,0.0,34.0,0.0,328.8235294117647,0
PRV56476,1.0,6000.0,6000.0,1.0,3.0,700.0,233.33333333333334,3.0,17.5,20,78.5,0.0,4,13.0,1.0,4.0,0.25,1675.0,0
PRV56477,0.0,0.0,0.0,0.0,9.0,4460.0,495.55555555555554,8.0,17.5,20,68.875,0.0,8,27.0,0.0,9.0,0.0,495.55555555555554,0
PRV56478,67.0,613500.0,9156.716417910447,54.0,85.0,25350.0,298.2352941176471,78.0,16.811023622047244,22,73.50393700787401,0.007874015748031496,127,420.0,37.0,152.0,0.4407894736842105,4202.960526315789,0
PRV56479,0.0,0.0,0.0,0.0,140.0,38990.0,278.5,118.0,17.16949152542373,22,71.94067796610169,0.00847457627118644,118,289.0,0.0,140.0,0.0,278.5,0
PRV56480,0.0,0.0,0.0,0.0,21.0,3120.0,148.57142857142858,19.0,18.31578947368421,22,66.52631578947368,0.05263157894736842,19,46.0,0.0,21.0,0.0,148.57142857142858,0
PRV56481,78.0,659000.0,8448.71794871795,48.0,50.0,9910.0,198.2,44.0,17.141176470588235,22,70.07058823529412,0.011764705882352941,85,389.0,40.0,128.0,0.609375,5225.859375,1
PRV56482,0.0,0.0,0.0,0.0,28.0,14780.0,527.8571428571429,21.0,17.238095238095237,20,75.9047619047619,0.047619047619047616,21,84.0,0.0,28.0,0.0,527.8571428571429,0
PRV56483,2.0,12000.0,6000.0,2.0,30.0,13850.0,461.6666666666667,27.0,17.448275862068964,22,70.79310344827586,0.0,29,77.0,1.0,32.0,0.0625,807.8125,0
PRV56484,0.0,0.0,0.0,0.0,9.0,6980.0,775.5555555555555,9.0,17.666666666666668,20,73.33333333333333,0.0,9,31.0,0.0,9.0,0.0,775.5555555555555,0
PRV56485,1.0,10000.0,10000.0,1.0,47.0,16790.0,357.2340425531915,22.0,17.954545454545453,22,74.4090909090909,0.09090909090909091,22,121.0,1.0,48.0,0.020833333333333332,558.125,0
PRV56486,0.0,0.0,0.0,0.0,77.0,26220.0,340.5194805194805,37.0,17.2972972972973,22,68.1891891891892,0.0,37,173.0,0.0,77.0,0.0,340.5194805194805,0
PRV56487,1.0,9000.0,9000.0,1.0,26.0,3230.0,124.23076923076923,26.0,18.037037037037038,22,69.74074074074075,0.0,27,82.0,1.0,27.0,0.037037037037037035,452.962962962963,0
PRV56489,0.0,0.0,0.0,0.0,21.0,9350.0,445.23809523809524,20.0,17.5,22,72.15,0.0,20,35.0,0.0,21.0,0.0,445.23809523809524,0
PRV56490,11.0,78000.0,7090.909090909091,11.0,3.0,170.0,56.666666666666664,3.0,17.142857142857142,21,73.42857142857143,0.07142857142857142,14,77.0,6.0,14.0,0.7857142857142857,5583.571428571428,0
PRV56494,0.0,0.0,0.0,0.0,560.0,185430.0,331.125,257.0,18.007782101167315,22,71.78988326848248,0.0038910505836575876,257,752.0,0.0,560.0,0.0,331.125,0
PRV56495,0.0,0.0,0.0,0.0,36.0,11750.0,326.3888888888889,23.0,18.043478260869566,22,72.47826086956522,0.043478260869565216,23,91.0,0.0,36.0,0.0,326.3888888888889,0
PRV56496,0.0,0.0,0.0,0.0,41.0,13620.0,332.1951219512195,28.0,17.964285714285715,22,69.89285714285714,0.0,28,88.0,0.0,41.0,0.0,332.1951219512195,0
PRV56497,0.0,0.0,0.0,0.0,30.0,12540.0,418.0,23.0,17.52173913043478,21,67.65217391304348,0.0,23,74.0,0.0,30.0,0.0,418.0,0
PRV56498,0.0,0.0,0.0,0.0,7.0,2510.0,358.57142857142856,6.0,18.333333333333332,22,77.16666666666667,0.0,6,26.0,0.0,7.0,0.0,358.57142857142856,0
PRV56500,3.0,19000.0,6333.333333333333,3.0,148.0,46010.0,310.8783783783784,71.0,18.216216216216218,22,71.6891891891892,0.013513513513513514,74,294.0,0.0,151.0,0.019867549668874173,430.5298013245033,0
PRV56501,6.0,94000.0,15666.666666666666,4.0,226.0,81190.0,359.24778761061947,126.0,17.857142857142858,22,70.82539682539682,0.007936507936507936,126,414.0,5.0,232.0,0.02586206896551724,755.1293103448276,1
PRV56502,0.0,0.0,0.0,0.0,7.0,1410.0,201.42857142857142,6.0,16.333333333333332,18,66.66666666666667,0.0,6,23.0,0.0,7.0,0.0,201.42857142857142,0
PRV56504,0.0,0.0,0.0,0.0,66.0,17090.0,258.93939393939394,38.0,17.789473684210527,22,72.02631578947368,0.0,38,149.0,0.0,66.0,0.0,258.93939393939394,0
PRV56507,7.0,163000.0,23285.714285714286,6.0,35.0,97300.0,2780.0,23.0,17.153846153846153,21,68.92307692307692,0.0,26,137.0,10.0,42.0,0.16666666666666666,6197.619047619048,0
PRV56508,0.0,0.0,0.0,0.0,177.0,48580.0,274.4632768361582,84.0,18.13095238095238,22,70.82142857142857,0.011904761904761904,84,321.0,0.0,177.0,0.0,274.4632768361582,0
PRV56509,0.0,0.0,0.0,0.0,117.0,42370.0,362.13675213675214,55.0,17.818181818181817,22,71.0909090909091,0.0,55,235.0,0.0,117.0,0.0,362.13675213675214,0
PRV56510,0.0,0.0,0.0,0.0,9.0,800.0,88.88888888888889,7.0,19.0,22,65.71428571428571,0.0,7,23.0,0.0,9.0,0.0,88.88888888888889,0
PRV56511,0.0,0.0,0.0,0.0,23.0,6060.0,263.4782608695652,19.0,16.63157894736842,21,76.10526315789474,0.05263157894736842,19,58.0,0.0,23.0,0.0,263.4782608695652,0
PRV56512,0.0,0.0,0.0,0.0,27.0,10050.0,372.22222222222223,17.0,18.058823529411764,22,74.52941176470588,0.0,17,49.0,0.0,27.0,0.0,372.22222222222223,0
PRV56514,0.0,0.0,0.0,0.0,6.0,1230.0,205.0,6.0,17.333333333333332,20,79.83333333333333,0.0,6,22.0,0.0,6.0,0.0,205.0,0
PRV56515,0.0,0.0,0.0,0.0,7.0,2640.0,377.14285714285717,6.0,16.833333333333332,20,65.0,0.0,6,14.0,0.0,7.0,0.0,377.14285714285717,0
PRV56517,0.0,0.0,0.0,0.0,123.0,38170.0,310.3252032520325,96.0,17.354166666666668,22,71.72916666666667,0.0,96,240.0,0.0,123.0,0.0,310.3252032520325,0
PRV56518,0.0,0.0,0.0,0.0,2.0,900.0,450.0,2.0,15.0,15,82.5,0.0,2,5.0,0.0,2.0,0.0,450.0,0
PRV56519,7.0,69000.0,9857.142857142857,7.0,0.0,0.0,0.0,0.0,16.714285714285715,21,75.42857142857143,0.0,7,50.0,4.0,7.0,1.0,9857.142857142857,0
PRV56521,0.0,0.0,0.0,0.0,32.0,11840.0,370.0,22.0,16.954545454545453,22,69.04545454545455,0.0,22,79.0,0.0,32.0,0.0,370.0,0
PRV56522,0.0,0.0,0.0,0.0,3.0,1700.0,566.6666666666666,3.0,19.333333333333332,21,79.33333333333333,0.0,3,6.0,0.0,3.0,0.0,566.6666666666666,0
PRV56523,0.0,0.0,0.0,0.0,21.0,6670.0,317.6190476190476,20.0,17.6,22,69.8,0.0,20,44.0,0.0,21.0,0.0,317.6190476190476,1
PRV56524,0.0,0.0,0.0,0.0,3.0,120.0,40.0,3.0,16.666666666666668,20,81.0,0.0,3,14.0,0.0,3.0,0.0,40.0,0
PRV56525,0.0,0.0,0.0,0.0,66.0,18830.0,285.3030303030303,45.0,18.31111111111111,22,69.5111111111111,0.0,45,123.0,0.0,66.0,0.0,285.3030303030303,0
PRV56526,0.0,0.0,0.0,0.0,32.0,9020.0,281.875,26.0,17.307692307692307,22,70.96153846153847,0.0,26,56.0,0.0,32.0,0.0,281.875,0
PRV56527,0.0,0.0,0.0,0.0,57.0,19990.0,350.70175438596493,30.0,17.466666666666665,22,70.86666666666666,0.0,30,109.0,0.0,57.0,0.0,350.70175438596493,0
PRV56528,0.0,0.0,0.0,0.0,21.0,2400.0,114.28571428571429,13.0,18.615384615384617,22,68.61538461538461,0.0,13,49.0,0.0,21.0,0.0,114.28571428571429,0
PRV56529,0.0,0.0,0.0,0.0,34.0,4970.0,146.1764705882353,30.0,18.133333333333333,22,69.96666666666667,0.0,30,70.0,0.0,34.0,0.0,146.1764705882353,0
PRV56530,0.0,0.0,0.0,0.0,3.0,380.0,126.66666666666667,3.0,17.666666666666668,22,65.0,0.0,3,5.0,0.0,3.0,0.0,126.66666666666667,0
PRV56531,0.0,0.0,0.0,0.0,5.0,300.0,60.0,5.0,16.8,21,66.4,0.0,5,11.0,0.0,5.0,0.0,60.0,0
PRV56533,15.0,93000.0,6200.0,15.0,0.0,0.0,0.0,0.0,16.4,21,70.06666666666666,0.0,15,95.0,7.0,15.0,1.0,6200.0,0
PRV56535,0.0,0.0,0.0,0.0,67.0,17920.0,267.46268656716416,50.0,18.04,22,71.52,0.0,50,138.0,0.0,67.0,0.0,267.46268656716416,0
PRV56536,0.0,0.0,0.0,0.0,65.0,17500.0,269.2307692307692,34.0,18.705882352941178,22,72.38235294117646,0.029411764705882353,34,144.0,0.0,65.0,0.0,269.2307692307692,0
PRV56537,0.0,0.0,0.0,0.0,104.0,22710.0,218.3653846153846,74.0,17.66216216216216,22,71.10810810810811,0.0,74,206.0,0.0,104.0,0.0,218.3653846153846,0
PRV56538,0.0,0.0,0.0,0.0,23.0,4480.0,194.7826086956522,11.0,17.90909090909091,19,69.9090909090909,0.0,11,46.0,0.0,23.0,0.0,194.7826086956522,0
PRV56539,0.0,0.0,0.0,0.0,1.0,900.0,900.0,1.0,17.0,17,70.0,0.0,1,5.0,0.0,1.0,0.0,900.0,0
PRV56540,1.0,0.0,0.0,1.0,0.0,0.0,0.0,0.0,20.0,20,66.0,0.0,1,10.0,0.0,1.0,1.0,0.0,0
PRV56541,54.0,584000.0,10814.814814814816,53.0,0.0,0.0,0.0,0.0,16.39622641509434,21,72.56603773584905,0.0,53,269.0,35.0,54.0,1.0,10814.814814814816,1
PRV56543,4.0,22000.0,5500.0,4.0,0.0,0.0,0.0,0.0,17.25,19,82.25,0.0,4,29.0,0.0,4.0,1.0,5500.0,0
PRV56544,18.0,99000.0,5500.0,18.0,2.0,630.0,315.0,2.0,16.7,20,72.5,0.0,20,112.0,8.0,20.0,0.9,4981.5,0
PRV56545,1.0,7000.0,7000.0,1.0,0.0,0.0,0.0,0.0,16.0,16,64.0,0.0,1,9.0,0.0,1.0,1.0,7000.0,0
PRV56546,9.0,80000.0,8888.888888888889,9.0,0.0,0.0,0.0,0.0,16.11111111111111,19,79.0,0.0,9,61.0,7.0,9.0,1.0,8888.888888888889,0
PRV56547,7.0,60000.0,8571.42857142857,7.0,0.0,0.0,0.0,0.0,16.428571428571427,20,74.85714285714286,0.0,7,44.0,4.0,7.0,1.0,8571.42857142857,0
PRV56548,8.0,124000.0,15500.0,7.0,0.0,0.0,0.0,0.0,15.714285714285714,18,68.85714285714286,0.0,7,56.0,6.0,8.0,1.0,15500.0,0
PRV56549,2.0,14000.0,7000.0,2.0,0.0,0.0,0.0,0.0,15.0,16,79.0,0.0,2,17.0,1.0,2.0,1.0,7000.0,0
PRV56550,55.0,540000.0,9818.181818181818,43.0,25.0,14890.0,595.6,23.0,16.723076923076924,22,70.43076923076923,0.015384615384615385,65,301.0,35.0,80.0,0.6875,6936.125,1
PRV56551,0.0,0.0,0.0,0.0,36.0,14070.0,390.8333333333333,30.0,17.633333333333333,22,67.03333333333333,0.0,30,84.0,1.0,36.0,0.0,390.8333333333333,0
PRV56552,0.0,0.0,0.0,0.0,24.0,7390.0,307.9166666666667,16.0,18.625,22,64.5,0.0,16,62.0,0.0,24.0,0.0,307.9166666666667,0
PRV56553,0.0,0.0,0.0,0.0,65.0,14620.0,224.92307692307693,38.0,17.236842105263158,20,72.21052631578948,0.02631578947368421,38,148.0,0.0,65.0,0.0,224.92307692307693,0
PRV56554,0.0,0.0,0.0,0.0,48.0,13810.0,287.7083333333333,46.0,17.804347826086957,22,74.02173913043478,0.0,46,104.0,0.0,48.0,0.0,287.7083333333333,0
PRV56555,59.0,491000.0,8322.033898305084,57.0,10.0,3800.0,380.0,10.0,16.70149253731343,22,73.58208955223881,0.0,67,265.0,29.0,69.0,0.855072463768116,7171.014492753623,0
PRV56556,74.0,619000.0,8364.864864864865,65.0,806.0,233530.0,289.7394540942928,352.0,17.692708333333332,22,72.88541666666667,0.0078125,384,1147.0,40.0,880.0,0.08409090909090909,968.7840909090909,0
PRV56557,0.0,0.0,0.0,0.0,65.0,22690.0,349.0769230769231,57.0,17.56140350877193,22,69.63157894736842,0.0,57,125.0,0.0,65.0,0.0,349.0769230769231,0
PRV56559,0.0,0.0,0.0,0.0,1113.0,345330.0,310.26954177897574,807.0,17.695167286245354,22,72.38785625774473,0.008674101610904586,807,1284.0,0.0,1113.0,0.0,310.26954177897574,0
PRV56560,248.0,2605900.0,10507.661290322581,214.0,2065.0,606100.0,293.51089588377727,831.0,17.903155603917302,22,73.1588683351469,0.014145810663764961,919,2163.0,115.0,2313.0,0.10722006052745352,1388.672719412019,1
PRV56562,2.0,38000.0,19000.0,2.0,35.0,10650.0,304.2857142857143,21.0,17.782608695652176,22,75.6086956521739,0.0,23,102.0,2.0,37.0,0.05405405405405406,1314.8648648648648,0
PRV56563,8.0,91000.0,11375.0,7.0,22.0,5890.0,267.72727272727275,21.0,17.40740740740741,22,77.22222222222223,0.037037037037037035,27,97.0,10.0,30.0,0.26666666666666666,3229.6666666666665,0
PRV56566,1.0,12000.0,12000.0,1.0,175.0,56110.0,320.62857142857143,62.0,17.634920634920636,22,71.0,0.015873015873015872,63,307.0,1.0,176.0,0.005681818181818182,386.9886363636364,1
PRV56568,0.0,0.0,0.0,0.0,131.0,62180.0,474.6564885496183,55.0,17.509090909090908,22,72.63636363636364,0.0,55,256.0,0.0,131.0,0.0,474.6564885496183,0
PRV56570,13.0,148000.0,11384.615384615385,12.0,17.0,2940.0,172.94117647058823,15.0,16.22222222222222,21,77.37037037037037,0.0,27,108.0,6.0,30.0,0.43333333333333335,5031.333333333333,0
PRV56571,3.0,27000.0,9000.0,3.0,8.0,4520.0,565.0,6.0,16.125,20,80.25,0.0,8,49.0,1.0,11.0,0.2727272727272727,2865.4545454545455,0
PRV56572,0.0,0.0,0.0,0.0,20.0,3890.0,194.5,19.0,18.263157894736842,21,70.57894736842105,0.0,19,41.0,0.0,20.0,0.0,194.5,0
PRV56574,12.0,104000.0,8666.666666666666,10.0,50.0,17180.0,343.6,41.0,18.3,22,71.38,0.0,50,169.0,9.0,62.0,0.1935483870967742,1954.516129032258,0
PRV56575,113.0,958000.0,8477.87610619469,102.0,717.0,196530.0,274.10041841004187,459.0,17.776470588235295,22,73.80980392156863,0.00196078431372549,510,1130.0,59.0,830.0,0.13614457831325302,1391.0,1
PRV56576,1.0,4000.0,4000.0,1.0,233.0,63150.0,271.0300429184549,106.0,17.49532710280374,22,73.09345794392523,0.0,107,402.0,0.0,234.0,0.004273504273504274,286.96581196581195,0
PRV56577,8.0,51000.0,6375.0,8.0,285.0,61430.0,215.5438596491228,240.0,17.558704453441294,22,72.54655870445345,0.0,247,492.0,2.0,293.0,0.027303754266211604,383.7201365187713,0
PRV56578,7.0,115000.0,16428.571428571428,7.0,74.0,23730.0,320.6756756756757,66.0,17.383561643835616,22,73.4931506849315,0.0273972602739726,73,203.0,8.0,81.0,0.08641975308641975,1712.716049382716,0
PRV56579,0.0,0.0,0.0,0.0,39.0,6850.0,175.64102564102564,17.0,18.058823529411764,22,71.70588235294117,0.058823529411764705,17,94.0,0.0,39.0,0.0,175.64102564102564,0
PRV56580,0.0,0.0,0.0,0.0,185.0,62890.0,339.94594594594594,163.0,17.503067484662576,22,73.52760736196319,0.012269938650306749,163,317.0,0.0,185.0,0.0,339.94594594594594,0
PRV56581,0.0,0.0,0.0,0.0,7.0,2110.0,301.42857142857144,7.0,16.0,21,74.85714285714286,0.0,7,18.0,0.0,7.0,0.0,301.42857142857144,0
PRV56582,0.0,0.0,0.0,0.0,1.0,30.0,30.0,1.0,21.0,21,73.0,0.0,1,1.0,0.0,1.0,0.0,30.0,0
PRV56583,13.0,105000.0,8076.923076923077,13.0,11.0,4070.0,370.0,11.0,17.041666666666668,22,72.16666666666667,0.0,24,95.0,9.0,24.0,0.5416666666666666,4544.583333333333,0
PRV56584,4.0,21000.0,5250.0,4.0,51.0,15660.0,307.05882352941177,34.0,18.0,22,72.86486486486487,0.02702702702702703,37,136.0,3.0,55.0,0.07272727272727272,666.5454545454545,0
PRV56585,4.0,25000.0,6250.0,4.0,3.0,90.0,30.0,3.0,16.571428571428573,20,74.28571428571429,0.0,7,36.0,3.0,7.0,0.5714285714285714,3584.285714285714,0
PRV56586,0.0,0.0,0.0,0.0,4.0,370.0,92.5,4.0,17.5,20,71.75,0.0,4,8.0,0.0,4.0,0.0,92.5,0
PRV56587,18.0,241000.0,13388.888888888889,18.0,455.0,136970.0,301.032967032967,325.0,17.83431952662722,22,73.75443786982248,0.01775147928994083,338,716.0,11.0,473.0,0.03805496828752643,799.0909090909091,1
PRV56588,100.0,962000.0,9620.0,96.0,169.0,68600.0,405.91715976331363,155.0,17.378486055776893,22,73.2191235059761,0.00398406374501992,251,604.0,49.0,269.0,0.37174721189591076,3831.2267657992566,1
PRV56589,4.0,31000.0,7750.0,4.0,20.0,11650.0,582.5,20.0,17.208333333333332,22,70.33333333333333,0.0,24,75.0,6.0,24.0,0.16666666666666666,1777.0833333333333,0
PRV56590,0.0,0.0,0.0,0.0,33.0,10410.0,315.45454545454544,31.0,17.580645161290324,21,76.35483870967742,0.0,31,82.0,0.0,33.0,0.0,315.45454545454544,0
PRV56591,16.0,98000.0,6125.0,13.0,127.0,37460.0,294.96062992125985,74.0,17.17241379310345,22,73.63218390804597,0.011494252873563218,87,317.0,14.0,143.0,0.11188811188811189,947.2727272727273,1
PRV56592,63.0,726400.0,11530.15873015873,51.0,55.0,5840.0,106.18181818181819,49.0,17.262626262626263,22,73.1010101010101,0.0,99,384.0,48.0,118.0,0.5338983050847458,6205.423728813559,1
PRV56593,0.0,0.0,0.0,0.0,46.0,13490.0,293.2608695652174,46.0,17.108695652173914,22,71.08695652173913,0.0,46,103.0,0.0,46.0,0.0,293.2608695652174,0
PRV56594,0.0,0.0,0.0,0.0,70.0,29730.0,424.7142857142857,64.0,17.609375,22,75.0625,0.0,64,136.0,0.0,70.0,0.0,424.7142857142857,0
PRV56595,0.0,0.0,0.0,0.0,56.0,15760.0,281.42857142857144,46.0,17.32608695652174,22,73.15217391304348,0.0,46,103.0,0.0,56.0,0.0,281.42857142857144,0
PRV56596,0.0,0.0,0.0,0.0,18.0,4140.0,230.0,18.0,17.27777777777778,21,69.0,0.0,18,38.0,0.0,18.0,0.0,230.0,0
PRV56597,0.0,0.0,0.0,0.0,191.0,52120.0,272.87958115183244,110.0,17.654545454545456,22,73.1,0.02727272727272727,110,335.0,0.0,191.0,0.0,272.87958115183244,0
PRV56598,0.0,0.0,0.0,0.0,280.0,87080.0,311.0,194.0,17.52577319587629,22,74.69072164948453,0.005154639175257732,194,432.0,0.0,280.0,0.0,311.0,0
PRV56601,1.0,3000.0,3000.0,1.0,32.0,8510.0,265.9375,30.0,17.806451612903224,22,68.61290322580645,0.0,31,88.0,0.0,33.0,0.030303030303030304,348.7878787878788,0
PRV56602,0.0,0.0,0.0,0.0,145.0,55810.0,384.8965517241379,49.0,17.79591836734694,22,72.79591836734694,0.0,49,259.0,1.0,145.0,0.0,384.8965517241379,0
PRV56603,1.0,6000.0,6000.0,1.0,3.0,120.0,40.0,3.0,16.5,17,59.5,0.0,4,17.0,2.0,4.0,0.25,1530.0,0
PRV56604,0.0,0.0,0.0,0.0,29.0,9780.0,337.2413793103448,27.0,17.85185185185185,21,75.22222222222223,0.0,27,62.0,0.0,29.0,0.0,337.2413793103448,0
PRV56605,4.0,26000.0,6500.0,3.0,104.0,25240.0,242.69230769230768,32.0,18.333333333333332,22,72.57575757575758,0.0,33,208.0,2.0,108.0,0.037037037037037035,474.44444444444446,1
PRV56606,9.0,81000.0,9000.0,9.0,55.0,13550.0,246.36363636363637,18.0,17.076923076923077,21,68.15384615384616,0.0,26,161.0,3.0,64.0,0.140625,1477.34375,0
PRV56607,4.0,26000.0,6500.0,4.0,68.0,22820.0,335.5882352941176,43.0,17.434782608695652,22,72.93478260869566,0.021739130434782608,46,149.0,1.0,72.0,0.05555555555555555,678.0555555555555,0
PRV56608,0.0,0.0,0.0,0.0,856.0,235250.0,274.8247663551402,421.0,17.874109263657957,22,73.81947743467933,0.009501187648456057,421,1073.0,0.0,856.0,0.0,274.8247663551402,1
PRV56610,12.0,74000.0,6166.666666666667,11.0,18.0,2590.0,143.88888888888889,17.0,17.642857142857142,22,67.96428571428571,0.0,28,100.0,6.0,30.0,0.4,2553.0,0
PRV56611,0.0,0.0,0.0,0.0,123.0,26970.0,219.26829268292684,59.0,18.423728813559322,22,73.11864406779661,0.0,59,256.0,0.0,123.0,0.0,219.26829268292684,0
PRV56613,0.0,0.0,0.0,0.0,304.0,81390.0,267.73026315789474,128.0,17.9921875,22,74.7734375,0.015625,128,495.0,1.0,304.0,0.0,267.73026315789474,0
PRV56614,15.0,125000.0,8333.333333333334,14.0,11.0,1100.0,100.0,11.0,16.56,22,71.2,0.0,25,110.0,11.0,26.0,0.5769230769230769,4850.0,0
PRV56615,3.0,36000.0,12000.0,2.0,126.0,28650.0,227.38095238095238,97.0,17.602040816326532,22,74.46938775510205,0.0,98,262.0,1.0,129.0,0.023255813953488372,501.16279069767444,0
PRV56616,0.0,0.0,0.0,0.0,176.0,38150.0,216.76136363636363,138.0,17.5,22,74.34057971014492,0.028985507246376812,138,317.0,0.0,176.0,0.0,216.76136363636363,1
PRV56618,0.0,0.0,0.0,0.0,135.0,32210.0,238.59259259259258,98.0,17.459183673469386,22,73.71428571428571,0.0,98,239.0,0.0,135.0,0.0,238.59259259259258,0
PRV56621,0.0,0.0,0.0,0.0,91.0,31940.0,350.989010989011,81.0,17.209876543209877,22,73.5679012345679,0.012345679012345678,81,172.0,0.0,91.0,0.0,350.989010989011,0
PRV56622,0.0,0.0,0.0,0.0,26.0,8930.0,343.46153846153845,21.0,17.476190476190474,21,72.28571428571429,0.0,21,63.0,0.0,26.0,0.0,343.46153846153845,0
PRV56624,7.0,183000.0,26142.85714285714,7.0,15.0,4460.0,297.3333333333333,14.0,17.095238095238095,22,71.85714285714286,0.0,21,94.0,11.0,22.0,0.3181818181818182,8520.90909090909,1
PRV56625,0.0,0.0,0.0,0.0,36.0,10020.0,278.3333333333333,32.0,18.09375,22,73.8125,0.0,32,79.0,0.0,36.0,0.0,278.3333333333333,0
PRV56626,4.0,44200.0,11050.0,4.0,90.0,21470.0,238.55555555555554,63.0,17.582089552238806,22,74.98507462686567,0.014925373134328358,67,195.0,2.0,94.0,0.0425531914893617,698.6170212765958,0
PRV56628,9.0,83800.0,9311.111111111111,9.0,92.0,26620.0,289.3478260869565,76.0,17.44705882352941,21,75.01176470588236,0.011764705882352941,85,234.0,5.0,101.0,0.0891089108910891,1093.2673267326732,0
PRV56630,63.0,567000.0,9000.0,51.0,96.0,30230.0,314.8958333333333,74.0,17.439655172413794,22,72.42241379310344,0.008620689655172414,116,388.0,34.0,159.0,0.39622641509433965,3756.1635220125786,1
PRV56632,7.0,39000.0,5571.428571428572,4.0,66.0,25920.0,392.72727272727275,22.0,17.227272727272727,21,71.13636363636364,0.0,22,187.0,6.0,73.0,0.0958904109589041,889.3150684931506,0
PRV56633,0.0,0.0,0.0,0.0,5.0,600.0,120.0,3.0,18.333333333333332,21,62.0,0.0,3,18.0,0.0,5.0,0.0,120.0,0
PRV56634,0.0,0.0,0.0,0.0,206.0,55830.0,271.0194174757282,123.0,17.585365853658537,22,73.58536585365853,0.016260162601626018,123,356.0,0.0,206.0,0.0,271.0194174757282,0
PRV56635,0.0,0.0,0.0,0.0,10.0,2270.0,227.0,10.0,16.5,20,74.0,0.1,10,27.0,0.0,10.0,0.0,227.0,0
PRV56637,0.0,0.0,0.0,0.0,161.0,40250.0,250.0,137.0,17.445255474452555,22,72.31386861313868,0.0072992700729927005,137,285.0,0.0,161.0,0.0,250.0,0
PRV56638,0.0,0.0,0.0,0.0,26.0,7230.0,278.0769230769231,24.0,17.0,22,76.875,0.0,24,59.0,0.0,26.0,0.0,278.0769230769231,0
PRV56639,0.0,0.0,0.0,0.0,96.0,46400.0,483.3333333333333,39.0,17.871794871794872,22,70.46153846153847,0.0,39,186.0,0.0,96.0,0.0,483.3333333333333,0
PRV56640,0.0,0.0,0.0,0.0,23.0,7320.0,318.2608695652174,23.0,17.347826086956523,22,72.1304347826087,0.043478260869565216,23,45.0,0.0,23.0,0.0,318.2608695652174,0
PRV56641,0.0,0.0,0.0,0.0,1.0,100.0,100.0,1.0,17.0,17,47.0,0.0,1,2.0,0.0,1.0,0.0,100.0,0
PRV56642,0.0,0.0,0.0,0.0,141.0,45430.0,322.1985815602837,103.0,17.70873786407767,22,74.90291262135922,0.009708737864077669,103,254.0,0.0,141.0,0.0,322.1985815602837,0
PRV56643,8.0,67000.0,8375.0,7.0,16.0,5690.0,355.625,16.0,17.636363636363637,22,78.22727272727273,0.0,22,99.0,9.0,24.0,0.3333333333333333,3028.75,0
PRV56645,0.0,0.0,0.0,0.0,64.0,22720.0,355.0,52.0,17.51923076923077,22,74.07692307692308,0.0,52,135.0,0.0,64.0,0.0,355.0,0
PRV56647,121.0,1274600.0,10533.88429752066,102.0,62.0,14310.0,230.80645161290323,58.0,16.872611464968152,22,74.15286624203821,0.006369426751592357,157,507.0,63.0,183.0,0.6612021857923497,7043.224043715847,1
PRV56648,0.0,0.0,0.0,0.0,49.0,14940.0,304.8979591836735,48.0,18.041666666666668,22,73.125,0.0,48,100.0,0.0,49.0,0.0,304.8979591836735,0
PRV56649,7.0,120000.0,17142.85714285714,7.0,259.0,72350.0,279.34362934362935,120.0,17.926829268292682,22,71.91056910569105,0.008130081300813009,123,446.0,5.0,266.0,0.02631578947368421,723.1203007518797,1
PRV56651,0.0,0.0,0.0,0.0,71.0,18630.0,262.3943661971831,38.0,18.05263157894737,22,75.55263157894737,0.02631578947368421,38,135.0,0.0,71.0,0.0,262.3943661971831,0
PRV56653,0.0,0.0,0.0,0.0,72.0,21060.0,292.5,39.0,17.487179487179485,22,71.2051282051282,0.0,39,141.0,0.0,72.0,0.0,292.5,0
PRV56654,0.0,0.0,0.0,0.0,49.0,17620.0,359.59183673469386,34.0,17.38235294117647,22,73.82352941176471,0.029411764705882353,34,114.0,0.0,49.0,0.0,359.59183673469386,0
PRV56655,0.0,0.0,0.0,0.0,251.0,69380.0,276.41434262948206,104.0,17.721153846153847,22,71.8076923076923,0.0,104,418.0,2.0,251.0,0.0,276.41434262948206,0
PRV56656,0.0,0.0,0.0,0.0,42.0,14060.0,334.76190476190476,29.0,18.24137931034483,22,75.37931034482759,0.0,29,104.0,0.0,42.0,0.0,334.76190476190476,0
PRV56657,0.0,0.0,0.0,0.0,20.0,5200.0,260.0,18.0,16.77777777777778,22,72.33333333333333,0.0,18,46.0,0.0,20.0,0.0,260.0,0
PRV56658,1.0,20000.0,20000.0,1.0,69.0,15160.0,219.71014492753622,68.0,17.44927536231884,22,73.42028985507247,0.0,69,159.0,2.0,70.0,0.014285714285714285,502.2857142857143,0
PRV56659,2.0,9000.0,4500.0,2.0,139.0,25550.0,183.81294964028777,65.0,18.075757575757574,22,71.03030303030303,0.015151515151515152,66,235.0,1.0,141.0,0.014184397163120567,245.03546099290782,0
PRV56660,0.0,0.0,0.0,0.0,4.0,180.0,45.0,4.0,17.5,20,82.0,0.0,4,6.0,0.0,4.0,0.0,45.0,0
PRV56662,3.0,14000.0,4666.666666666667,2.0,6.0,1290.0,215.0,5.0,17.571428571428573,21,75.85714285714286,0.0,7,27.0,1.0,9.0,0.3333333333333333,1698.888888888889,0
PRV56663,13.0,100020.0,7693.846153846154,13.0,238.0,59620.0,250.50420168067228,123.0,18.165413533834588,22,74.97744360902256,0.015037593984962405,133,489.0,8.0,251.0,0.05179282868525897,636.01593625498,0
PRV56664,1.0,57000.0,57000.0,1.0,14.0,2600.0,185.71428571428572,11.0,17.454545454545453,22,71.0909090909091,0.09090909090909091,11,38.0,1.0,15.0,0.06666666666666667,3973.3333333333335,0
PRV56667,0.0,0.0,0.0,0.0,32.0,6300.0,196.875,28.0,18.178571428571427,22,72.28571428571429,0.0,28,64.0,0.0,32.0,0.0,196.875,0
PRV56668,52.0,619000.0,11903.846153846154,45.0,21.0,4470.0,212.85714285714286,20.0,16.56923076923077,22,73.53846153846153,0.0,65,274.0,34.0,73.0,0.7123287671232876,8540.684931506848,1
PRV56669,29.0,278400.0,9600.0,24.0,11.0,5210.0,473.6363636363636,8.0,17.21875,21,70.6875,0.0625,32,187.0,15.0,40.0,0.725,7090.25,1
PRV56671,3.0,25000.0,8333.333333333334,2.0,40.0,10340.0,258.5,28.0,17.3,21,70.4,0.0,30,112.0,2.0,43.0,0.06976744186046512,821.8604651162791,0
PRV56672,0.0,0.0,0.0,0.0,161.0,40980.0,254.53416149068323,70.0,18.571428571428573,22,73.25714285714285,0.0,70,266.0,0.0,161.0,0.0,254.53416149068323,0
PRV56673,2.0,42000.0,21000.0,2.0,2.0,640.0,320.0,2.0,16.75,20,79.5,0.0,4,25.0,2.0,4.0,0.5,10660.0,0
PRV56674,0.0,0.0,0.0,0.0,46.0,15860.0,344.7826086956522,21.0,17.428571428571427,20,74.71428571428571,0.047619047619047616,21,97.0,0.0,46.0,0.0,344.7826086956522,0
PRV56675,0.0,0.0,0.0,0.0,323.0,98690.0,305.54179566563465,172.0,17.66860465116279,22,74.40697674418605,0.011627906976744186,172,516.0,0.0,323.0,0.0,305.54179566563465,0
PRV56677,0.0,0.0,0.0,0.0,1.0,20.0,20.0,1.0,20.0,20,69.0,1.0,1,2.0,0.0,1.0,0.0,20.0,0
PRV56679,0.0,0.0,0.0,0.0,25.0,4170.0,166.8,19.0,18.526315789473685,22,74.3157894736842,0.0,19,68.0,0.0,25.0,0.0,166.8,0
PRV56680,8.0,61000.0,7625.0,8.0,25.0,3400.0,136.0,24.0,17.8125,22,75.03125,0.0,32,102.0,6.0,33.0,0.24242424242424243,1951.5151515151515,0
PRV56681,0.0,0.0,0.0,0.0,5.0,790.0,158.0,5.0,17.4,20,75.4,0.0,5,12.0,0.0,5.0,0.0,158.0,0
PRV56682,3.0,14000.0,4666.666666666667,3.0,16.0,2410.0,150.625,16.0,17.42105263157895,22,69.26315789473684,0.0,19,66.0,4.0,19.0,0.15789473684210525,863.6842105263158,0
PRV56683,0.0,0.0,0.0,0.0,167.0,54880.0,328.622754491018,143.0,17.776223776223777,22,74.25874125874125,0.0,143,314.0,0.0,167.0,0.0,328.622754491018,0
PRV56684,16.0,158000.0,9875.0,16.0,76.0,14070.0,185.1315789473684,72.0,17.28409090909091,22,73.19318181818181,0.011363636363636364,88,220.0,7.0,92.0,0.17391304347826086,1870.3260869565217,0
PRV56685,35.0,327900.0,9368.57142857143,30.0,370.0,107390.0,290.2432432432432,112.0,17.570247933884296,22,71.49586776859505,0.0,121,659.0,19.0,405.0,0.08641975308641975,1074.79012345679,1
PRV56686,15.0,142000.0,9466.666666666666,13.0,5.0,1000.0,200.0,5.0,16.38888888888889,21,73.83333333333333,0.0,18,109.0,10.0,20.0,0.75,7150.0,0
PRV56687,0.0,0.0,0.0,0.0,9.0,4120.0,457.77777777777777,7.0,18.571428571428573,22,73.42857142857143,0.0,7,14.0,0.0,9.0,0.0,457.77777777777777,0
PRV56688,0.0,0.0,0.0,0.0,37.0,7860.0,212.43243243243242,19.0,18.05263157894737,22,72.73684210526316,0.0,19,90.0,0.0,37.0,0.0,212.43243243243242,0
PRV56689,0.0,0.0,0.0,0.0,1794.0,505530.0,281.7892976588629,796.0,17.979899497487438,22,73.62814070351759,0.011306532663316583,796,1660.0,0.0,1794.0,0.0,281.7892976588629,1
PRV56691,0.0,0.0,0.0,0.0,4.0,340.0,85.0,4.0,18.75,20,84.25,0.25,4,18.0,0.0,4.0,0.0,85.0,0
PRV56693,0.0,0.0,0.0,0.0,373.0,91230.0,244.58445040214477,302.0,17.54635761589404,22,72.90066225165563,0.006622516556291391,302,569.0,0.0,373.0,0.0,244.58445040214477,0
PRV56694,0.0,0.0,0.0,0.0,8.0,3950.0,493.75,8.0,16.375,19,78.5,0.125,8,19.0,0.0,8.0,0.0,493.75,0
PRV56696,7.0,65000.0,9285.714285714286,7.0,27.0,4220.0,156.2962962962963,26.0,17.545454545454547,22,74.48484848484848,0.0,33,119.0,4.0,34.0,0.20588235294117646,2035.8823529411766,0
PRV56697,0.0,0.0,0.0,0.0,78.0,21570.0,276.53846153846155,36.0,18.305555555555557,22,72.83333333333333,0.0,36,158.0,0.0,78.0,0.0,276.53846153846155,0
PRV56699,0.0,0.0,0.0,0.0,3.0,550.0,183.33333333333334,3.0,18.666666666666668,20,77.0,0.0,3,12.0,0.0,3.0,0.0,183.33333333333334,0
PRV56700,0.0,0.0,0.0,0.0,5.0,640.0,128.0,5.0,18.6,22,76.4,0.0,5,8.0,0.0,5.0,0.0,128.0,0
PRV56701,4.0,32000.0,8000.0,4.0,19.0,4680.0,246.31578947368422,18.0,17.818181818181817,22,72.27272727272727,0.045454545454545456,22,74.0,3.0,23.0,0.17391304347826086,1594.7826086956522,0
PRV56702,0.0,0.0,0.0,0.0,224.0,47350.0,211.38392857142858,82.0,17.829268292682926,22,73.2560975609756,0.012195121951219513,82,401.0,0.0,224.0,0.0,211.38392857142858,0
PRV56703,21.0,180200.0,8580.952380952382,21.0,27.0,5870.0,217.40740740740742,27.0,17.73913043478261,22,76.52173913043478,0.021739130434782608,46,171.0,11.0,48.0,0.4375,3876.4583333333335,0
PRV56705,4.0,56000.0,14000.0,4.0,12.0,5120.0,426.6666666666667,12.0,17.9375,22,72.6875,0.0625,16,53.0,4.0,16.0,0.25,3820.0,0
PRV56706,31.0,248000.0,8000.0,26.0,316.0,98360.0,311.26582278481015,137.0,17.63888888888889,22,71.77777777777777,0.0,144,614.0,16.0,347.0,0.0893371757925072,998.1556195965418,1
PRV56707,0.0,0.0,0.0,0.0,18.0,2860.0,158.88888888888889,6.0,19.0,21,73.66666666666667,0.0,6,33.0,0.0,18.0,0.0,158.88888888888889,0
PRV56708,0.0,0.0,0.0,0.0,7.0,3530.0,504.2857142857143,5.0,19.8,22,65.4,0.0,5,20.0,0.0,7.0,0.0,504.2857142857143,0
PRV56710,10.0,50000.0,5000.0,10.0,57.0,14690.0,257.719298245614,46.0,17.660377358490567,22,70.58490566037736,0.0,53,172.0,6.0,67.0,0.14925373134328357,965.5223880597015,0
PRV56711,8.0,93000.0,11625.0,7.0,55.0,14950.0,271.8181818181818,38.0,17.487179487179485,22,70.51282051282051,0.02564102564102564,39,157.0,9.0,63.0,0.12698412698412698,1713.4920634920634,1
PRV56712,2.0,5000.0,2500.0,1.0,2.0,310.0,155.0,2.0,17.0,21,85.5,0.0,2,16.0,2.0,4.0,0.5,1327.5,0
PRV56713,55.0,468000.0,8509.09090909091,43.0,118.0,31920.0,270.50847457627117,100.0,17.375886524822697,22,73.9290780141844,0.02127659574468085,141,430.0,36.0,173.0,0.3179190751445087,2889.7109826589594,0
PRV56715,3.0,16000.0,5333.333333333333,3.0,10.0,2670.0,267.0,10.0,16.23076923076923,20,71.92307692307692,0.0,13,39.0,1.0,13.0,0.23076923076923078,1436.1538461538462,0
PRV56716,0.0,0.0,0.0,0.0,124.0,47360.0,381.93548387096774,65.0,18.03076923076923,22,72.98461538461538,0.0,65,241.0,0.0,124.0,0.0,381.93548387096774,0
PRV56717,1.0,11000.0,11000.0,1.0,7.0,400.0,57.142857142857146,6.0,15.714285714285714,17,69.85714285714286,0.0,7,22.0,1.0,8.0,0.125,1425.0,0
PRV56718,0.0,0.0,0.0,0.0,142.0,32620.0,229.71830985915494,77.0,17.415584415584416,22,72.97402597402598,0.0,77,277.0,0.0,142.0,0.0,229.71830985915494,0
PRV56719,10.0,108000.0,10800.0,10.0,57.0,15600.0,273.6842105263158,50.0,17.68421052631579,22,73.05263157894737,0.0,57,188.0,11.0,67.0,0.14925373134328357,1844.7761194029852,1
PRV56720,2.0,16000.0,8000.0,2.0,10.0,2750.0,275.0,10.0,17.25,21,66.41666666666667,0.0,12,31.0,2.0,12.0,0.16666666666666666,1562.5,0
PRV56721,0.0,0.0,0.0,0.0,202.0,60120.0,297.6237623762376,182.0,17.725274725274726,22,71.82967032967034,0.0,182,361.0,0.0,202.0,0.0,297.6237623762376,0
PRV56722,2.0,17000.0,8500.0,2.0,23.0,7770.0,337.82608695652175,23.0,17.4,22,69.8,0.0,25,67.0,2.0,25.0,0.08,990.8,0
PRV56723,0.0,0.0,0.0,0.0,18.0,2830.0,157.22222222222223,11.0,18.818181818181817,22,73.63636363636364,0.09090909090909091,11,31.0,0.0,18.0,0.0,157.22222222222223,0
PRV56724,6.0,81000.0,13500.0,6.0,20.0,4860.0,243.0,20.0,17.23076923076923,21,73.11538461538461,0.038461538461538464,26,100.0,8.0,26.0,0.23076923076923078,3302.3076923076924,0
PRV56725,0.0,0.0,0.0,0.0,291.0,99310.0,341.27147766323026,132.0,17.598484848484848,22,73.82575757575758,0.0,132,487.0,0.0,291.0,0.0,341.27147766323026,0
PRV56726,3.0,67000.0,22333.333333333332,3.0,13.0,5440.0,418.46153846153845,13.0,17.875,21,70.1875,0.0,16,45.0,2.0,16.0,0.1875,4527.5,0
PRV56728,0.0,0.0,0.0,0.0,42.0,10640.0,253.33333333333334,17.0,18.176470588235293,21,68.47058823529412,0.058823529411764705,17,88.0,0.0,42.0,0.0,253.33333333333334,0
PRV56729,0.0,0.0,0.0,0.0,219.0,70080.0,320.0,179.0,17.608938547486034,22,72.20111731843575,0.00558659217877095,179,369.0,0.0,219.0,0.0,320.0,0
PRV56730,23.0,295700.0,12856.521739130434,21.0,31.0,8250.0,266.1290322580645,30.0,16.941176470588236,22,70.19607843137256,0.0196078431372549,51,200.0,23.0,54.0,0.42592592592592593,5628.7037037037035,1
PRV56731,4.0,104000.0,26000.0,4.0,16.0,5700.0,356.25,16.0,17.85,21,72.0,0.0,20,69.0,4.0,20.0,0.2,5485.0,1
PRV56732,13.0,171100.0,13161.538461538461,11.0,15.0,1820.0,121.33333333333333,15.0,16.884615384615383,22,74.65384615384616,0.0,26,111.0,6.0,28.0,0.4642857142857143,6175.714285714285,1
PRV56733,12.0,79000.0,6583.333333333333,12.0,186.0,44300.0,238.1720430107527,86.0,17.786516853932586,22,73.52808988764045,0.011235955056179775,89,373.0,5.0,198.0,0.06060606060606061,622.7272727272727,0
PRV56734,10.0,107000.0,10700.0,10.0,12.0,2700.0,225.0,12.0,17.772727272727273,22,69.18181818181819,0.0,22,80.0,6.0,22.0,0.45454545454545453,4986.363636363636,0
PRV56735,0.0,0.0,0.0,0.0,412.0,133630.0,324.34466019417476,285.0,17.750877192982458,22,72.92280701754386,0.010526315789473684,285,640.0,0.0,412.0,0.0,324.34466019417476,0
PRV56738,19.0,143000.0,7526.315789473684,19.0,493.0,125680.0,254.9290060851927,295.0,17.433333333333334,22,73.01666666666667,0.013333333333333334,300,759.0,14.0,512.0,0.037109375,524.765625,0
PRV56739,1.0,11000.0,11000.0,1.0,4.0,150.0,37.5,4.0,18.4,22,81.2,0.0,5,19.0,2.0,5.0,0.2,2230.0,0
PRV56740,0.0,0.0,0.0,0.0,45.0,8720.0,193.77777777777777,38.0,17.86842105263158,22,70.23684210526316,0.0,38,100.0,0.0,45.0,0.0,193.77777777777777,0
PRV56741,0.0,0.0,0.0,0.0,25.0,5620.0,224.8,25.0,17.68,22,73.68,0.0,25,52.0,0.0,25.0,0.0,224.8,0
PRV56742,9.0,116000.0,12888.888888888889,9.0,26.0,4750.0,182.69230769230768,25.0,17.09375,22,73.59375,0.0,32,111.0,8.0,35.0,0.2571428571428571,3450.0,0
PRV56743,0.0,0.0,0.0,0.0,393.0,126960.0,323.0534351145038,328.0,17.59451219512195,22,72.60975609756098,0.012195121951219513,328,588.0,0.0,393.0,0.0,323.0534351145038,0
PRV56745,0.0,0.0,0.0,0.0,132.0,27460.0,208.03030303030303,53.0,17.18867924528302,22,76.56603773584905,0.0,53,261.0,0.0,132.0,0.0,208.03030303030303,0
PRV56746,15.0,160000.0,10666.666666666666,15.0,28.0,11030.0,393.92857142857144,27.0,17.071428571428573,20,73.47619047619048,0.0,42,141.0,11.0,43.0,0.3488372093023256,3977.4418604651164,0
PRV56747,1.0,12000.0,12000.0,1.0,15.0,6530.0,435.3333333333333,15.0,16.875,22,76.6875,0.0,16,37.0,1.0,16.0,0.0625,1158.125,0
PRV56748,117.0,1319000.0,11273.504273504273,108.0,346.0,96780.0,279.71098265895955,285.0,17.354570637119114,22,73.31855955678671,0.0,361,792.0,50.0,463.0,0.2526997840172786,3057.840172786177,1
PRV56749,11.0,108000.0,9818.181818181818,10.0,17.0,2210.0,130.0,16.0,17.73076923076923,22,72.76923076923077,0.038461538461538464,26,105.0,11.0,28.0,0.39285714285714285,3936.0714285714284,0
PRV56750,1.0,25000.0,25000.0,1.0,10.0,1350.0,135.0,10.0,17.363636363636363,22,75.81818181818181,0.0,11,31.0,2.0,11.0,0.09090909090909091,2395.4545454545455,0
PRV56751,5.0,66000.0,13200.0,5.0,79.0,20410.0,258.3544303797468,50.0,18.254901960784313,22,72.29411764705883,0.0196078431372549,51,178.0,3.0,84.0,0.05952380952380952,1028.6904761904761,0
PRV56752,1.0,12000.0,12000.0,1.0,24.0,4120.0,171.66666666666666,23.0,18.5,22,77.58333333333333,0.0,24,65.0,2.0,25.0,0.04,644.8,0
PRV56753,9.0,93000.0,10333.333333333334,8.0,15.0,7080.0,472.0,15.0,16.476190476190474,22,77.28571428571429,0.0,21,83.0,6.0,24.0,0.375,4170.0,0
PRV56754,9.0,54000.0,6000.0,6.0,100.0,20050.0,200.5,65.0,17.785714285714285,22,74.31428571428572,0.0,70,238.0,2.0,109.0,0.08256880733944955,679.3577981651376,0
PRV56755,3.0,51000.0,17000.0,3.0,15.0,3160.0,210.66666666666666,14.0,17.941176470588236,22,76.3529411764706,0.0,17,55.0,3.0,18.0,0.16666666666666666,3008.8888888888887,0
PRV56758,0.0,0.0,0.0,0.0,531.0,164890.0,310.52730696798494,347.0,17.95100864553314,22,73.60230547550432,0.002881844380403458,347,741.0,0.0,531.0,0.0,310.52730696798494,0
PRV56759,2.0,27000.0,13500.0,2.0,9.0,1260.0,140.0,9.0,16.545454545454547,21,72.36363636363636,0.0,11,44.0,2.0,11.0,0.18181818181818182,2569.090909090909,0
PRV56760,0.0,0.0,0.0,0.0,643.0,188300.0,292.84603421461895,403.0,17.732009925558312,22,73.56079404466502,0.01240694789081886,403,893.0,0.0,643.0,0.0,292.84603421461895,0
PRV56761,92.0,825000.0,8967.391304347826,83.0,25.0,7220.0,288.8,25.0,16.710280373831775,22,74.99065420560747,0.0,107,372.0,41.0,117.0,0.7863247863247863,7112.991452991453,0
PRV56762,1.0,3000.0,3000.0,1.0,38.0,7710.0,202.89473684210526,34.0,17.4,21,76.82857142857142,0.0,35,86.0,0.0,39.0,0.02564102564102564,274.61538461538464,0
PRV56763,13.0,115000.0,8846.153846153846,12.0,13.0,1490.0,114.61538461538461,13.0,17.16,21,74.08,0.0,25,114.0,13.0,26.0,0.5,4480.384615384615,0
PRV56764,5.0,50000.0,10000.0,5.0,196.0,45680.0,233.0612244897959,134.0,17.58992805755396,22,73.99280575539568,0.007194244604316547,139,366.0,3.0,201.0,0.024875621890547265,476.0199004975124,0
PRV56765,0.0,0.0,0.0,0.0,22.0,5970.0,271.3636363636364,21.0,18.047619047619047,22,73.0,0.0,21,53.0,0.0,22.0,0.0,271.3636363636364,0
PRV56766,2.0,16000.0,8000.0,2.0,27.0,8780.0,325.18518518518516,25.0,18.11111111111111,22,70.62962962962963,0.0,27,66.0,1.0,29.0,0.06896551724137931,854.4827586206897,0
PRV56767,6.0,50000.0,8333.333333333334,6.0,12.0,1570.0,130.83333333333334,12.0,17.444444444444443,22,72.55555555555556,0.0,18,71.0,3.0,18.0,0.3333333333333333,2865.0,0
PRV56768,4.0,17000.0,4250.0,4.0,0.0,0.0,0.0,0.0,17.0,19,75.75,0.0,4,32.0,2.0,4.0,1.0,4250.0,0
PRV56769,4.0,32000.0,8000.0,4.0,19.0,3120.0,164.21052631578948,17.0,17.80952380952381,22,74.42857142857143,0.0,21,87.0,3.0,23.0,0.17391304347826086,1526.9565217391305,0
PRV56771,0.0,0.0,0.0,0.0,2.0,460.0,230.0,2.0,16.5,17,72.0,0.0,2,5.0,0.0,2.0,0.0,230.0,0
PRV56772,5.0,36000.0,7200.0,5.0,65.0,11960.0,184.0,49.0,17.12962962962963,22,74.4074074074074,0.0,54,180.0,5.0,70.0,0.07142857142857142,685.1428571428571,0
PRV56773,7.0,48000.0,6857.142857142857,7.0,36.0,16730.0,464.72222222222223,27.0,17.545454545454547,22,71.36363636363636,0.030303030303030304,33,118.0,1.0,43.0,0.16279069767441862,1505.3488372093022,0
PRV56774,1.0,4000.0,4000.0,1.0,0.0,0.0,0.0,0.0,13.0,13,68.0,0.0,1,9.0,0.0,1.0,1.0,4000.0,0
PRV56775,3.0,28000.0,9333.333333333334,3.0,15.0,6350.0,423.3333333333333,15.0,17.38888888888889,21,70.0,0.05555555555555555,18,61.0,1.0,18.0,0.16666666666666666,1908.3333333333333,0
PRV56777,13.0,109000.0,8384.615384615385,13.0,31.0,4150.0,133.8709677419355,31.0,17.34090909090909,22,75.5909090909091,0.0,44,150.0,8.0,44.0,0.29545454545454547,2571.590909090909,0
PRV56778,15.0,114000.0,7600.0,15.0,23.0,8180.0,355.6521739130435,23.0,17.44736842105263,22,74.21052631578948,0.0,38,138.0,8.0,38.0,0.39473684210526316,3215.2631578947367,0
PRV56780,0.0,0.0,0.0,0.0,7.0,880.0,125.71428571428571,7.0,17.0,21,72.85714285714286,0.0,7,19.0,0.0,7.0,0.0,125.71428571428571,0
PRV56782,0.0,0.0,0.0,0.0,288.0,90010.0,312.53472222222223,109.0,17.495412844036696,22,73.5229357798165,0.009174311926605505,109,458.0,0.0,288.0,0.0,312.53472222222223,0
PRV56783,0.0,0.0,0.0,0.0,85.0,25430.0,299.1764705882353,69.0,17.884057971014492,22,71.5072463768116,0.0,69,162.0,0.0,85.0,0.0,299.1764705882353,0
PRV56784,0.0,0.0,0.0,0.0,19.0,6920.0,364.2105263157895,18.0,18.166666666666668,21,70.88888888888889,0.0,18,52.0,0.0,19.0,0.0,364.2105263157895,0
PRV56788,0.0,0.0,0.0,0.0,177.0,50070.0,282.8813559322034,116.0,17.67241379310345,22,73.11206896551724,0.0,116,300.0,0.0,177.0,0.0,282.8813559322034,0
PRV56789,7.0,48000.0,6857.142857142857,7.0,60.0,15510.0,258.5,46.0,17.591836734693878,21,75.18367346938776,0.0,49,157.0,3.0,67.0,0.1044776119402985,947.9104477611941,0
PRV56790,0.0,0.0,0.0,0.0,91.0,34990.0,384.5054945054945,64.0,17.96875,22,72.40625,0.015625,64,193.0,0.0,91.0,0.0,384.5054945054945,0
PRV56791,0.0,0.0,0.0,0.0,233.0,67030.0,287.6824034334764,162.0,17.85185185185185,22,72.33333333333333,0.0,162,401.0,1.0,233.0,0.0,287.6824034334764,0
PRV56792,0.0,0.0,0.0,0.0,8.0,2460.0,307.5,8.0,16.625,19,72.0,0.0,8,19.0,0.0,8.0,0.0,307.5,0
PRV56793,3.0,44000.0,14666.666666666666,2.0,28.0,12330.0,440.35714285714283,27.0,17.24137931034483,21,70.96551724137932,0.0,29,82.0,2.0,31.0,0.0967741935483871,1817.0967741935483,0
PRV56796,3.0,49000.0,16333.333333333334,3.0,89.0,22490.0,252.69662921348313,84.0,17.229885057471265,22,72.40229885057471,0.0,87,192.0,2.0,92.0,0.03260869565217391,777.0652173913044,0
PRV56797,0.0,0.0,0.0,0.0,5.0,1260.0,252.0,5.0,17.6,19,76.2,0.0,5,6.0,0.0,5.0,0.0,252.0,0
PRV56798,0.0,0.0,0.0,0.0,24.0,10100.0,420.8333333333333,22.0,17.045454545454547,22,75.95454545454545,0.0,22,69.0,0.0,24.0,0.0,420.8333333333333,0
PRV56800,7.0,92000.0,13142.857142857143,6.0,50.0,8830.0,176.6,43.0,17.4375,22,73.72916666666667,0.0,48,159.0,6.0,57.0,0.12280701754385964,1768.9473684210527,0
PRV56801,0.0,0.0,0.0,0.0,25.0,8210.0,328.4,24.0,17.916666666666668,21,74.83333333333333,0.0,24,54.0,0.0,25.0,0.0,328.4,0
PRV56802,13.0,185000.0,14230.76923076923,11.0,0.0,0.0,0.0,0.0,17.363636363636363,20,79.72727272727273,0.0,11,92.0,7.0,13.0,1.0,14230.76923076923,0
PRV56803,8.0,100000.0,12500.0,8.0,787.0,219420.0,278.80559085133416,408.0,17.78125,22,74.06490384615384,0.007211538461538462,416,1015.0,7.0,795.0,0.010062893081761006,401.7861635220126,0
PRV56805,0.0,0.0,0.0,0.0,1.0,70.0,70.0,1.0,20.0,20,73.0,0.0,1,1.0,0.0,1.0,0.0,70.0,0
PRV56807,0.0,0.0,0.0,0.0,91.0,22740.0,249.8901098901099,85.0,17.71764705882353,22,72.96470588235294,0.011764705882352941,85,185.0,0.0,91.0,0.0,249.8901098901099,0
PRV56808,47.0,431000.0,9170.212765957447,47.0,15.0,2610.0,174.0,15.0,17.516129032258064,21,75.20967741935483,0.0,62,242.0,26.0,62.0,0.7580645161290323,6993.709677419355,1
PRV56809,4.0,31000.0,7750.0,4.0,40.0,14270.0,356.75,37.0,17.951219512195124,22,75.02439024390245,0.0,41,118.0,4.0,44.0,0.09090909090909091,1028.8636363636363,0
PRV56810,0.0,0.0,0.0,0.0,14.0,7890.0,563.5714285714286,14.0,18.142857142857142,22,71.35714285714286,0.0,14,42.0,0.0,14.0,0.0,563.5714285714286,0
PRV56811,8.0,91000.0,11375.0,8.0,54.0,15050.0,278.7037037037037,52.0,17.45,22,75.38333333333334,0.0,60,141.0,6.0,62.0,0.12903225806451613,1710.483870967742,0
PRV56813,0.0,0.0,0.0,0.0,106.0,33940.0,320.188679245283,83.0,17.662650602409638,22,68.73493975903614,0.0,83,193.0,0.0,106.0,0.0,320.188679245283,0
PRV56816,0.0,0.0,0.0,0.0,15.0,7040.0,469.3333333333333,15.0,18.133333333333333,22,69.06666666666666,0.0,15,49.0,0.0,15.0,0.0,469.3333333333333,0
PRV56818,4.0,44000.0,11000.0,4.0,16.0,1540.0,96.25,13.0,18.41176470588235,22,76.6470588235294,0.0,17,62.0,8.0,20.0,0.2,2277.0,0
PRV56819,24.0,219000.0,9125.0,22.0,1.0,1900.0,1900.0,1.0,17.043478260869566,21,78.04347826086956,0.0,23,129.0,17.0,25.0,0.96,8836.0,0
PRV56820,0.0,0.0,0.0,0.0,5.0,820.0,164.0,4.0,20.25,22,69.0,0.0,4,10.0,0.0,5.0,0.0,164.0,0
PRV56821,0.0,0.0,0.0,0.0,12.0,3160.0,263.3333333333333,11.0,18.09090909090909,20,69.45454545454545,0.0,11,22.0,0.0,12.0,0.0,263.3333333333333,0
PRV56823,0.0,0.0,0.0,0.0,18.0,6320.0,351.1111111111111,15.0,16.8,21,80.06666666666666,0.0,15,52.0,0.0,18.0,0.0,351.1111111111111,0
PRV56824,0.0,0.0,0.0,0.0,136.0,47540.0,349.55882352941177,125.0,17.344,22,73.824,0.008,125,260.0,0.0,136.0,0.0,349.55882352941177,0
PRV56826,4.0,18000.0,4500.0,4.0,20.0,2870.0,143.5,20.0,17.333333333333332,21,73.625,0.0,24,86.0,2.0,24.0,0.16666666666666666,869.5833333333334,0
PRV56828,0.0,0.0,0.0,0.0,142.0,40510.0,285.28169014084506,131.0,17.740458015267176,22,73.38167938931298,0.015267175572519083,131,253.0,0.0,142.0,0.0,285.28169014084506,0
PRV56829,0.0,0.0,0.0,0.0,193.0,56270.0,291.55440414507774,95.0,17.873684210526317,22,71.7578947368421,0.021052631578947368,95,335.0,0.0,193.0,0.0,291.55440414507774,0
PRV56830,0.0,0.0,0.0,0.0,7.0,6580.0,940.0,7.0,17.142857142857142,19,78.42857142857143,0.0,7,27.0,0.0,7.0,0.0,940.0,0
PRV56831,0.0,0.0,0.0,0.0,5.0,760.0,152.0,5.0,17.0,19,69.8,0.0,5,14.0,0.0,5.0,0.0,152.0,0
PRV56832,0.0,0.0,0.0,0.0,11.0,7520.0,683.6363636363636,11.0,18.363636363636363,22,68.0909090909091,0.0,11,14.0,0.0,11.0,0.0,683.6363636363636,0
PRV56833,0.0,0.0,0.0,0.0,8.0,710.0,88.75,7.0,17.857142857142858,20,72.28571428571429,0.0,7,25.0,0.0,8.0,0.0,88.75,0
PRV56834,1.0,3000.0,3000.0,1.0,15.0,3850.0,256.6666666666667,5.0,18.666666666666668,21,80.33333333333333,0.0,6,38.0,0.0,16.0,0.0625,428.125,0
PRV56835,0.0,0.0,0.0,0.0,103.0,24640.0,239.2233009708738,52.0,17.423076923076923,22,73.9423076923077,0.0,52,186.0,0.0,103.0,0.0,239.2233009708738,0
PRV56836,0.0,0.0,0.0,0.0,3.0,740.0,246.66666666666666,3.0,16.333333333333332,18,72.33333333333333,0.0,3,5.0,0.0,3.0,0.0,246.66666666666666,0
PRV56837,0.0,0.0,0.0,0.0,42.0,17170.0,408.8095238095238,27.0,18.185185185185187,21,75.66666666666667,0.0,27,106.0,0.0,42.0,0.0,408.8095238095238,0
PRV56839,2.0,15000.0,7500.0,2.0,10.0,2870.0,287.0,10.0,18.0,21,74.0,0.0,12,37.0,2.0,12.0,0.16666666666666666,1489.1666666666667,0
PRV56840,0.0,0.0,0.0,0.0,89.0,19090.0,214.4943820224719,33.0,18.03030303030303,22,73.75757575757575,0.030303030303030304,33,175.0,0.0,89.0,0.0,214.4943820224719,0
PRV56843,0.0,0.0,0.0,0.0,2.0,860.0,430.0,2.0,20.5,22,90.5,0.0,2,11.0,0.0,2.0,0.0,430.0,0
PRV56845,0.0,0.0,0.0,0.0,9.0,600.0,66.66666666666667,9.0,16.333333333333332,22,79.77777777777777,0.0,9,23.0,0.0,9.0,0.0,66.66666666666667,0
PRV56846,0.0,0.0,0.0,0.0,21.0,7020.0,334.2857142857143,9.0,18.22222222222222,20,72.88888888888889,0.0,9,52.0,0.0,21.0,0.0,334.2857142857143,0
PRV56850,0.0,0.0,0.0,0.0,17.0,4650.0,273.52941176470586,6.0,17.166666666666668,18,68.33333333333333,0.0,6,39.0,0.0,17.0,0.0,273.52941176470586,0
PRV56851,0.0,0.0,0.0,0.0,20.0,7380.0,369.0,7.0,15.857142857142858,20,77.71428571428571,0.0,7,56.0,0.0,20.0,0.0,369.0,0
PRV56852,0.0,0.0,0.0,0.0,20.0,1960.0,98.0,9.0,19.11111111111111,22,74.0,0.0,9,49.0,0.0,20.0,0.0,98.0,0
PRV56853,0.0,0.0,0.0,0.0,27.0,5340.0,197.77777777777777,6.0,18.333333333333332,21,68.33333333333333,0.0,6,77.0,0.0,27.0,0.0,197.77777777777777,0
PRV56854,0.0,0.0,0.0,0.0,3.0,600.0,200.0,3.0,17.333333333333332,20,73.66666666666667,0.0,3,10.0,0.0,3.0,0.0,200.0,0
PRV56855,0.0,0.0,0.0,0.0,4.0,290.0,72.5,3.0,17.0,19,73.66666666666667,0.0,3,12.0,0.0,4.0,0.0,72.5,0
PRV56856,0.0,0.0,0.0,0.0,90.0,23670.0,263.0,31.0,17.70967741935484,22,73.93548387096774,0.0,31,180.0,0.0,90.0,0.0,263.0,0
PRV56857,0.0,0.0,0.0,0.0,46.0,16480.0,358.2608695652174,20.0,17.85,21,71.65,0.0,20,94.0,0.0,46.0,0.0,358.2608695652174,0
PRV56858,0.0,0.0,0.0,0.0,40.0,7870.0,196.75,23.0,17.608695652173914,22,73.30434782608695,0.0,23,90.0,0.0,40.0,0.0,196.75,0
PRV56860,0.0,0.0,0.0,0.0,3.0,2570.0,856.6666666666666,3.0,19.666666666666668,22,73.33333333333333,0.0,3,10.0,0.0,3.0,0.0,856.6666666666666,0
PRV56861,0.0,0.0,0.0,0.0,31.0,5560.0,179.3548387096774,22.0,18.0,22,72.36363636363636,0.0,22,73.0,0.0,31.0,0.0,179.3548387096774,0
PRV56862,0.0,0.0,0.0,0.0,14.0,2990.0,213.57142857142858,8.0,16.875,22,82.125,0.0,8,30.0,0.0,14.0,0.0,213.57142857142858,0
PRV56863,0.0,0.0,0.0,0.0,52.0,14070.0,270.5769230769231,29.0,18.448275862068964,22,70.48275862068965,0.0,29,103.0,0.0,52.0,0.0,270.5769230769231,0
PRV56864,0.0,0.0,0.0,0.0,24.0,3800.0,158.33333333333334,12.0,17.333333333333332,22,77.25,0.08333333333333333,12,43.0,0.0,24.0,0.0,158.33333333333334,0
PRV56866,0.0,0.0,0.0,0.0,68.0,27180.0,399.70588235294116,23.0,17.47826086956522,21,77.6086956521739,0.0,23,130.0,0.0,68.0,0.0,399.70588235294116,0
PRV56867,0.0,0.0,0.0,0.0,9.0,3430.0,381.1111111111111,8.0,16.375,21,72.75,0.0,8,26.0,0.0,9.0,0.0,381.1111111111111,0
PRV56868,0.0,0.0,0.0,0.0,18.0,7590.0,421.6666666666667,7.0,17.142857142857142,21,69.42857142857143,0.0,7,52.0,0.0,18.0,0.0,421.6666666666667,0
PRV56869,0.0,0.0,0.0,0.0,36.0,11220.0,311.6666666666667,24.0,17.041666666666668,22,75.66666666666667,0.0,24,80.0,0.0,36.0,0.0,311.6666666666667,0
PRV56870,13.0,119000.0,9153.846153846154,13.0,0.0,0.0,0.0,0.0,17.0,20,76.6923076923077,0.0,13,80.0,12.0,13.0,1.0,9153.846153846154,0
PRV56871,0.0,0.0,0.0,0.0,11.0,4350.0,395.45454545454544,11.0,17.545454545454547,22,76.27272727272727,0.0,11,37.0,0.0,11.0,0.0,395.45454545454544,0
PRV56873,1.0,6000.0,6000.0,1.0,1.0,70.0,70.0,1.0,15.0,16,79.5,0.0,2,10.0,0.0,2.0,0.5,3035.0,0
PRV56877,15.0,163000.0,10866.666666666666,11.0,29.0,7410.0,255.51724137931035,25.0,18.147058823529413,22,74.11764705882354,0.0,34,138.0,9.0,44.0,0.3409090909090909,3872.9545454545455,1
PRV56878,0.0,0.0,0.0,0.0,26.0,6660.0,256.15384615384613,8.0,18.5,21,74.75,0.0,8,56.0,0.0,26.0,0.0,256.15384615384613,0
PRV56879,0.0,0.0,0.0,0.0,7.0,8140.0,1162.857142857143,6.0,19.666666666666668,22,69.0,0.0,6,17.0,0.0,7.0,0.0,1162.857142857143,0
PRV56880,0.0,0.0,0.0,0.0,2.0,260.0,130.0,2.0,16.0,17,69.0,0.0,2,9.0,0.0,2.0,0.0,130.0,0
PRV56881,0.0,0.0,0.0,0.0,78.0,17200.0,220.51282051282053,31.0,17.451612903225808,22,71.87096774193549,0.03225806451612903,31,156.0,0.0,78.0,0.0,220.51282051282053,0
PRV56882,0.0,0.0,0.0,0.0,21.0,4050.0,192.85714285714286,10.0,18.4,22,74.9,0.0,10,51.0,0.0,21.0,0.0,192.85714285714286,0
PRV56884,0.0,0.0,0.0,0.0,8.0,1440.0,180.0,8.0,16.375,20,72.875,0.0,8,22.0,0.0,8.0,0.0,180.0,0
PRV56885,9.0,66000.0,7333.333333333333,5.0,1.0,50.0,50.0,1.0,16.666666666666668,21,70.66666666666667,0.0,6,64.0,6.0,10.0,0.9,6605.0,0
PRV56886,0.0,0.0,0.0,0.0,11.0,1360.0,123.63636363636364,3.0,15.666666666666666,17,78.33333333333333,0.0,3,28.0,0.0,11.0,0.0,123.63636363636364,0
PRV56887,0.0,0.0,0.0,0.0,36.0,9120.0,253.33333333333334,11.0,18.818181818181817,21,79.0,0.0,11,74.0,0.0,36.0,0.0,253.33333333333334,0
PRV56888,0.0,0.0,0.0,0.0,10.0,6050.0,605.0,10.0,17.5,21,72.0,0.0,10,34.0,0.0,10.0,0.0,605.0,0
PRV56889,5.0,110000.0,22000.0,5.0,45.0,16550.0,367.77777777777777,27.0,18.06896551724138,22,70.10344827586206,0.034482758620689655,29,129.0,5.0,50.0,0.1,2531.0,0
PRV56890,0.0,0.0,0.0,0.0,12.0,4270.0,355.8333333333333,5.0,18.2,21,82.8,0.0,5,26.0,0.0,12.0,0.0,355.8333333333333,0
PRV56891,0.0,0.0,0.0,0.0,1.0,10.0,10.0,1.0,17.0,17,47.0,0.0,1,2.0,0.0,1.0,0.0,10.0,0
PRV56892,0.0,0.0,0.0,0.0,13.0,3180.0,244.6153846153846,5.0,19.2,22,67.8,0.0,5,30.0,0.0,13.0,0.0,244.6153846153846,0
PRV56893,0.0,0.0,0.0,0.0,7.0,3020.0,431.42857142857144,7.0,17.0,22,80.14285714285714,0.0,7,16.0,0.0,7.0,0.0,431.42857142857144,0
PRV56894,0.0,0.0,0.0,0.0,26.0,4360.0,167.69230769230768,23.0,18.130434782608695,21,74.21739130434783,0.0,23,55.0,0.0,26.0,0.0,167.69230769230768,0
PRV56895,13.0,145000.0,11153.846153846154,13.0,1.0,0.0,0.0,1.0,16.5,20,73.64285714285714,0.07142857142857142,14,81.0,6.0,14.0,0.9285714285714286,10357.142857142857,0
PRV56896,3.0,60000.0,20000.0,3.0,0.0,0.0,0.0,0.0,17.333333333333332,18,65.66666666666667,0.0,3,26.0,4.0,3.0,1.0,20000.0,0
PRV56897,8.0,62000.0,7750.0,8.0,0.0,0.0,0.0,0.0,16.25,18,73.5,0.0,8,58.0,9.0,8.0,1.0,7750.0,0
PRV56900,2.0,19000.0,9500.0,2.0,0.0,0.0,0.0,0.0,16.0,19,84.5,0.0,2,15.0,1.0,2.0,1.0,9500.0,0
PRV56901,0.0,0.0,0.0,0.0,66.0,10190.0,154.3939393939394,48.0,17.729166666666668,22,72.95833333333333,0.0,48,149.0,0.0,66.0,0.0,154.3939393939394,0
PRV56902,1.0,4000.0,4000.0,1.0,0.0,0.0,0.0,0.0,18.0,18,81.0,0.0,1,9.0,0.0,1.0,1.0,4000.0,0
PRV56903,2.0,57000.0,28500.0,2.0,0.0,0.0,0.0,0.0,14.0,15,67.0,0.0,2,18.0,4.0,2.0,1.0,28500.0,0
PRV56904,4.0,28000.0,7000.0,4.0,0.0,0.0,0.0,0.0,16.25,18,69.75,0.0,4,32.0,3.0,4.0,1.0,7000.0,0
PRV56905,0.0,0.0,0.0,0.0,15.0,6080.0,405.3333333333333,13.0,16.76923076923077,22,73.3076923076923,0.0,13,46.0,0.0,15.0,0.0,405.3333333333333,0
PRV56906,6.0,51000.0,8500.0,6.0,1.0,1100.0,1100.0,1.0,15.857142857142858,20,65.0,0.0,7,47.0,4.0,7.0,0.8571428571428571,7442.857142857143,0
PRV56907,0.0,0.0,0.0,0.0,15.0,5820.0,388.0,15.0,18.2,22,72.93333333333334,0.0,15,25.0,0.0,15.0,0.0,388.0,0
PRV56908,1.0,5000.0,5000.0,1.0,1.0,60.0,60.0,1.0,19.5,21,68.5,0.0,2,10.0,0.0,2.0,0.5,2530.0,0
PRV56909,3.0,17000.0,5666.666666666667,2.0,4.0,1590.0,397.5,4.0,18.333333333333332,21,70.0,0.0,6,33.0,2.0,7.0,0.42857142857142855,2655.714285714286,0
PRV56910,4.0,37200.0,9300.0,4.0,1.0,60.0,60.0,1.0,17.8,21,67.2,0.0,5,29.0,4.0,5.0,0.8,7452.0,0
PRV56912,7.0,90000.0,12857.142857142857,7.0,0.0,0.0,0.0,0.0,15.714285714285714,18,74.42857142857143,0.0,7,52.0,6.0,7.0,1.0,12857.142857142857,0
PRV56914,6.0,70000.0,11666.666666666666,6.0,0.0,0.0,0.0,0.0,15.833333333333334,18,70.0,0.0,6,42.0,5.0,6.0,1.0,11666.666666666666,0
PRV56915,4.0,30900.0,7725.0,4.0,0.0,0.0,0.0,0.0,14.75,17,81.5,0.0,4,35.0,3.0,4.0,1.0,7725.0,0
PRV56916,11.0,113700.0,10336.363636363636,10.0,0.0,0.0,0.0,0.0,15.5,21,70.3,0.0,10,70.0,6.0,11.0,1.0,10336.363636363636,0
PRV56917,2.0,13000.0,6500.0,2.0,6.0,1880.0,313.3333333333333,6.0,17.285714285714285,20,66.71428571428571,0.0,7,30.0,1.0,8.0,0.25,1860.0,0
PRV56918,7.0,142000.0,20285.714285714286,7.0,0.0,0.0,0.0,0.0,17.571428571428573,21,69.57142857142857,0.0,7,48.0,7.0,7.0,1.0,20285.714285714286,1
PRV56919,0.0,0.0,0.0,0.0,2.0,30.0,15.0,2.0,17.0,17,77.5,0.0,2,9.0,0.0,2.0,0.0,15.0,0
PRV56920,0.0,0.0,0.0,0.0,1.0,80.0,80.0,1.0,21.0,21,74.0,0.0,1,4.0,0.0,1.0,0.0,80.0,0
PRV56923,0.0,0.0,0.0,0.0,41.0,6030.0,147.0731707317073,27.0,18.185185185185187,22,75.62962962962963,0.0,27,94.0,0.0,41.0,0.0,147.0731707317073,0
PRV56926,0.0,0.0,0.0,0.0,1.0,20.0,20.0,1.0,18.0,18,75.0,0.0,1,3.0,0.0,1.0,0.0,20.0,0
PRV56928,0.0,0.0,0.0,0.0,32.0,6530.0,204.0625,28.0,17.071428571428573,22,73.03571428571429,0.0,28,75.0,0.0,32.0,0.0,204.0625,0
PRV56929,0.0,0.0,0.0,0.0,45.0,7670.0,170.44444444444446,32.0,17.53125,22,73.625,0.0,32,87.0,0.0,45.0,0.0,170.44444444444446,0
PRV56930,0.0,0.0,0.0,0.0,24.0,6680.0,278.3333333333333,19.0,18.05263157894737,22,74.6842105263158,0.0,19,68.0,0.0,24.0,0.0,278.3333333333333,0
PRV56931,0.0,0.0,0.0,0.0,21.0,6610.0,314.76190476190476,17.0,18.470588235294116,22,69.70588235294117,0.0,17,56.0,0.0,21.0,0.0,314.76190476190476,0
PRV56932,0.0,0.0,0.0,0.0,9.0,810.0,90.0,8.0,16.875,22,79.875,0.0,8,12.0,0.0,9.0,0.0,90.0,0
PRV56933,0.0,0.0,0.0,0.0,12.0,4660.0,388.3333333333333,12.0,18.0,22,65.33333333333333,0.0,12,37.0,0.0,12.0,0.0,388.3333333333333,0
PRV56934,0.0,0.0,0.0,0.0,6.0,450.0,75.0,6.0,20.166666666666668,22,75.83333333333333,0.0,6,16.0,0.0,6.0,0.0,75.0,0
PRV56935,0.0,0.0,0.0,0.0,24.0,13190.0,549.5833333333334,15.0,17.866666666666667,22,73.73333333333333,0.0,15,54.0,0.0,24.0,0.0,549.5833333333334,0
PRV56937,0.0,0.0,0.0,0.0,5.0,310.0,62.0,5.0,18.8,22,65.6,0.0,5,9.0,0.0,5.0,0.0,62.0,0
PRV56938,0.0,0.0,0.0,0.0,22.0,3840.0,174.54545454545453,21.0,18.047619047619047,22,72.66666666666667,0.0,21,39.0,0.0,22.0,0.0,174.54545454545453,0
PRV56939,0.0,0.0,0.0,0.0,16.0,5080.0,317.5,15.0,17.533333333333335,21,70.2,0.0,15,49.0,0.0,16.0,0.0,317.5,0
PRV56941,0.0,0.0,0.0,0.0,21.0,4280.0,203.8095238095238,20.0,18.1,21,73.2,0.05,20,48.0,0.0,21.0,0.0,203.8095238095238,0
PRV56942,0.0,0.0,0.0,0.0,24.0,6960.0,290.0,23.0,16.869565217391305,22,76.78260869565217,0.0,23,56.0,0.0,24.0,0.0,290.0,0
PRV56944,0.0,0.0,0.0,0.0,3.0,180.0,60.0,3.0,18.0,20,76.66666666666667,0.0,3,4.0,0.0,3.0,0.0,60.0,0
PRV56945,0.0,0.0,0.0,0.0,57.0,21400.0,375.43859649122805,41.0,17.73170731707317,22,75.39024390243902,0.0,41,130.0,0.0,57.0,0.0,375.43859649122805,0
PRV56946,0.0,0.0,0.0,0.0,2.0,120.0,60.0,1.0,15.0,15,67.0,0.0,1,9.0,0.0,2.0,0.0,60.0,0
PRV56947,0.0,0.0,0.0,0.0,3.0,580.0,193.33333333333334,3.0,17.666666666666668,21,72.33333333333333,0.0,3,14.0,0.0,3.0,0.0,193.33333333333334,0
PRV56948,0.0,0.0,0.0,0.0,3.0,670.0,223.33333333333334,3.0,19.333333333333332,21,78.66666666666667,0.0,3,6.0,0.0,3.0,0.0,223.33333333333334,0
PRV56949,0.0,0.0,0.0,0.0,104.0,31960.0,307.3076923076923,43.0,17.953488372093023,22,72.04651162790698,0.023255813953488372,43,209.0,0.0,104.0,0.0,307.3076923076923,0
PRV56950,0.0,0.0,0.0,0.0,3.0,1140.0,380.0,3.0,15.333333333333334,16,65.33333333333333,0.0,3,8.0,0.0,3.0,0.0,380.0,0
PRV56951,0.0,0.0,0.0,0.0,19.0,5170.0,272.10526315789474,8.0,16.625,18,72.125,0.0,8,50.0,0.0,19.0,0.0,272.10526315789474,0
PRV56953,0.0,0.0,0.0,0.0,20.0,2870.0,143.5,19.0,17.789473684210527,22,74.84210526315789,0.0,19,44.0,0.0,20.0,0.0,143.5,0
PRV56954,0.0,0.0,0.0,0.0,20.0,2910.0,145.5,19.0,17.210526315789473,22,75.36842105263158,0.0,19,44.0,0.0,20.0,0.0,145.5,0
PRV56956,0.0,0.0,0.0,0.0,5.0,2810.0,562.0,5.0,19.2,21,67.6,0.0,5,9.0,0.0,5.0,0.0,562.0,0
PRV56957,0.0,0.0,0.0,0.0,138.0,44400.0,321.7391304347826,108.0,17.712962962962962,22,70.70370370370371,0.0,108,248.0,0.0,138.0,0.0,321.7391304347826,0
PRV56958,0.0,0.0,0.0,0.0,13.0,4980.0,383.0769230769231,12.0,17.333333333333332,21,74.16666666666667,0.0,12,35.0,0.0,13.0,0.0,383.0769230769231,0
PRV56960,0.0,0.0,0.0,0.0,8.0,2540.0,317.5,8.0,17.25,19,70.75,0.0,8,19.0,0.0,8.0,0.0,317.5,0
PRV56963,0.0,0.0,0.0,0.0,6.0,1440.0,240.0,6.0,18.333333333333332,21,78.83333333333333,0.0,6,17.0,0.0,6.0,0.0,240.0,0
PRV56964,0.0,0.0,0.0,0.0,5.0,1000.0,200.0,5.0,18.8,22,68.8,0.0,5,12.0,0.0,5.0,0.0,200.0,0
PRV56965,0.0,0.0,0.0,0.0,3.0,650.0,216.66666666666666,3.0,19.666666666666668,21,74.66666666666667,0.0,3,4.0,0.0,3.0,0.0,216.66666666666666,0
PRV56966,0.0,0.0,0.0,0.0,2.0,240.0,120.0,2.0,20.5,22,67.5,0.0,2,3.0,0.0,2.0,0.0,120.0,0
PRV56967,0.0,0.0,0.0,0.0,91.0,25440.0,279.56043956043953,79.0,17.924050632911392,22,72.86075949367088,0.012658227848101266,79,195.0,0.0,91.0,0.0,279.56043956043953,0
PRV56969,0.0,0.0,0.0,0.0,1.0,10.0,10.0,1.0,16.0,16,85.0,0.0,1,1.0,0.0,1.0,0.0,10.0,0
PRV56970,0.0,0.0,0.0,0.0,2.0,210.0,105.0,2.0,18.0,20,59.5,0.0,2,2.0,0.0,2.0,0.0,105.0,0
PRV56971,0.0,0.0,0.0,0.0,4.0,400.0,100.0,4.0,16.75,20,74.25,0.0,4,11.0,0.0,4.0,0.0,100.0,0
PRV56972,0.0,0.0,0.0,0.0,48.0,23760.0,495.0,45.0,17.533333333333335,22,77.08888888888889,0.0,45,107.0,0.0,48.0,0.0,495.0,0
PRV56973,0.0,0.0,0.0,0.0,17.0,5220.0,307.05882352941177,17.0,18.11764705882353,22,75.41176470588235,0.0,17,34.0,0.0,17.0,0.0,307.05882352941177,0
PRV56974,0.0,0.0,0.0,0.0,1.0,80.0,80.0,1.0,19.0,19,98.0,0.0,1,2.0,0.0,1.0,0.0,80.0,0
PRV56976,0.0,0.0,0.0,0.0,6.0,1940.0,323.3333333333333,6.0,17.666666666666668,21,80.66666666666667,0.0,6,17.0,0.0,6.0,0.0,323.3333333333333,0
PRV56977,0.0,0.0,0.0,0.0,8.0,1040.0,130.0,8.0,15.875,18,78.125,0.0,8,18.0,0.0,8.0,0.0,130.0,0
PRV56978,0.0,0.0,0.0,0.0,120.0,24030.0,200.25,97.0,17.75257731958763,22,72.64948453608247,0.010309278350515464,97,196.0,0.0,120.0,0.0,200.25,0
PRV56980,0.0,0.0,0.0,0.0,17.0,3070.0,180.58823529411765,17.0,17.647058823529413,20,71.05882352941177,0.0,17,35.0,0.0,17.0,0.0,180.58823529411765,0
PRV56981,0.0,0.0,0.0,0.0,7.0,710.0,101.42857142857143,7.0,19.571428571428573,22,72.42857142857143,0.0,7,10.0,0.0,7.0,0.0,101.42857142857143,0
PRV56982,0.0,0.0,0.0,0.0,24.0,9470.0,394.5833333333333,21.0,17.80952380952381,22,73.42857142857143,0.0,21,52.0,0.0,24.0,0.0,394.5833333333333,0
PRV56984,0.0,0.0,0.0,0.0,3.0,780.0,260.0,3.0,19.333333333333332,22,70.66666666666667,0.0,3,7.0,0.0,3.0,0.0,260.0,0
PRV56985,0.0,0.0,0.0,0.0,17.0,1940.0,114.11764705882354,17.0,17.941176470588236,21,68.58823529411765,0.0,17,49.0,0.0,17.0,0.0,114.11764705882354,0
PRV56986,0.0,0.0,0.0,0.0,2.0,310.0,155.0,2.0,22.0,22,76.5,0.0,2,3.0,0.0,2.0,0.0,155.0,0
PRV56987,0.0,0.0,0.0,0.0,7.0,1210.0,172.85714285714286,7.0,17.285714285714285,20,76.28571428571429,0.0,7,17.0,0.0,7.0,0.0,172.85714285714286,0
PRV56988,0.0,0.0,0.0,0.0,1.0,0.0,0.0,1.0,21.0,21,67.0,0.0,1,3.0,0.0,1.0,0.0,0.0,0
PRV56989,0.0,0.0,0.0,0.0,2.0,110.0,55.0,2.0,20.0,21,71.0,0.0,2,4.0,0.0,2.0,0.0,55.0,0
PRV56990,0.0,0.0,0.0,0.0,55.0,8320.0,151.27272727272728,11.0,18.0,21,72.63636363636364,0.0,11,108.0,0.0,55.0,0.0,151.27272727272728,0
PRV56991,0.0,0.0,0.0,0.0,15.0,6640.0,442.6666666666667,15.0,17.133333333333333,22,72.06666666666666,0.0,15,42.0,0.0,15.0,0.0,442.6666666666667,0
PRV56992,0.0,0.0,0.0,0.0,2.0,100.0,50.0,2.0,16.0,17,83.5,0.0,2,4.0,0.0,2.0,0.0,50.0,0
PRV56993,0.0,0.0,0.0,0.0,24.0,5400.0,225.0,24.0,16.958333333333332,21,73.29166666666667,0.0,24,53.0,0.0,24.0,0.0,225.0,0
PRV56995,0.0,0.0,0.0,0.0,10.0,4330.0,433.0,10.0,16.5,20,74.9,0.0,10,23.0,0.0,10.0,0.0,433.0,0
PRV56996,0.0,0.0,0.0,0.0,11.0,2040.0,185.45454545454547,11.0,16.636363636363637,21,74.18181818181819,0.0,11,37.0,0.0,11.0,0.0,185.45454545454547,0
PRV56997,0.0,0.0,0.0,0.0,25.0,2180.0,87.2,24.0,17.958333333333332,22,70.29166666666667,0.0,24,56.0,0.0,25.0,0.0,87.2,0
PRV56998,0.0,0.0,0.0,0.0,2.0,330.0,165.0,2.0,17.0,17,77.0,0.0,2,4.0,0.0,2.0,0.0,165.0,0
PRV56999,0.0,0.0,0.0,0.0,8.0,2350.0,293.75,8.0,17.25,19,73.0,0.0,8,21.0,0.0,8.0,0.0,293.75,0
PRV57000,0.0,0.0,0.0,0.0,61.0,18910.0,310.0,55.0,17.145454545454545,22,72.05454545454545,0.0,55,138.0,0.0,61.0,0.0,310.0,0
PRV57002,0.0,0.0,0.0,0.0,50.0,10450.0,209.0,49.0,17.6734693877551,22,72.57142857142857,0.02040816326530612,49,102.0,0.0,50.0,0.0,209.0,0
PRV57004,0.0,0.0,0.0,0.0,123.0,33440.0,271.869918699187,93.0,17.473118279569892,22,72.55913978494624,0.010752688172043012,93,224.0,0.0,123.0,0.0,271.869918699187,0
PRV57005,0.0,0.0,0.0,0.0,2.0,310.0,155.0,2.0,18.0,20,68.5,0.0,2,4.0,0.0,2.0,0.0,155.0,0
PRV57006,0.0,0.0,0.0,0.0,105.0,40560.0,386.2857142857143,61.0,17.721311475409838,22,74.52459016393442,0.0,61,218.0,1.0,105.0,0.0,386.2857142857143,0
PRV57010,0.0,0.0,0.0,0.0,57.0,24130.0,423.3333333333333,56.0,17.696428571428573,22,73.57142857142857,0.017857142857142856,56,130.0,0.0,57.0,0.0,423.3333333333333,0
PRV57011,0.0,0.0,0.0,0.0,17.0,3760.0,221.1764705882353,16.0,17.4375,21,76.3125,0.0,16,39.0,0.0,17.0,0.0,221.1764705882353,0
PRV57013,0.0,0.0,0.0,0.0,41.0,15650.0,381.7073170731707,31.0,17.516129032258064,22,72.51612903225806,0.0,31,78.0,0.0,41.0,0.0,381.7073170731707,0
PRV57014,0.0,0.0,0.0,0.0,76.0,17170.0,225.92105263157896,46.0,17.391304347826086,22,72.95652173913044,0.021739130434782608,46,153.0,0.0,76.0,0.0,225.92105263157896,0
PRV57015,0.0,0.0,0.0,0.0,44.0,22930.0,521.1363636363636,39.0,17.615384615384617,21,73.12820512820512,0.05128205128205128,39,90.0,0.0,44.0,0.0,521.1363636363636,0
PRV57016,16.0,197600.0,12350.0,15.0,0.0,0.0,0.0,0.0,15.933333333333334,18,67.73333333333333,0.0,15,106.0,13.0,16.0,1.0,12350.0,0
PRV57017,23.0,266100.0,11569.565217391304,21.0,0.0,0.0,0.0,0.0,16.714285714285715,19,77.9047619047619,0.09523809523809523,21,136.0,16.0,23.0,1.0,11569.565217391304,1
PRV57018,24.0,332000.0,13833.333333333334,22.0,9.0,690.0,76.66666666666667,9.0,16.70967741935484,21,70.87096774193549,0.03225806451612903,31,145.0,24.0,33.0,0.7272727272727273,10081.515151515152,1
PRV57020,6.0,53000.0,8833.333333333334,6.0,0.0,0.0,0.0,0.0,15.5,18,71.33333333333333,0.0,6,41.0,6.0,6.0,1.0,8833.333333333334,0
PRV57021,14.0,137000.0,9785.714285714286,12.0,0.0,0.0,0.0,0.0,15.916666666666666,21,75.25,0.0,12,86.0,6.0,14.0,1.0,9785.714285714286,1
PRV57023,15.0,173000.0,11533.333333333334,15.0,0.0,0.0,0.0,0.0,16.8,20,71.06666666666666,0.06666666666666667,15,99.0,11.0,15.0,1.0,11533.333333333334,0
PRV57024,9.0,132700.0,14744.444444444445,9.0,0.0,0.0,0.0,0.0,18.0,22,73.77777777777777,0.1111111111111111,9,63.0,7.0,9.0,1.0,14744.444444444445,0
PRV57025,17.0,138000.0,8117.64705882353,17.0,32.0,6640.0,207.5,30.0,17.377777777777776,22,73.02222222222223,0.0,45,166.0,10.0,49.0,0.3469387755102041,2951.8367346938776,1
PRV57030,16.0,189000.0,11812.5,15.0,41.0,15810.0,385.609756097561,38.0,17.58490566037736,22,72.24528301886792,0.0,53,180.0,12.0,57.0,0.2807017543859649,3593.157894736842,1
PRV57031,15.0,161000.0,10733.333333333334,15.0,137.0,42600.0,310.94890510948903,131.0,17.55862068965517,22,75.12413793103448,0.0,145,322.0,13.0,152.0,0.09868421052631579,1339.4736842105262,0
PRV57033,17.0,202000.0,11882.35294117647,17.0,36.0,15330.0,425.8333333333333,34.0,17.346938775510203,22,71.9795918367347,0.0,49,182.0,8.0,53.0,0.32075471698113206,4100.566037735849,0
PRV57034,21.0,184000.0,8761.904761904761,21.0,43.0,12130.0,282.09302325581393,43.0,17.19047619047619,22,72.44444444444444,0.015873015873015872,63,184.0,12.0,64.0,0.328125,3064.53125,0
PRV57036,0.0,0.0,0.0,0.0,20.0,8700.0,435.0,20.0,17.4,21,69.65,0.0,20,58.0,0.0,20.0,0.0,435.0,0
PRV57038,0.0,0.0,0.0,0.0,33.0,6310.0,191.21212121212122,33.0,17.545454545454547,22,73.75757575757575,0.0,33,80.0,0.0,33.0,0.0,191.21212121212122,0
PRV57039,0.0,0.0,0.0,0.0,5.0,910.0,182.0,4.0,18.5,20,82.5,0.0,4,8.0,0.0,5.0,0.0,182.0,0
PRV57041,0.0,0.0,0.0,0.0,26.0,5170.0,198.84615384615384,21.0,18.571428571428573,22,74.19047619047619,0.0,21,58.0,0.0,26.0,0.0,198.84615384615384,0
PRV57043,0.0,0.0,0.0,0.0,1.0,50.0,50.0,1.0,18.0,18,58.0,0.0,1,1.0,0.0,1.0,0.0,50.0,0
PRV57046,0.0,0.0,0.0,0.0,97.0,28790.0,296.8041237113402,56.0,17.875,22,68.73214285714286,0.03571428571428571,56,205.0,0.0,97.0,0.0,296.8041237113402,0
PRV57047,0.0,0.0,0.0,0.0,16.0,4130.0,258.125,16.0,17.9375,22,67.75,0.0,16,36.0,0.0,16.0,0.0,258.125,0
PRV57048,0.0,0.0,0.0,0.0,5.0,220.0,44.0,5.0,18.0,20,65.4,0.0,5,14.0,0.0,5.0,0.0,44.0,0
PRV57049,18.0,266000.0,14777.777777777777,18.0,4.0,560.0,140.0,4.0,16.863636363636363,21,72.0,0.0,22,120.0,16.0,22.0,0.8181818181818182,12116.363636363636,1
PRV57051,0.0,0.0,0.0,0.0,3.0,1470.0,490.0,3.0,18.0,21,71.0,0.0,3,10.0,0.0,3.0,0.0,490.0,0
PRV57052,0.0,0.0,0.0,0.0,13.0,7720.0,593.8461538461538,13.0,16.923076923076923,21,77.76923076923077,0.0,13,31.0,0.0,13.0,0.0,593.8461538461538,0
PRV57053,0.0,0.0,0.0,0.0,23.0,11400.0,495.6521739130435,16.0,18.875,22,72.4375,0.0,16,52.0,0.0,23.0,0.0,495.6521739130435,0
PRV57054,0.0,0.0,0.0,0.0,27.0,5190.0,192.22222222222223,18.0,16.72222222222222,21,72.77777777777777,0.0,18,73.0,0.0,27.0,0.0,192.22222222222223,0
PRV57056,0.0,0.0,0.0,0.0,10.0,1250.0,125.0,10.0,17.3,22,77.7,0.0,10,22.0,0.0,10.0,0.0,125.0,0
PRV57057,0.0,0.0,0.0,0.0,26.0,10560.0,406.15384615384613,10.0,18.4,21,68.2,0.0,10,49.0,0.0,26.0,0.0,406.15384615384613,0
PRV57058,0.0,0.0,0.0,0.0,29.0,10520.0,362.7586206896552,8.0,16.75,21,61.125,0.0,8,77.0,0.0,29.0,0.0,362.7586206896552,0
PRV57059,0.0,0.0,0.0,0.0,9.0,4250.0,472.22222222222223,9.0,16.333333333333332,21,72.11111111111111,0.0,9,16.0,0.0,9.0,0.0,472.22222222222223,0
PRV57061,0.0,0.0,0.0,0.0,1.0,100.0,100.0,1.0,16.0,16,56.0,0.0,1,2.0,0.0,1.0,0.0,100.0,0
PRV57062,0.0,0.0,0.0,0.0,58.0,16020.0,276.2068965517241,42.0,17.214285714285715,22,76.76190476190476,0.0,42,116.0,0.0,58.0,0.0,276.2068965517241,0
PRV57063,0.0,0.0,0.0,0.0,1.0,40.0,40.0,1.0,19.0,19,72.0,0.0,1,4.0,0.0,1.0,0.0,40.0,0
PRV57067,0.0,0.0,0.0,0.0,18.0,3050.0,169.44444444444446,13.0,17.846153846153847,22,71.84615384615384,0.0,13,44.0,0.0,18.0,0.0,169.44444444444446,0
PRV57069,2.0,4000.0,2000.0,2.0,0.0,0.0,0.0,0.0,18.0,18,69.0,0.0,2,15.0,0.0,2.0,1.0,2000.0,0
PRV57072,4.0,30000.0,7500.0,4.0,0.0,0.0,0.0,0.0,15.0,18,68.75,0.0,4,30.0,4.0,4.0,1.0,7500.0,0
PRV57073,10.0,108000.0,10800.0,9.0,0.0,0.0,0.0,0.0,16.0,21,72.11111111111111,0.0,9,67.0,6.0,10.0,1.0,10800.0,0
PRV57074,7.0,59000.0,8428.57142857143,7.0,0.0,0.0,0.0,0.0,16.571428571428573,19,83.0,0.0,7,49.0,5.0,7.0,1.0,8428.57142857143,0
PRV57075,2.0,16000.0,8000.0,2.0,0.0,0.0,0.0,0.0,14.5,16,71.5,0.0,2,18.0,1.0,2.0,1.0,8000.0,0
PRV57076,2.0,10000.0,5000.0,2.0,0.0,0.0,0.0,0.0,17.5,18,68.0,0.0,2,17.0,2.0,2.0,1.0,5000.0,0
PRV57077,3.0,29000.0,9666.666666666666,2.0,0.0,0.0,0.0,0.0,13.0,13,68.5,0.0,2,25.0,3.0,3.0,1.0,9666.666666666666,0
PRV57078,10.0,75000.0,7500.0,9.0,0.0,0.0,0.0,0.0,17.88888888888889,21,79.55555555555556,0.0,9,67.0,8.0,10.0,1.0,7500.0,0
PRV57080,1.0,57000.0,57000.0,1.0,0.0,0.0,0.0,0.0,14.0,14,81.0,0.0,1,9.0,1.0,1.0,1.0,57000.0,0
PRV57081,37.0,414000.0,11189.18918918919,34.0,0.0,0.0,0.0,0.0,16.41176470588235,22,74.94117647058823,0.0,34,166.0,17.0,37.0,1.0,11189.18918918919,0
PRV57082,5.0,100000.0,20000.0,5.0,0.0,0.0,0.0,0.0,17.0,20,71.8,0.0,5,40.0,5.0,5.0,1.0,20000.0,0
PRV57084,7.0,62000.0,8857.142857142857,7.0,1.0,40.0,40.0,1.0,17.0,20,79.0,0.0,8,51.0,7.0,8.0,0.875,7755.0,0
PRV57085,5.0,42000.0,8400.0,5.0,0.0,0.0,0.0,0.0,15.8,17,74.0,0.0,5,36.0,4.0,5.0,1.0,8400.0,0
PRV57086,6.0,53000.0,8833.333333333334,6.0,0.0,0.0,0.0,0.0,16.833333333333332,18,77.33333333333333,0.0,6,47.0,6.0,6.0,1.0,8833.333333333334,0
PRV57087,4.0,31000.0,7750.0,4.0,0.0,0.0,0.0,0.0,17.5,19,77.5,0.0,4,34.0,2.0,4.0,1.0,7750.0,0
PRV57088,6.0,50000.0,8333.333333333334,6.0,4.0,590.0,147.5,4.0,15.9,19,71.6,0.0,10,55.0,6.0,10.0,0.6,5059.0,0
PRV57089,3.0,21000.0,7000.0,3.0,0.0,0.0,0.0,0.0,16.666666666666668,19,75.0,0.0,3,26.0,3.0,3.0,1.0,7000.0,0
PRV57091,4.0,46000.0,11500.0,3.0,0.0,0.0,0.0,0.0,16.666666666666668,19,78.66666666666667,0.0,3,33.0,1.0,4.0,1.0,11500.0,0
PRV57092,2.0,7000.0,3500.0,2.0,0.0,0.0,0.0,0.0,17.0,19,79.5,0.0,2,18.0,0.0,2.0,1.0,3500.0,0
PRV57093,1.0,5000.0,5000.0,1.0,0.0,0.0,0.0,0.0,14.0,14,75.0,0.0,1,10.0,0.0,1.0,1.0,5000.0,0
PRV57094,3.0,48000.0,16000.0,3.0,0.0,0.0,0.0,0.0,16.666666666666668,18,82.33333333333333,0.0,3,27.0,1.0,3.0,1.0,16000.0,0
PRV57096,11.0,160000.0,14545.454545454546,11.0,0.0,0.0,0.0,0.0,17.09090909090909,20,73.18181818181819,0.0,11,65.0,8.0,11.0,1.0,14545.454545454546,1
PRV57097,3.0,21000.0,7000.0,3.0,0.0,0.0,0.0,0.0,15.666666666666666,16,74.33333333333333,0.0,3,19.0,1.0,3.0,1.0,7000.0,0
PRV57098,49.0,490000.0,10000.0,47.0,0.0,0.0,0.0,0.0,16.872340425531913,22,74.63829787234043,0.0,47,214.0,27.0,49.0,1.0,10000.0,0
PRV57099,0.0,0.0,0.0,0.0,14.0,6440.0,460.0,13.0,17.0,21,69.07692307692308,0.0,13,31.0,0.0,14.0,0.0,460.0,0
PRV57100,0.0,0.0,0.0,0.0,25.0,7580.0,303.2,18.0,18.22222222222222,22,74.83333333333333,0.0,18,51.0,0.0,25.0,0.0,303.2,0
PRV57101,30.0,296600.0,9886.666666666666,27.0,233.0,73080.0,313.6480686695279,187.0,17.99526066350711,22,71.36492890995261,0.009478672985781991,211,507.0,19.0,263.0,0.11406844106463879,1405.6273764258556,0
PRV57102,4.0,62000.0,15500.0,4.0,12.0,1450.0,120.83333333333333,12.0,17.0625,21,73.25,0.0,16,65.0,5.0,16.0,0.25,3965.625,0
PRV57103,29.0,305000.0,10517.241379310344,25.0,2020.0,587770.0,290.9752475247525,783.0,18.253731343283583,22,72.43034825870647,0.012437810945273632,804,1928.0,21.0,2049.0,0.014153245485602733,435.71010248901905,1
PRV57104,10.0,133000.0,13300.0,10.0,125.0,28630.0,229.04,55.0,18.114754098360656,22,69.72131147540983,0.0,61,269.0,10.0,135.0,0.07407407407407407,1197.2592592592594,1
PRV57105,0.0,0.0,0.0,0.0,4.0,540.0,135.0,3.0,16.333333333333332,19,66.33333333333333,0.0,3,9.0,0.0,4.0,0.0,135.0,0
PRV57107,0.0,0.0,0.0,0.0,13.0,5410.0,416.15384615384613,12.0,18.25,21,71.16666666666667,0.0,12,24.0,0.0,13.0,0.0,416.15384615384613,0
PRV57108,5.0,60000.0,12000.0,5.0,44.0,13170.0,299.3181818181818,40.0,17.711111111111112,22,77.64444444444445,0.022222222222222223,45,126.0,5.0,49.0,0.10204081632653061,1493.265306122449,0
PRV57109,6.0,70000.0,11666.666666666666,6.0,80.0,16790.0,209.875,72.0,18.012820512820515,22,72.65384615384616,0.01282051282051282,78,174.0,6.0,86.0,0.06976744186046512,1009.1860465116279,0
PRV57110,1.0,15000.0,15000.0,1.0,18.0,1830.0,101.66666666666667,18.0,17.263157894736842,22,77.57894736842105,0.0,19,47.0,2.0,19.0,0.05263157894736842,885.7894736842105,0
PRV57112,30.0,249010.0,8300.333333333334,30.0,130.0,37210.0,286.2307692307692,110.0,17.91044776119403,22,71.91791044776119,0.0,134,356.0,13.0,160.0,0.1875,1788.875,0
PRV57113,2.0,28000.0,14000.0,2.0,5.0,350.0,70.0,5.0,17.0,20,75.0,0.0,7,22.0,4.0,7.0,0.2857142857142857,4050.0,0
PRV57115,1.0,10000.0,10000.0,1.0,11.0,4050.0,368.1818181818182,11.0,17.75,22,79.33333333333333,0.0,12,25.0,1.0,12.0,0.08333333333333333,1170.8333333333333,0
PRV57116,0.0,0.0,0.0,0.0,7.0,590.0,84.28571428571429,7.0,16.857142857142858,20,78.57142857142857,0.0,7,22.0,0.0,7.0,0.0,84.28571428571429,0
PRV57117,67.0,518000.0,7731.3432835820895,59.0,123.0,34370.0,279.4308943089431,99.0,17.764285714285716,22,71.28571428571429,0.014285714285714285,140,499.0,34.0,190.0,0.3526315789473684,2907.2105263157896,1
PRV57118,0.0,0.0,0.0,0.0,13.0,2480.0,190.76923076923077,10.0,16.9,21,67.3,0.0,10,34.0,0.0,13.0,0.0,190.76923076923077,0
PRV57119,0.0,0.0,0.0,0.0,5.0,1330.0,266.0,4.0,17.75,19,70.5,0.0,4,8.0,0.0,5.0,0.0,266.0,0
PRV57120,13.0,178000.0,13692.307692307691,13.0,35.0,9050.0,258.57142857142856,34.0,17.543478260869566,22,72.52173913043478,0.021739130434782608,46,132.0,10.0,48.0,0.2708333333333333,3896.875,0
PRV57121,3.0,25000.0,8333.333333333334,2.0,35.0,10470.0,299.14285714285717,15.0,17.6875,21,74.5,0.0,16,98.0,1.0,38.0,0.07894736842105263,933.421052631579,0
PRV57122,1.0,8000.0,8000.0,1.0,13.0,2140.0,164.6153846153846,12.0,17.846153846153847,21,72.07692307692308,0.0,13,53.0,1.0,14.0,0.07142857142857142,724.2857142857143,0
PRV57124,9.0,100000.0,11111.111111111111,9.0,49.0,6940.0,141.6326530612245,47.0,17.327272727272728,22,72.94545454545455,0.0,55,163.0,5.0,58.0,0.15517241379310345,1843.7931034482758,0
PRV57125,0.0,0.0,0.0,0.0,370.0,95950.0,259.3243243243243,154.0,18.357142857142858,22,72.85064935064935,0.012987012987012988,154,588.0,0.0,370.0,0.0,259.3243243243243,0
PRV57126,10.0,77000.0,7700.0,10.0,33.0,5620.0,170.3030303030303,32.0,18.761904761904763,22,71.97619047619048,0.0,42,109.0,7.0,43.0,0.23255813953488372,1921.3953488372092,0
PRV57127,8.0,77000.0,9625.0,8.0,14.0,4530.0,323.57142857142856,14.0,16.90909090909091,21,69.72727272727273,0.0,22,86.0,6.0,22.0,0.36363636363636365,3705.909090909091,0
PRV57128,0.0,0.0,0.0,0.0,60.0,20130.0,335.5,56.0,18.196428571428573,22,69.73214285714286,0.03571428571428571,56,121.0,0.0,60.0,0.0,335.5,0
PRV57129,32.0,338200.0,10568.75,31.0,250.0,59290.0,237.16,217.0,17.459016393442624,22,71.7827868852459,0.004098360655737705,244,536.0,24.0,282.0,0.11347517730496454,1409.5390070921985,0
PRV57130,0.0,0.0,0.0,0.0,3.0,260.0,86.66666666666667,2.0,18.5,20,82.0,0.0,2,5.0,0.0,3.0,0.0,86.66666666666667,0
PRV57131,0.0,0.0,0.0,0.0,2.0,880.0,440.0,1.0,17.0,17,83.0,0.0,1,3.0,0.0,2.0,0.0,440.0,0
PRV57132,0.0,0.0,0.0,0.0,9.0,3940.0,437.77777777777777,4.0,17.75,21,75.5,0.0,4,33.0,0.0,9.0,0.0,437.77777777777777,0
PRV57133,0.0,0.0,0.0,0.0,14.0,1650.0,117.85714285714286,4.0,18.0,19,62.75,0.0,4,26.0,0.0,14.0,0.0,117.85714285714286,0
PRV57134,0.0,0.0,0.0,0.0,16.0,2870.0,179.375,15.0,17.866666666666667,22,69.53333333333333,0.0,15,32.0,0.0,16.0,0.0,179.375,0
PRV57136,0.0,0.0,0.0,0.0,43.0,8240.0,191.62790697674419,26.0,17.653846153846153,22,71.23076923076923,0.0,26,111.0,0.0,43.0,0.0,191.62790697674419,0
PRV57137,0.0,0.0,0.0,0.0,43.0,9990.0,232.32558139534885,21.0,18.142857142857142,22,77.61904761904762,0.0,21,79.0,0.0,43.0,0.0,232.32558139534885,0
PRV57138,0.0,0.0,0.0,0.0,6.0,3480.0,580.0,6.0,17.666666666666668,21,73.33333333333333,0.0,6,20.0,0.0,6.0,0.0,580.0,0
PRV57139,0.0,0.0,0.0,0.0,16.0,5750.0,359.375,13.0,18.846153846153847,22,67.92307692307692,0.0,13,44.0,0.0,16.0,0.0,359.375,0
PRV57140,0.0,0.0,0.0,0.0,2.0,450.0,225.0,2.0,18.5,19,85.5,0.0,2,4.0,0.0,2.0,0.0,225.0,0
PRV57141,15.0,175000.0,11666.666666666666,12.0,2.0,530.0,265.0,2.0,17.357142857142858,22,70.71428571428571,0.0,14,96.0,12.0,17.0,0.8823529411764706,10325.29411764706,0
PRV57142,0.0,0.0,0.0,0.0,12.0,6770.0,564.1666666666666,7.0,18.142857142857142,21,78.0,0.0,7,28.0,0.0,12.0,0.0,564.1666666666666,0
PRV57143,0.0,0.0,0.0,0.0,1.0,100.0,100.0,1.0,17.0,17,72.0,0.0,1,9.0,0.0,1.0,0.0,100.0,0
PRV57144,8.0,70000.0,8750.0,8.0,0.0,0.0,0.0,0.0,18.0,19,74.75,0.0,8,52.0,5.0,8.0,1.0,8750.0,0
PRV57145,4.0,70000.0,17500.0,4.0,0.0,0.0,0.0,0.0,16.5,19,77.75,0.0,4,31.0,4.0,4.0,1.0,17500.0,0
PRV57146,9.0,103000.0,11444.444444444445,9.0,0.0,0.0,0.0,0.0,17.333333333333332,22,75.66666666666667,0.0,9,59.0,6.0,9.0,1.0,11444.444444444445,0
PRV57147,0.0,0.0,0.0,0.0,12.0,4160.0,346.6666666666667,12.0,16.916666666666668,21,66.91666666666667,0.0,12,34.0,0.0,12.0,0.0,346.6666666666667,0
PRV57148,15.0,176080.0,11738.666666666666,9.0,68.0,24750.0,363.97058823529414,60.0,16.863636363636363,22,72.4090909090909,0.015151515151515152,66,196.0,10.0,83.0,0.18072289156626506,2419.6385542168673,0
PRV57149,0.0,0.0,0.0,0.0,143.0,27390.0,191.53846153846155,129.0,18.131782945736433,22,72.01550387596899,0.023255813953488372,129,224.0,0.0,143.0,0.0,191.53846153846155,0
PRV57150,0.0,0.0,0.0,0.0,166.0,37160.0,223.85542168674698,123.0,17.926829268292682,22,75.35772357723577,0.008130081300813009,123,318.0,0.0,166.0,0.0,223.85542168674698,0
PRV57151,0.0,0.0,0.0,0.0,515.0,169030.0,328.2135922330097,231.0,17.71861471861472,22,73.22077922077922,0.0,231,690.0,0.0,515.0,0.0,328.2135922330097,0
PRV57152,0.0,0.0,0.0,0.0,400.0,102480.0,256.2,383.0,17.74934725848564,22,73.88511749347259,0.010443864229765013,383,610.0,1.0,400.0,0.0,256.2,0
PRV57153,0.0,0.0,0.0,0.0,94.0,29690.0,315.8510638297872,92.0,17.369565217391305,22,72.90217391304348,0.0,92,197.0,0.0,94.0,0.0,315.8510638297872,0
PRV57154,0.0,0.0,0.0,0.0,52.0,14630.0,281.34615384615387,39.0,18.0,22,74.33333333333333,0.0,39,113.0,0.0,52.0,0.0,281.34615384615387,0
PRV57156,0.0,0.0,0.0,0.0,215.0,70570.0,328.2325581395349,105.0,18.447619047619046,22,75.02857142857142,0.02857142857142857,105,361.0,0.0,215.0,0.0,328.2325581395349,0
PRV57157,16.0,155000.0,9687.5,13.0,140.0,35460.0,253.28571428571428,84.0,18.18888888888889,22,72.22222222222223,0.022222222222222223,90,326.0,12.0,156.0,0.10256410256410256,1220.8974358974358,0
PRV57158,30.0,337000.0,11233.333333333334,23.0,241.0,74610.0,309.5850622406639,123.0,18.456521739130434,22,72.78985507246377,0.0,138,515.0,19.0,271.0,0.11070110701107011,1518.8560885608856,1
PRV57159,0.0,0.0,0.0,0.0,228.0,62310.0,273.2894736842105,118.0,17.728813559322035,22,73.9322033898305,0.0,118,384.0,0.0,228.0,0.0,273.2894736842105,0
PRV57160,0.0,0.0,0.0,0.0,101.0,36750.0,363.86138613861385,97.0,17.77319587628866,22,76.05154639175258,0.0,97,227.0,0.0,101.0,0.0,363.86138613861385,0
PRV57161,0.0,0.0,0.0,0.0,6.0,1480.0,246.66666666666666,6.0,19.333333333333332,22,76.5,0.0,6,15.0,0.0,6.0,0.0,246.66666666666666,0
PRV57162,7.0,163000.0,23285.714285714286,7.0,97.0,32680.0,336.9072164948454,49.0,18.80392156862745,22,68.17647058823529,0.0196078431372549,51,217.0,7.0,104.0,0.0673076923076923,1881.5384615384614,1
PRV57165,3.0,34000.0,11333.333333333334,3.0,34.0,5720.0,168.23529411764707,29.0,16.90625,21,75.625,0.0,32,87.0,1.0,37.0,0.08108108108108109,1073.5135135135135,0
PRV57166,29.0,238000.0,8206.896551724138,22.0,122.0,56700.0,464.75409836065575,107.0,17.6640625,22,72.828125,0.0,128,368.0,21.0,151.0,0.19205298013245034,1951.6556291390727,1
PRV57167,0.0,0.0,0.0,0.0,238.0,65100.0,273.52941176470586,102.0,18.00980392156863,22,73.49019607843137,0.029411764705882353,102,394.0,0.0,238.0,0.0,273.52941176470586,1
PRV57168,0.0,0.0,0.0,0.0,75.0,37140.0,495.2,67.0,17.388059701492537,22,72.41791044776119,0.014925373134328358,67,171.0,0.0,75.0,0.0,495.2,0
PRV57169,17.0,158000.0,9294.117647058823,14.0,14.0,3880.0,277.14285714285717,13.0,17.115384615384617,22,72.11538461538461,0.0,26,134.0,11.0,31.0,0.5483870967741935,5221.935483870968,0
PRV57170,0.0,0.0,0.0,0.0,579.0,168360.0,290.77720207253884,232.0,17.887931034482758,22,74.25,0.008620689655172414,232,780.0,0.0,579.0,0.0,290.77720207253884,1
PRV57171,3.0,7000.0,2333.3333333333335,2.0,188.0,47690.0,253.67021276595744,65.0,17.742424242424242,22,71.57575757575758,0.0,66,367.0,1.0,191.0,0.015706806282722512,286.3350785340314,0
PRV57172,88.0,895200.0,10172.727272727272,79.0,1672.0,490900.0,293.6004784688995,575.0,18.095867768595042,22,71.97355371900827,0.003305785123966942,605,1774.0,43.0,1760.0,0.05,787.5568181818181,1
PRV57173,96.0,1012000.0,10541.666666666666,90.0,1129.0,314410.0,278.48538529672277,861.0,17.50319829424307,22,73.62793176972282,0.011727078891257996,938,1424.0,46.0,1225.0,0.0783673469387755,1082.7836734693878,1
PRV57174,12.0,73000.0,6083.333333333333,10.0,42.0,22930.0,545.952380952381,38.0,17.4375,22,73.22916666666667,0.0,48,153.0,6.0,54.0,0.2222222222222222,1776.4814814814815,0
PRV57175,0.0,0.0,0.0,0.0,78.0,32600.0,417.94871794871796,76.0,17.55263157894737,22,72.82894736842105,0.013157894736842105,76,158.0,0.0,78.0,0.0,417.94871794871796,0
PRV57176,4.0,29200.0,7300.0,4.0,127.0,32320.0,254.48818897637796,101.0,18.047619047619047,22,71.18095238095238,0.02857142857142857,105,275.0,3.0,131.0,0.030534351145038167,469.618320610687,0
PRV57177,73.0,729000.0,9986.301369863013,64.0,491.0,119370.0,243.11608961303463,228.0,17.77821011673152,22,73.80155642023347,0.01556420233463035,257,850.0,34.0,564.0,0.12943262411347517,1504.2021276595744,1
PRV57179,26.0,290000.0,11153.846153846154,25.0,180.0,47460.0,263.6666666666667,119.0,18.0,22,75.15,0.02142857142857143,140,440.0,13.0,206.0,0.1262135922330097,1638.1553398058252,1
PRV57181,0.0,0.0,0.0,0.0,121.0,31910.0,263.7190082644628,48.0,17.395833333333332,22,73.64583333333333,0.0,48,246.0,0.0,121.0,0.0,263.7190082644628,0
PRV57182,5.0,57000.0,11400.0,5.0,71.0,20000.0,281.6901408450704,58.0,17.873015873015873,22,73.44444444444444,0.0,63,171.0,4.0,76.0,0.06578947368421052,1013.1578947368421,0
PRV57183,0.0,0.0,0.0,0.0,52.0,13170.0,253.26923076923077,45.0,18.066666666666666,22,74.24444444444444,0.0,45,104.0,0.0,52.0,0.0,253.26923076923077,0
PRV57184,2.0,32000.0,16000.0,2.0,113.0,34960.0,309.3805309734513,73.0,17.24,22,72.61333333333333,0.0,75,222.0,3.0,115.0,0.017391304347826087,582.2608695652174,0
PRV57185,7.0,116000.0,16571.428571428572,7.0,179.0,41400.0,231.2849162011173,97.0,17.401960784313726,22,73.1470588235294,0.00980392156862745,102,348.0,7.0,186.0,0.03763440860215054,846.236559139785,1
PRV57186,0.0,0.0,0.0,0.0,42.0,11860.0,282.3809523809524,36.0,17.72222222222222,22,70.77777777777777,0.0,36,105.0,0.0,42.0,0.0,282.3809523809524,0
PRV57187,0.0,0.0,0.0,0.0,114.0,35010.0,307.10526315789474,98.0,17.255102040816325,22,74.92857142857143,0.01020408163265306,98,241.0,0.0,114.0,0.0,307.10526315789474,0
PRV57188,5.0,41000.0,8200.0,5.0,16.0,6780.0,423.75,13.0,16.833333333333332,20,75.38888888888889,0.0,18,64.0,1.0,21.0,0.23809523809523808,2275.2380952380954,0
PRV57189,4.0,57000.0,14250.0,3.0,252.0,55310.0,219.484126984127,124.0,17.755905511811022,22,74.86614173228347,0.007874015748031496,127,416.0,2.0,256.0,0.015625,438.7109375,1
PRV57190,0.0,0.0,0.0,0.0,83.0,23850.0,287.34939759036143,63.0,17.904761904761905,22,75.2063492063492,0.0,63,152.0,0.0,83.0,0.0,287.34939759036143,0
PRV57191,185.0,2060000.0,11135.135135135135,159.0,1315.0,364430.0,277.13307984790873,709.0,17.977040816326532,22,73.38775510204081,0.01020408163265306,784,1680.0,95.0,1500.0,0.12333333333333334,1616.2866666666666,1
PRV57192,0.0,0.0,0.0,0.0,407.0,138900.0,341.2776412776413,185.0,17.594594594594593,22,73.52972972972972,0.005405405405405406,185,595.0,0.0,407.0,0.0,341.2776412776413,0
PRV57193,0.0,0.0,0.0,0.0,393.0,103520.0,263.40966921119593,171.0,17.953216374269005,22,73.37426900584795,0.0,171,607.0,0.0,393.0,0.0,263.40966921119593,0
PRV57194,2.0,22000.0,11000.0,2.0,28.0,2260.0,80.71428571428571,25.0,18.0,21,75.3076923076923,0.0,26,74.0,1.0,30.0,0.06666666666666667,808.6666666666666,0
PRV57196,10.0,87000.0,8700.0,8.0,58.0,7830.0,135.0,36.0,18.047619047619047,22,73.26190476190476,0.0,42,161.0,6.0,68.0,0.14705882352941177,1394.5588235294117,0
PRV57197,8.0,98000.0,12250.0,8.0,92.0,17540.0,190.65217391304347,46.0,17.48,22,70.36,0.02,50,221.0,7.0,100.0,0.08,1155.4,0
PRV57198,3.0,16000.0,5333.333333333333,3.0,51.0,13200.0,258.8235294117647,40.0,17.88372093023256,22,72.53488372093024,0.0,43,118.0,3.0,54.0,0.05555555555555555,540.7407407407408,0
PRV57199,0.0,0.0,0.0,0.0,7.0,1970.0,281.42857142857144,7.0,16.142857142857142,18,73.42857142857143,0.0,7,13.0,0.0,7.0,0.0,281.42857142857144,0
PRV57200,0.0,0.0,0.0,0.0,25.0,12150.0,486.0,24.0,18.125,22,71.375,0.041666666666666664,24,56.0,0.0,25.0,0.0,486.0,0
PRV57202,0.0,0.0,0.0,0.0,165.0,40810.0,247.33333333333334,85.0,17.49411764705882,22,74.85882352941177,0.0,85,281.0,0.0,165.0,0.0,247.33333333333334,0
PRV57203,2.0,38000.0,19000.0,2.0,45.0,7610.0,169.11111111111111,45.0,17.46808510638298,22,72.87234042553192,0.0,47,109.0,1.0,47.0,0.0425531914893617,970.4255319148937,0
PRV57204,21.0,185000.0,8809.52380952381,16.0,112.0,36970.0,330.0892857142857,67.0,17.382716049382715,22,72.88888888888889,0.06172839506172839,81,294.0,15.0,133.0,0.15789473684210525,1668.9473684210527,1
PRV57205,12.0,119500.0,9958.333333333334,12.0,81.0,16180.0,199.7530864197531,75.0,17.586206896551722,22,73.66666666666667,0.011494252873563218,87,182.0,8.0,93.0,0.12903225806451613,1458.9247311827958,0
PRV57206,7.0,93300.0,13328.57142857143,7.0,483.0,142000.0,293.9958592132505,224.0,17.719298245614034,22,72.85526315789474,0.008771929824561403,228,704.0,5.0,490.0,0.014285714285714285,480.2040816326531,1
PRV57207,0.0,0.0,0.0,0.0,73.0,18710.0,256.3013698630137,49.0,17.79591836734694,22,74.0204081632653,0.0,49,131.0,0.0,73.0,0.0,256.3013698630137,0
PRV57208,10.0,196000.0,19600.0,10.0,103.0,28580.0,277.4757281553398,99.0,17.770642201834864,22,74.58715596330275,0.0,109,255.0,11.0,113.0,0.08849557522123894,1987.4336283185842,0
PRV57209,15.0,148000.0,9866.666666666666,14.0,1093.0,337040.0,308.3623055809698,557.0,17.881205673758867,22,73.12411347517731,0.010638297872340425,564,1226.0,11.0,1108.0,0.013537906137184115,437.7617328519856,1
PRV57210,10.0,132000.0,13200.0,5.0,33.0,5020.0,152.12121212121212,31.0,16.714285714285715,21,77.02857142857142,0.02857142857142857,35,138.0,8.0,43.0,0.23255813953488372,3186.5116279069766,1
PRV57211,8.0,50000.0,6250.0,8.0,103.0,31930.0,310.0,96.0,17.567307692307693,22,74.125,0.0,104,241.0,5.0,111.0,0.07207207207207207,738.1081081081081,0
PRV57212,0.0,0.0,0.0,0.0,101.0,34670.0,343.26732673267327,60.0,17.883333333333333,22,71.2,0.0,60,209.0,0.0,101.0,0.0,343.26732673267327,0
PRV57213,0.0,0.0,0.0,0.0,82.0,34040.0,415.1219512195122,76.0,17.986842105263158,22,73.36842105263158,0.0,76,149.0,0.0,82.0,0.0,415.1219512195122,0
PRV57215,8.0,47000.0,5875.0,6.0,3.0,1970.0,656.6666666666666,3.0,15.88888888888889,19,67.66666666666667,0.0,9,63.0,4.0,11.0,0.7272727272727273,4451.818181818182,0
PRV57216,10.0,89000.0,8900.0,10.0,72.0,17260.0,239.72222222222223,53.0,17.338709677419356,22,72.98387096774194,0.0,62,185.0,3.0,82.0,0.12195121951219512,1295.8536585365853,0
PRV57217,9.0,107000.0,11888.888888888889,9.0,53.0,12060.0,227.54716981132074,50.0,16.89830508474576,21,71.40677966101696,0.0,59,170.0,7.0,62.0,0.14516129032258066,1920.3225806451612,0
PRV57218,0.0,0.0,0.0,0.0,413.0,123230.0,298.3777239709443,285.0,18.017543859649123,22,73.12280701754386,0.0035087719298245615,285,612.0,0.0,413.0,0.0,298.3777239709443,0
PRV57219,0.0,0.0,0.0,0.0,46.0,11830.0,257.17391304347825,36.0,17.75,21,71.58333333333333,0.0,36,101.0,0.0,46.0,0.0,257.17391304347825,0
PRV57223,34.0,275300.0,8097.058823529412,31.0,20.0,5230.0,261.5,19.0,16.632653061224488,22,74.81632653061224,0.0,49,226.0,24.0,54.0,0.6296296296296297,5195.0,1
PRV57224,2.0,22000.0,11000.0,2.0,212.0,56960.0,268.6792452830189,143.0,17.666666666666668,22,72.50694444444444,0.013888888888888888,144,369.0,3.0,214.0,0.009345794392523364,368.97196261682245,0
PRV57225,47.0,417400.0,8880.851063829787,44.0,131.0,20120.0,153.58778625954199,103.0,17.23448275862069,22,72.87586206896552,0.006896551724137931,145,378.0,27.0,178.0,0.2640449438202247,2457.9775280898875,0
PRV57227,21.0,186000.0,8857.142857142857,19.0,31.0,5800.0,187.09677419354838,31.0,17.44,22,74.78,0.02,50,166.0,15.0,52.0,0.40384615384615385,3688.4615384615386,0
PRV57228,34.0,251000.0,7382.35294117647,31.0,495.0,128370.0,259.3333333333333,321.0,17.845697329376854,22,73.78635014836796,0.002967359050445104,337,759.0,17.0,529.0,0.06427221172022685,717.1455576559546,0
PRV57230,27.0,250900.0,9292.592592592593,24.0,154.0,48670.0,316.038961038961,137.0,17.63125,22,73.275,0.00625,160,382.0,13.0,181.0,0.14917127071823205,1655.0828729281768,1
PRV57231,18.0,172300.0,9572.222222222223,14.0,30.0,7000.0,233.33333333333334,28.0,17.523809523809526,22,72.5952380952381,0.047619047619047616,42,162.0,12.0,48.0,0.375,3735.4166666666665,0
PRV57232,0.0,0.0,0.0,0.0,7.0,910.0,130.0,7.0,17.857142857142858,22,75.0,0.0,7,14.0,0.0,7.0,0.0,130.0,0
PRV57233,0.0,0.0,0.0,0.0,140.0,41920.0,299.42857142857144,58.0,17.379310344827587,22,72.17241379310344,0.0,58,256.0,0.0,140.0,0.0,299.42857142857144,0
PRV57234,9.0,84000.0,9333.333333333334,9.0,15.0,5100.0,340.0,15.0,16.782608695652176,20,72.30434782608695,0.0,23,99.0,5.0,24.0,0.375,3712.5,0
PRV57235,3.0,26000.0,8666.666666666666,3.0,12.0,1410.0,117.5,10.0,18.0,22,76.92307692307692,0.0,13,50.0,1.0,15.0,0.2,1827.3333333333333,0
PRV57236,0.0,0.0,0.0,0.0,87.0,19170.0,220.3448275862069,39.0,18.076923076923077,22,74.07692307692308,0.0,39,194.0,0.0,87.0,0.0,220.3448275862069,0
PRV57238,1.0,10000.0,10000.0,1.0,44.0,6940.0,157.72727272727272,28.0,18.379310344827587,22,73.82758620689656,0.034482758620689655,29,89.0,3.0,45.0,0.022222222222222223,376.44444444444446,0
PRV57239,0.0,0.0,0.0,0.0,28.0,6180.0,220.71428571428572,19.0,17.789473684210527,22,70.6842105263158,0.0,19,65.0,0.0,28.0,0.0,220.71428571428572,0
PRV57240,0.0,0.0,0.0,0.0,72.0,24790.0,344.30555555555554,31.0,18.387096774193548,22,72.58064516129032,0.0,31,155.0,0.0,72.0,0.0,344.30555555555554,0
PRV57241,0.0,0.0,0.0,0.0,59.0,26180.0,443.728813559322,44.0,17.25,22,74.5909090909091,0.0,44,139.0,0.0,59.0,0.0,443.728813559322,0
PRV57242,0.0,0.0,0.0,0.0,103.0,31900.0,309.70873786407765,44.0,16.84090909090909,21,77.13636363636364,0.0,44,222.0,0.0,103.0,0.0,309.70873786407765,0
PRV57244,0.0,0.0,0.0,0.0,4.0,610.0,152.5,4.0,18.25,22,67.75,0.0,4,14.0,0.0,4.0,0.0,152.5,0
PRV57245,0.0,0.0,0.0,0.0,92.0,32790.0,356.4130434782609,27.0,18.333333333333332,22,74.88888888888889,0.0,27,176.0,0.0,92.0,0.0,356.4130434782609,0
PRV57246,0.0,0.0,0.0,0.0,6.0,4100.0,683.3333333333334,6.0,17.666666666666668,21,78.66666666666667,0.0,6,17.0,0.0,6.0,0.0,683.3333333333334,0
PRV57247,0.0,0.0,0.0,0.0,11.0,960.0,87.27272727272727,9.0,18.0,21,72.11111111111111,0.0,9,28.0,0.0,11.0,0.0,87.27272727272727,0
PRV57248,0.0,0.0,0.0,0.0,6.0,220.0,36.666666666666664,6.0,17.666666666666668,21,83.33333333333333,0.0,6,12.0,0.0,6.0,0.0,36.666666666666664,0
PRV57250,0.0,0.0,0.0,0.0,23.0,12760.0,554.7826086956521,16.0,16.875,21,77.9375,0.0,16,59.0,0.0,23.0,0.0,554.7826086956521,0
PRV57251,15.0,156000.0,10400.0,14.0,0.0,0.0,0.0,0.0,16.642857142857142,21,73.21428571428571,0.0,14,97.0,7.0,15.0,1.0,10400.0,0
PRV57252,3.0,18000.0,6000.0,3.0,0.0,0.0,0.0,0.0,16.0,18,83.0,0.0,3,26.0,2.0,3.0,1.0,6000.0,0
PRV57253,0.0,0.0,0.0,0.0,44.0,10910.0,247.95454545454547,36.0,17.583333333333332,22,73.44444444444444,0.0,36,93.0,0.0,44.0,0.0,247.95454545454547,0
PRV57255,0.0,0.0,0.0,0.0,34.0,6890.0,202.64705882352942,23.0,18.08695652173913,21,68.0,0.0,23,68.0,0.0,34.0,0.0,202.64705882352942,0
PRV57256,0.0,0.0,0.0,0.0,8.0,1890.0,236.25,8.0,18.875,21,73.0,0.0,8,9.0,0.0,8.0,0.0,236.25,0
PRV57257,0.0,0.0,0.0,0.0,17.0,4920.0,289.4117647058824,11.0,17.363636363636363,20,68.36363636363636,0.0,11,52.0,0.0,17.0,0.0,289.4117647058824,0
PRV57259,0.0,0.0,0.0,0.0,48.0,16450.0,342.7083333333333,38.0,18.026315789473685,22,70.39473684210526,0.0,38,105.0,0.0,48.0,0.0,342.7083333333333,0
PRV57261,0.0,0.0,0.0,0.0,10.0,1600.0,160.0,9.0,16.11111111111111,19,72.55555555555556,0.0,9,31.0,0.0,10.0,0.0,160.0,0
PRV57262,0.0,0.0,0.0,0.0,24.0,4160.0,173.33333333333334,16.0,18.5625,21,70.8125,0.0625,16,71.0,0.0,24.0,0.0,173.33333333333334,0
PRV57263,0.0,0.0,0.0,0.0,52.0,30130.0,579.4230769230769,22.0,18.454545454545453,22,70.95454545454545,0.0,22,105.0,0.0,52.0,0.0,579.4230769230769,0
PRV57264,0.0,0.0,0.0,0.0,8.0,2760.0,345.0,6.0,18.0,22,76.33333333333333,0.0,6,24.0,0.0,8.0,0.0,345.0,0
PRV57265,0.0,0.0,0.0,0.0,1.0,200.0,200.0,1.0,15.0,15,70.0,0.0,1,7.0,0.0,1.0,0.0,200.0,0
PRV57266,0.0,0.0,0.0,0.0,34.0,9860.0,290.0,32.0,18.28125,21,75.3125,0.0,32,62.0,0.0,34.0,0.0,290.0,0
PRV57269,0.0,0.0,0.0,0.0,37.0,5320.0,143.78378378378378,17.0,18.41176470588235,22,75.58823529411765,0.0,17,96.0,0.0,37.0,0.0,143.78378378378378,0
PRV57270,0.0,0.0,0.0,0.0,9.0,1000.0,111.11111111111111,9.0,16.88888888888889,22,82.77777777777777,0.0,9,19.0,0.0,9.0,0.0,111.11111111111111,0
PRV57272,0.0,0.0,0.0,0.0,25.0,8770.0,350.8,18.0,18.333333333333332,22,74.55555555555556,0.0,18,70.0,0.0,25.0,0.0,350.8,0
PRV57273,0.0,0.0,0.0,0.0,9.0,1090.0,121.11111111111111,6.0,17.5,22,72.16666666666667,0.0,6,22.0,0.0,9.0,0.0,121.11111111111111,0
PRV57274,0.0,0.0,0.0,0.0,4.0,130.0,32.5,4.0,17.75,19,64.75,0.0,4,11.0,0.0,4.0,0.0,32.5,0
PRV57275,0.0,0.0,0.0,0.0,61.0,11330.0,185.7377049180328,41.0,18.073170731707318,22,74.21951219512195,0.024390243902439025,41,114.0,0.0,61.0,0.0,185.7377049180328,0
PRV57276,0.0,0.0,0.0,0.0,13.0,4500.0,346.15384615384613,9.0,17.88888888888889,21,68.22222222222223,0.0,9,25.0,0.0,13.0,0.0,346.15384615384613,0
PRV57277,0.0,0.0,0.0,0.0,7.0,1250.0,178.57142857142858,7.0,16.142857142857142,18,70.71428571428571,0.0,7,13.0,0.0,7.0,0.0,178.57142857142858,0
PRV57278,0.0,0.0,0.0,0.0,7.0,950.0,135.71428571428572,7.0,17.857142857142858,20,79.0,0.0,7,17.0,0.0,7.0,0.0,135.71428571428572,0
PRV57280,0.0,0.0,0.0,0.0,3.0,170.0,56.666666666666664,3.0,18.333333333333332,21,76.66666666666667,0.0,3,9.0,0.0,3.0,0.0,56.666666666666664,0
PRV57282,0.0,0.0,0.0,0.0,41.0,8350.0,203.65853658536585,25.0,17.8,21,74.16,0.04,25,91.0,0.0,41.0,0.0,203.65853658536585,1
PRV57283,0.0,0.0,0.0,0.0,1.0,900.0,900.0,1.0,18.0,18,75.0,0.0,1,2.0,0.0,1.0,0.0,900.0,0
PRV57284,19.0,160000.0,8421.052631578947,19.0,4.0,1570.0,392.5,4.0,16.681818181818183,21,66.81818181818181,0.045454545454545456,22,131.0,15.0,23.0,0.8260869565217391,7024.782608695652,1
PRV57285,8.0,83000.0,10375.0,8.0,0.0,0.0,0.0,0.0,17.375,20,80.5,0.0,8,53.0,5.0,8.0,1.0,10375.0,0
PRV57286,0.0,0.0,0.0,0.0,2.0,20.0,10.0,2.0,19.0,20,76.5,0.0,2,3.0,0.0,2.0,0.0,10.0,0
PRV57287,0.0,0.0,0.0,0.0,289.0,80390.0,278.16608996539793,107.0,18.11214953271028,22,73.62616822429906,0.0,107,474.0,0.0,289.0,0.0,278.16608996539793,0
PRV57288,0.0,0.0,0.0,0.0,93.0,27650.0,297.31182795698925,47.0,17.127659574468087,22,73.53191489361703,0.0425531914893617,47,188.0,0.0,93.0,0.0,297.31182795698925,0
PRV57289,0.0,0.0,0.0,0.0,10.0,5830.0,583.0,7.0,17.571428571428573,21,70.28571428571429,0.0,7,19.0,0.0,10.0,0.0,583.0,0
PRV57290,2.0,55000.0,27500.0,2.0,0.0,0.0,0.0,0.0,17.0,19,91.0,0.0,2,18.0,1.0,2.0,1.0,27500.0,0
PRV57291,0.0,0.0,0.0,0.0,3.0,1400.0,466.6666666666667,3.0,18.333333333333332,19,69.66666666666667,0.0,3,11.0,0.0,3.0,0.0,466.6666666666667,0
PRV57293,12.0,100000.0,8333.333333333334,10.0,0.0,0.0,0.0,0.0,17.6,22,70.7,0.0,10,86.0,7.0,12.0,1.0,8333.333333333334,0
PRV57294,2.0,12000.0,6000.0,2.0,0.0,0.0,0.0,0.0,16.5,20,76.0,0.0,2,11.0,1.0,2.0,1.0,6000.0,0
PRV57295,14.0,173000.0,12357.142857142857,13.0,0.0,0.0,0.0,0.0,16.846153846153847,20,67.23076923076923,0.0,13,82.0,6.0,14.0,1.0,12357.142857142857,1
PRV57297,8.0,53000.0,6625.0,8.0,0.0,0.0,0.0,0.0,16.625,20,74.0,0.0,8,60.0,7.0,8.0,1.0,6625.0,1
PRV57298,3.0,14000.0,4666.666666666667,3.0,0.0,0.0,0.0,0.0,16.666666666666668,18,72.33333333333333,0.0,3,26.0,0.0,3.0,1.0,4666.666666666667,0
PRV57299,6.0,40000.0,6666.666666666667,6.0,0.0,0.0,0.0,0.0,17.0,19,73.5,0.0,6,42.0,3.0,6.0,1.0,6666.666666666667,0
PRV57301,4.0,28000.0,7000.0,4.0,28.0,14090.0,503.2142857142857,28.0,17.28125,21,74.03125,0.0,32,92.0,2.0,32.0,0.125,1315.3125,0
PRV57302,2.0,14000.0,7000.0,2.0,2.0,160.0,80.0,2.0,17.0,19,76.75,0.0,4,28.0,1.0,4.0,0.5,3540.0,0
PRV57303,11.0,95000.0,8636.363636363636,11.0,94.0,21860.0,232.5531914893617,81.0,17.880434782608695,22,72.48913043478261,0.0,92,222.0,7.0,105.0,0.10476190476190476,1112.952380952381,0
PRV57304,3.0,42000.0,14000.0,3.0,90.0,26540.0,294.8888888888889,29.0,18.21875,22,74.90625,0.0,32,192.0,4.0,93.0,0.03225806451612903,736.989247311828,0
PRV57305,0.0,0.0,0.0,0.0,675.0,175750.0,260.3703703703704,343.0,18.262390670553938,22,71.5801749271137,0.0029154518950437317,343,883.0,0.0,675.0,0.0,260.3703703703704,0
PRV57306,0.0,0.0,0.0,0.0,2315.0,629460.0,271.9049676025918,1407.0,18.14143567874911,22,72.77825159914713,0.0042643923240938165,1407,1964.0,2.0,2315.0,0.0,271.9049676025918,1
PRV57307,12.0,135700.0,11308.333333333334,11.0,26.0,6040.0,232.30769230769232,25.0,17.34285714285714,22,73.57142857142857,0.0,35,128.0,9.0,38.0,0.3157894736842105,3730.0,0
PRV57308,0.0,0.0,0.0,0.0,6.0,3100.0,516.6666666666666,6.0,17.333333333333332,20,72.33333333333333,0.16666666666666666,6,15.0,0.0,6.0,0.0,516.6666666666666,0
PRV57309,12.0,96000.0,8000.0,12.0,23.0,12260.0,533.0434782608696,23.0,17.428571428571427,22,75.91428571428571,0.0,35,126.0,9.0,35.0,0.34285714285714286,3093.1428571428573,0
PRV57310,65.0,665000.0,10230.76923076923,56.0,57.0,8420.0,147.71929824561403,43.0,17.444444444444443,22,70.8989898989899,0.0,99,338.0,32.0,122.0,0.5327868852459017,5519.836065573771,1
PRV57311,0.0,0.0,0.0,0.0,338.0,85340.0,252.4852071005917,158.0,18.17721518987342,22,72.82911392405063,0.0,158,516.0,0.0,338.0,0.0,252.4852071005917,0
PRV57312,0.0,0.0,0.0,0.0,334.0,91320.0,273.41317365269464,137.0,18.145985401459853,22,74.16058394160584,0.014598540145985401,137,492.0,0.0,334.0,0.0,273.41317365269464,1
PRV57313,0.0,0.0,0.0,0.0,402.0,101970.0,253.65671641791045,328.0,17.99390243902439,22,74.3109756097561,0.003048780487804878,328,619.0,0.0,402.0,0.0,253.65671641791045,0
PRV57314,0.0,0.0,0.0,0.0,48.0,15270.0,318.125,46.0,17.956521739130434,22,69.97826086956522,0.0,46,101.0,0.0,48.0,0.0,318.125,0
PRV57315,0.0,0.0,0.0,0.0,22.0,5960.0,270.90909090909093,22.0,17.545454545454547,22,70.63636363636364,0.0,22,38.0,0.0,22.0,0.0,270.90909090909093,0
PRV57316,39.0,377000.0,9666.666666666666,34.0,46.0,7920.0,172.17391304347825,45.0,17.166666666666668,22,76.92307692307692,0.0,78,266.0,22.0,85.0,0.4588235294117647,4528.470588235294,0
PRV57317,84.0,831000.0,9892.857142857143,80.0,374.0,95330.0,254.89304812834226,298.0,18.022727272727273,22,73.20170454545455,0.0,352,794.0,50.0,458.0,0.18340611353711792,2022.5545851528384,1
PRV57318,0.0,0.0,0.0,0.0,150.0,44180.0,294.53333333333336,131.0,17.66412213740458,22,74.13740458015268,0.007633587786259542,131,256.0,0.0,150.0,0.0,294.53333333333336,0
PRV57319,16.0,107000.0,6687.5,15.0,263.0,70460.0,267.90874524714826,239.0,17.606299212598426,22,73.89370078740157,0.015748031496062992,254,493.0,9.0,279.0,0.05734767025089606,636.0573476702509,0
PRV57320,10.0,93000.0,9300.0,10.0,28.0,11310.0,403.92857142857144,28.0,17.236842105263158,22,71.84210526315789,0.0,38,126.0,6.0,38.0,0.2631578947368421,2745.0,0
PRV57321,15.0,162000.0,10800.0,13.0,69.0,19460.0,282.0289855072464,47.0,17.583333333333332,22,72.2,0.03333333333333333,60,191.0,11.0,84.0,0.17857142857142858,2160.2380952380954,0
PRV57322,7.0,53000.0,7571.428571428572,6.0,26.0,7790.0,299.61538461538464,25.0,17.870967741935484,22,73.41935483870968,0.0,31,96.0,3.0,33.0,0.21212121212121213,1842.121212121212,0
PRV57324,22.0,188000.0,8545.454545454546,21.0,95.0,25550.0,268.94736842105266,91.0,17.767857142857142,22,73.48214285714286,0.017857142857142856,112,284.0,9.0,117.0,0.18803418803418803,1825.2136752136753,0
PRV57325,0.0,0.0,0.0,0.0,41.0,11580.0,282.4390243902439,39.0,18.0,22,74.92307692307692,0.0,39,102.0,0.0,41.0,0.0,282.4390243902439,0
PRV57326,5.0,37000.0,7400.0,5.0,0.0,0.0,0.0,0.0,15.0,19,66.4,0.0,5,40.0,4.0,5.0,1.0,7400.0,0
PRV57327,0.0,0.0,0.0,0.0,3.0,190.0,63.333333333333336,3.0,16.333333333333332,21,84.33333333333333,0.0,3,9.0,0.0,3.0,0.0,63.333333333333336,0
PRV57328,0.0,0.0,0.0,0.0,38.0,5360.0,141.05263157894737,38.0,18.394736842105264,22,73.28947368421052,0.05263157894736842,38,62.0,0.0,38.0,0.0,141.05263157894737,0
PRV57329,0.0,0.0,0.0,0.0,36.0,11470.0,318.6111111111111,35.0,17.285714285714285,21,73.0,0.02857142857142857,35,75.0,0.0,36.0,0.0,318.6111111111111,0
PRV57330,12.0,60000.0,5000.0,10.0,22.0,15570.0,707.7272727272727,18.0,16.892857142857142,21,76.35714285714286,0.03571428571428571,28,126.0,6.0,34.0,0.35294117647058826,2222.6470588235293,0
PRV57331,16.0,175000.0,10937.5,16.0,125.0,42200.0,337.6,112.0,17.59375,22,71.7109375,0.0078125,128,285.0,15.0,141.0,0.11347517730496454,1540.4255319148936,0
PRV57332,0.0,0.0,0.0,0.0,98.0,22560.0,230.20408163265307,89.0,18.191011235955056,22,71.70786516853933,0.011235955056179775,89,205.0,0.0,98.0,0.0,230.20408163265307,0
PRV57333,0.0,0.0,0.0,0.0,1004.0,291020.0,289.8605577689243,723.0,17.964038727524205,22,72.49654218533887,0.005532503457814661,723,1172.0,0.0,1004.0,0.0,289.8605577689243,0
PRV57334,39.0,443000.0,11358.97435897436,33.0,29.0,7080.0,244.13793103448276,27.0,18.05,22,72.06666666666666,0.0,60,232.0,22.0,68.0,0.5735294117647058,6618.823529411765,0
PRV57335,3.0,39000.0,13000.0,3.0,804.0,245670.0,305.55970149253733,303.0,18.336601307189543,22,73.63071895424837,0.006535947712418301,306,984.0,8.0,807.0,0.0037174721189591076,352.75092936802974,1
PRV57336,0.0,0.0,0.0,0.0,135.0,28220.0,209.03703703703704,117.0,18.085470085470085,22,72.78632478632478,0.008547008547008548,117,273.0,0.0,135.0,0.0,209.03703703703704,0
PRV57339,0.0,0.0,0.0,0.0,458.0,105130.0,229.5414847161572,187.0,18.128342245989305,22,72.49732620320856,0.016042780748663103,187,669.0,1.0,458.0,0.0,229.5414847161572,0
PRV57340,17.0,198000.0,11647.058823529413,17.0,24.0,6360.0,265.0,22.0,17.564102564102566,21,71.7948717948718,0.0,39,151.0,14.0,41.0,0.4146341463414634,4984.390243902439,0
PRV57341,77.0,776000.0,10077.922077922078,70.0,100.0,40350.0,403.5,88.0,17.272151898734176,22,70.85443037974683,0.006329113924050633,158,440.0,45.0,177.0,0.4350282485875706,4612.146892655367,1
PRV57343,0.0,0.0,0.0,0.0,75.0,37090.0,494.53333333333336,55.0,18.163636363636364,22,72.47272727272727,0.03636363636363636,55,156.0,0.0,75.0,0.0,494.53333333333336,0
PRV57344,25.0,233000.0,9320.0,24.0,455.0,195700.0,430.1098901098901,180.0,17.98941798941799,22,73.03703703703704,0.005291005291005291,189,745.0,22.0,480.0,0.052083333333333336,893.125,1
PRV57345,43.0,442000.0,10279.06976744186,43.0,45.0,23320.0,518.2222222222222,39.0,17.29268292682927,22,72.6219512195122,0.0,82,289.0,28.0,88.0,0.48863636363636365,5287.727272727273,1
PRV57346,0.0,0.0,0.0,0.0,532.0,150430.0,282.7631578947368,447.0,17.986577181208055,22,73.56152125279642,0.0044742729306487695,447,770.0,0.0,532.0,0.0,282.7631578947368,0
PRV57347,17.0,117000.0,6882.35294117647,17.0,128.0,28560.0,223.125,124.0,17.865248226950353,22,73.39007092198581,0.0,141,292.0,8.0,145.0,0.11724137931034483,1003.8620689655172,0
PRV57348,0.0,0.0,0.0,0.0,920.0,255770.0,278.0108695652174,638.0,18.00626959247649,22,72.33385579937304,0.007836990595611285,638,1073.0,0.0,920.0,0.0,278.0108695652174,0
PRV57350,9.0,65000.0,7222.222222222223,7.0,37.0,6390.0,172.7027027027027,34.0,17.634146341463413,22,70.90243902439025,0.024390243902439025,41,115.0,4.0,46.0,0.1956521739130435,1551.9565217391305,0
PRV57351,0.0,0.0,0.0,0.0,34.0,20180.0,593.5294117647059,32.0,17.90625,21,72.71875,0.0,32,68.0,0.0,34.0,0.0,593.5294117647059,0
PRV57352,3.0,15000.0,5000.0,3.0,41.0,10050.0,245.1219512195122,38.0,18.024390243902438,22,73.97560975609755,0.0,41,95.0,3.0,44.0,0.06818181818181818,569.3181818181819,0
PRV57354,0.0,0.0,0.0,0.0,22.0,8510.0,386.8181818181818,21.0,18.714285714285715,22,70.04761904761905,0.0,21,48.0,0.0,22.0,0.0,386.8181818181818,0
PRV57355,0.0,0.0,0.0,0.0,34.0,16240.0,477.6470588235294,21.0,18.142857142857142,22,72.71428571428571,0.0,21,69.0,0.0,34.0,0.0,477.6470588235294,0
PRV57356,0.0,0.0,0.0,0.0,67.0,23570.0,351.7910447761194,25.0,18.48,22,68.52,0.0,25,128.0,0.0,67.0,0.0,351.7910447761194,0
PRV57357,15.0,113000.0,7533.333333333333,12.0,1.0,1700.0,1700.0,1.0,15.923076923076923,19,77.61538461538461,0.0,13,105.0,8.0,16.0,0.9375,7168.75,0
PRV57358,0.0,0.0,0.0,0.0,77.0,12200.0,158.44155844155844,32.0,17.90625,22,74.25,0.0,32,159.0,1.0,77.0,0.0,158.44155844155844,0
PRV57359,0.0,0.0,0.0,0.0,102.0,34390.0,337.15686274509807,67.0,17.940298507462686,22,74.94029850746269,0.0,67,204.0,0.0,102.0,0.0,337.15686274509807,0
PRV57361,0.0,0.0,0.0,0.0,60.0,18790.0,313.1666666666667,32.0,18.03125,22,73.5625,0.0,32,127.0,0.0,60.0,0.0,313.1666666666667,0
PRV57363,0.0,0.0,0.0,0.0,2.0,400.0,200.0,2.0,21.0,21,73.5,0.0,2,3.0,0.0,2.0,0.0,200.0,0
PRV57364,3.0,42000.0,14000.0,2.0,7.0,650.0,92.85714285714286,7.0,17.22222222222222,21,71.11111111111111,0.0,9,43.0,3.0,10.0,0.3,4265.0,0
PRV57365,0.0,0.0,0.0,0.0,183.0,57260.0,312.89617486338796,84.0,18.428571428571427,22,72.51190476190476,0.0,84,337.0,0.0,183.0,0.0,312.89617486338796,0
PRV57366,0.0,0.0,0.0,0.0,12.0,4960.0,413.3333333333333,7.0,17.285714285714285,20,75.0,0.0,7,35.0,0.0,12.0,0.0,413.3333333333333,0
PRV57367,0.0,0.0,0.0,0.0,11.0,8070.0,733.6363636363636,8.0,18.625,22,76.875,0.0,8,32.0,0.0,11.0,0.0,733.6363636363636,0
PRV57368,0.0,0.0,0.0,0.0,22.0,3500.0,159.0909090909091,22.0,18.5,22,71.68181818181819,0.0,22,57.0,0.0,22.0,0.0,159.0909090909091,0
PRV57369,11.0,117000.0,10636.363636363636,10.0,17.0,2350.0,138.23529411764707,17.0,17.85185185185185,21,71.14814814814815,0.0,27,98.0,9.0,28.0,0.39285714285714285,4262.5,0
PRV57371,0.0,0.0,0.0,0.0,1.0,70.0,70.0,1.0,17.0,17,69.0,0.0,1,2.0,0.0,1.0,0.0,70.0,0
PRV57372,15.0,119000.0,7933.333333333333,12.0,17.0,4750.0,279.4117647058824,17.0,17.214285714285715,21,70.35714285714286,0.0,28,126.0,10.0,32.0,0.46875,3867.1875,0
PRV57373,0.0,0.0,0.0,0.0,2.0,800.0,400.0,2.0,15.0,16,70.0,0.0,2,3.0,0.0,2.0,0.0,400.0,0
PRV57374,0.0,0.0,0.0,0.0,6.0,800.0,133.33333333333334,5.0,18.6,22,73.6,0.0,5,10.0,0.0,6.0,0.0,133.33333333333334,0
PRV57375,6.0,46000.0,7666.666666666667,5.0,75.0,26220.0,349.6,33.0,17.65714285714286,22,71.34285714285714,0.0,35,191.0,3.0,81.0,0.07407407407407407,891.604938271605,0
PRV57376,0.0,0.0,0.0,0.0,20.0,5060.0,253.0,18.0,17.666666666666668,21,67.27777777777777,0.0,18,50.0,0.0,20.0,0.0,253.0,0
PRV57378,0.0,0.0,0.0,0.0,35.0,6780.0,193.71428571428572,29.0,17.551724137931036,22,72.82758620689656,0.0,29,89.0,0.0,35.0,0.0,193.71428571428572,0
PRV57379,3.0,44000.0,14666.666666666666,3.0,25.0,12380.0,495.2,23.0,17.576923076923077,22,68.38461538461539,0.0,26,76.0,2.0,28.0,0.10714285714285714,2013.5714285714287,0
PRV57380,0.0,0.0,0.0,0.0,87.0,22880.0,262.98850574712645,64.0,17.796875,22,73.53125,0.0,64,168.0,0.0,87.0,0.0,262.98850574712645,0
PRV57381,0.0,0.0,0.0,0.0,49.0,18640.0,380.40816326530614,12.0,18.416666666666668,20,77.25,0.0,12,98.0,0.0,49.0,0.0,380.40816326530614,0
PRV57382,5.0,85000.0,17000.0,5.0,74.0,14810.0,200.13513513513513,43.0,18.177777777777777,22,74.22222222222223,0.0,45,166.0,3.0,79.0,0.06329113924050633,1263.4177215189873,0
PRV57385,0.0,0.0,0.0,0.0,90.0,21930.0,243.66666666666666,41.0,18.21951219512195,22,70.3170731707317,0.0,41,181.0,0.0,90.0,0.0,243.66666666666666,0
PRV57386,0.0,0.0,0.0,0.0,1.0,300.0,300.0,1.0,20.0,20,72.0,0.0,1,2.0,0.0,1.0,0.0,300.0,0
PRV57388,0.0,0.0,0.0,0.0,9.0,1660.0,184.44444444444446,7.0,17.857142857142858,22,74.28571428571429,0.0,7,29.0,0.0,9.0,0.0,184.44444444444446,0
PRV57389,0.0,0.0,0.0,0.0,6.0,3810.0,635.0,4.0,17.75,19,75.0,0.0,4,16.0,0.0,6.0,0.0,635.0,0
PRV57390,0.0,0.0,0.0,0.0,55.0,10840.0,197.0909090909091,42.0,17.833333333333332,21,73.5952380952381,0.0,42,115.0,0.0,55.0,0.0,197.0909090909091,0
PRV57391,0.0,0.0,0.0,0.0,19.0,4780.0,251.57894736842104,13.0,17.76923076923077,22,74.0,0.0,13,58.0,0.0,19.0,0.0,251.57894736842104,0
PRV57392,0.0,0.0,0.0,0.0,2.0,70.0,35.0,2.0,16.5,17,76.5,0.0,2,4.0,0.0,2.0,0.0,35.0,0
PRV57393,0.0,0.0,0.0,0.0,5.0,2800.0,560.0,5.0,16.8,22,73.8,0.0,5,24.0,0.0,5.0,0.0,560.0,0
PRV57394,0.0,0.0,0.0,0.0,16.0,6630.0,414.375,15.0,18.2,21,70.13333333333334,0.0,15,39.0,0.0,16.0,0.0,414.375,0
PRV57396,0.0,0.0,0.0,0.0,1.0,0.0,0.0,1.0,18.0,18,66.0,0.0,1,3.0,0.0,1.0,0.0,0.0,0
PRV57397,7.0,65000.0,9285.714285714286,7.0,0.0,0.0,0.0,0.0,17.571428571428573,20,72.85714285714286,0.0,7,44.0,6.0,7.0,1.0,9285.714285714286,0
PRV57398,3.0,50600.0,16866.666666666668,3.0,0.0,0.0,0.0,0.0,18.333333333333332,20,55.666666666666664,0.0,3,15.0,2.0,3.0,1.0,16866.666666666668,0
PRV57399,1.0,57000.0,57000.0,1.0,0.0,0.0,0.0,0.0,15.0,15,58.0,0.0,1,9.0,1.0,1.0,1.0,57000.0,0
PRV57400,8.0,67000.0,8375.0,6.0,0.0,0.0,0.0,0.0,16.5,20,74.16666666666667,0.0,6,59.0,4.0,8.0,1.0,8375.0,0
PRV57401,8.0,65000.0,8125.0,8.0,0.0,0.0,0.0,0.0,16.875,19,76.25,0.0,8,56.0,10.0,8.0,1.0,8125.0,0
PRV57402,0.0,0.0,0.0,0.0,1.0,20.0,20.0,1.0,20.0,20,71.0,0.0,1,1.0,0.0,1.0,0.0,20.0,0
PRV57403,15.0,172000.0,11466.666666666666,13.0,0.0,0.0,0.0,0.0,16.615384615384617,19,72.53846153846153,0.0,13,100.0,12.0,15.0,1.0,11466.666666666666,0
PRV57404,9.0,62000.0,6888.888888888889,8.0,37.0,12250.0,331.0810810810811,35.0,17.6046511627907,22,69.37209302325581,0.0,43,139.0,6.0,46.0,0.1956521739130435,1614.1304347826087,0
PRV57405,0.0,0.0,0.0,0.0,32.0,5690.0,177.8125,27.0,18.11111111111111,22,75.14814814814815,0.0,27,73.0,0.0,32.0,0.0,177.8125,0
PRV57406,46.0,489000.0,10630.434782608696,40.0,22.0,16460.0,748.1818181818181,20.0,16.862068965517242,22,73.98275862068965,0.0,58,253.0,23.0,68.0,0.6764705882352942,7433.235294117647,0
PRV57407,0.0,0.0,0.0,0.0,217.0,62860.0,289.6774193548387,103.0,18.33009708737864,22,70.64077669902913,0.009708737864077669,103,381.0,0.0,217.0,0.0,289.6774193548387,0
PRV57408,0.0,0.0,0.0,0.0,55.0,8650.0,157.27272727272728,50.0,17.48,21,74.36,0.04,50,128.0,2.0,55.0,0.0,157.27272727272728,0
PRV57409,24.0,206000.0,8583.333333333334,22.0,47.0,12620.0,268.51063829787233,43.0,17.75,22,70.296875,0.0,64,231.0,14.0,71.0,0.3380281690140845,3079.154929577465,1
PRV57410,0.0,0.0,0.0,0.0,241.0,57710.0,239.46058091286307,125.0,17.84,22,70.528,0.0,125,351.0,0.0,241.0,0.0,239.46058091286307,0
PRV57411,0.0,0.0,0.0,0.0,29.0,8560.0,295.17241379310343,27.0,18.14814814814815,21,72.44444444444444,0.0,27,66.0,0.0,29.0,0.0,295.17241379310343,0
PRV57412,9.0,59000.0,6555.555555555556,7.0,289.0,91380.0,316.1937716262976,105.0,18.018691588785046,22,70.42056074766356,0.018691588785046728,107,517.0,8.0,298.0,0.030201342281879196,504.6308724832215,0
PRV57413,0.0,0.0,0.0,0.0,52.0,18030.0,346.7307692307692,31.0,17.548387096774192,20,66.74193548387096,0.0,31,131.0,0.0,52.0,0.0,346.7307692307692,0
PRV57414,18.0,213000.0,11833.333333333334,16.0,10.0,2460.0,246.0,10.0,16.76,21,74.64,0.0,25,122.0,12.0,28.0,0.6428571428571429,7695.0,0
PRV57415,0.0,0.0,0.0,0.0,86.0,39090.0,454.5348837209302,41.0,18.121951219512194,22,69.5609756097561,0.0,41,188.0,0.0,86.0,0.0,454.5348837209302,0
PRV57416,0.0,0.0,0.0,0.0,7.0,1200.0,171.42857142857142,6.0,17.833333333333332,20,69.66666666666667,0.0,6,19.0,0.0,7.0,0.0,171.42857142857142,0
PRV57417,0.0,0.0,0.0,0.0,9.0,2620.0,291.1111111111111,9.0,18.333333333333332,22,74.22222222222223,0.0,9,19.0,0.0,9.0,0.0,291.1111111111111,0
PRV57419,0.0,0.0,0.0,0.0,17.0,4900.0,288.2352941176471,17.0,17.823529411764707,22,66.52941176470588,0.0,17,29.0,0.0,17.0,0.0,288.2352941176471,0
PRV57421,0.0,0.0,0.0,0.0,35.0,8080.0,230.85714285714286,33.0,16.818181818181817,22,73.81818181818181,0.0,33,84.0,0.0,35.0,0.0,230.85714285714286,0
PRV57422,0.0,0.0,0.0,0.0,104.0,33620.0,323.2692307692308,60.0,18.216666666666665,22,73.76666666666667,0.0,60,206.0,0.0,104.0,0.0,323.2692307692308,0
PRV57423,0.0,0.0,0.0,0.0,47.0,21380.0,454.8936170212766,41.0,17.75609756097561,22,73.26829268292683,0.0,41,106.0,0.0,47.0,0.0,454.8936170212766,0
PRV57424,0.0,0.0,0.0,0.0,38.0,11890.0,312.89473684210526,28.0,17.5,22,67.78571428571429,0.0,28,92.0,0.0,38.0,0.0,312.89473684210526,0
PRV57425,32.0,312200.0,9756.25,27.0,92.0,33520.0,364.3478260869565,79.0,17.396039603960396,22,70.57425742574257,0.019801980198019802,101,316.0,21.0,124.0,0.25806451612903225,2788.064516129032,1
PRV57426,0.0,0.0,0.0,0.0,60.0,16240.0,270.6666666666667,33.0,17.575757575757574,22,72.0909090909091,0.0,33,113.0,0.0,60.0,0.0,270.6666666666667,0
PRV57427,14.0,110000.0,7857.142857142857,12.0,16.0,3590.0,224.375,15.0,16.814814814814813,21,74.96296296296296,0.037037037037037035,27,110.0,11.0,30.0,0.4666666666666667,3786.3333333333335,0
PRV57429,0.0,0.0,0.0,0.0,154.0,41490.0,269.4155844155844,80.0,17.6125,22,72.5,0.0125,80,294.0,0.0,154.0,0.0,269.4155844155844,0
PRV57431,0.0,0.0,0.0,0.0,24.0,13600.0,566.6666666666666,19.0,17.842105263157894,22,74.47368421052632,0.0,19,56.0,0.0,24.0,0.0,566.6666666666666,0
PRV57432,0.0,0.0,0.0,0.0,48.0,13420.0,279.5833333333333,41.0,17.73170731707317,22,71.3170731707317,0.024390243902439025,41,94.0,0.0,48.0,0.0,279.5833333333333,0
PRV57433,16.0,126000.0,7875.0,16.0,54.0,15500.0,287.037037037037,48.0,17.96825396825397,22,68.4920634920635,0.015873015873015872,63,177.0,11.0,70.0,0.22857142857142856,2021.4285714285713,0
PRV57434,0.0,0.0,0.0,0.0,316.0,83990.0,265.7911392405063,151.0,17.927152317880793,22,70.3907284768212,0.019867549668874173,151,493.0,0.0,316.0,0.0,265.7911392405063,0
PRV57435,0.0,0.0,0.0,0.0,25.0,4860.0,194.4,21.0,17.428571428571427,21,73.71428571428571,0.047619047619047616,21,52.0,0.0,25.0,0.0,194.4,0
PRV57436,0.0,0.0,0.0,0.0,41.0,10950.0,267.0731707317073,32.0,18.1875,22,70.8125,0.0,32,69.0,0.0,41.0,0.0,267.0731707317073,0
PRV57437,6.0,54000.0,9000.0,6.0,21.0,9170.0,436.6666666666667,21.0,17.11111111111111,21,66.03703703703704,0.037037037037037035,27,85.0,3.0,27.0,0.2222222222222222,2339.6296296296296,0
PRV57438,4.0,22000.0,5500.0,3.0,10.0,2180.0,218.0,9.0,17.363636363636363,20,69.9090909090909,0.0,11,47.0,4.0,14.0,0.2857142857142857,1727.142857142857,0
PRV57440,0.0,0.0,0.0,0.0,4.0,330.0,82.5,3.0,19.0,20,70.66666666666667,0.0,3,10.0,0.0,4.0,0.0,82.5,0
PRV57441,0.0,0.0,0.0,0.0,74.0,26660.0,360.27027027027026,39.0,17.23076923076923,22,75.8974358974359,0.05128205128205128,39,171.0,0.0,74.0,0.0,360.27027027027026,0
PRV57443,0.0,0.0,0.0,0.0,52.0,33790.0,649.8076923076923,22.0,17.545454545454547,21,71.95454545454545,0.0,22,118.0,0.0,52.0,0.0,649.8076923076923,0
PRV57444,0.0,0.0,0.0,0.0,13.0,7550.0,580.7692307692307,13.0,18.307692307692307,22,70.0,0.0,13,40.0,0.0,13.0,0.0,580.7692307692307,0
PRV57445,2.0,8000.0,4000.0,2.0,28.0,14150.0,505.35714285714283,18.0,18.0,22,66.1,0.0,20,70.0,0.0,30.0,0.06666666666666667,738.3333333333334,0
PRV57446,0.0,0.0,0.0,0.0,8.0,5600.0,700.0,7.0,16.142857142857142,20,79.28571428571429,0.0,7,21.0,0.0,8.0,0.0,700.0,0
PRV57447,0.0,0.0,0.0,0.0,9.0,4240.0,471.1111111111111,9.0,17.444444444444443,21,72.66666666666667,0.0,9,16.0,0.0,9.0,0.0,471.1111111111111,0
PRV57448,0.0,0.0,0.0,0.0,205.0,51920.0,253.26829268292684,113.0,17.938053097345133,22,71.50442477876106,0.008849557522123894,113,376.0,0.0,205.0,0.0,253.26829268292684,0
PRV57449,0.0,0.0,0.0,0.0,103.0,28380.0,275.5339805825243,57.0,18.140350877192983,22,74.3859649122807,0.0,57,187.0,0.0,103.0,0.0,275.5339805825243,0
PRV57450,0.0,0.0,0.0,0.0,11.0,4750.0,431.8181818181818,11.0,17.545454545454547,20,74.72727272727273,0.0,11,31.0,0.0,11.0,0.0,431.8181818181818,0
PRV57452,0.0,0.0,0.0,0.0,3.0,120.0,40.0,3.0,18.666666666666668,20,63.333333333333336,0.0,3,6.0,0.0,3.0,0.0,40.0,0
PRV57453,0.0,0.0,0.0,0.0,17.0,2850.0,167.64705882352942,15.0,17.8,20,68.93333333333334,0.06666666666666667,15,44.0,0.0,17.0,0.0,167.64705882352942,0
PRV57454,0.0,0.0,0.0,0.0,42.0,5610.0,133.57142857142858,29.0,18.620689655172413,21,66.27586206896552,0.034482758620689655,29,78.0,0.0,42.0,0.0,133.57142857142858,0
PRV57455,0.0,0.0,0.0,0.0,6.0,2130.0,355.0,6.0,18.0,22,61.833333333333336,0.0,6,19.0,0.0,6.0,0.0,355.0,0
PRV57456,0.0,0.0,0.0,0.0,16.0,2350.0,146.875,15.0,18.133333333333333,22,68.13333333333334,0.0,15,32.0,0.0,16.0,0.0,146.875,0
PRV57459,0.0,0.0,0.0,0.0,11.0,4600.0,418.1818181818182,9.0,16.444444444444443,22,77.77777777777777,0.0,9,27.0,0.0,11.0,0.0,418.1818181818182,0
PRV57460,0.0,0.0,0.0,0.0,36.0,7840.0,217.77777777777777,28.0,17.785714285714285,22,67.89285714285714,0.03571428571428571,28,84.0,0.0,36.0,0.0,217.77777777777777,0
PRV57461,0.0,0.0,0.0,0.0,1.0,0.0,0.0,1.0,19.0,19,77.0,0.0,1,0.0,0.0,1.0,0.0,0.0,0
PRV57462,0.0,0.0,0.0,0.0,10.0,1560.0,156.0,10.0,17.9,21,72.4,0.0,10,31.0,0.0,10.0,0.0,156.0,0
PRV57463,0.0,0.0,0.0,0.0,28.0,7410.0,264.64285714285717,26.0,17.653846153846153,21,66.96153846153847,0.038461538461538464,26,55.0,0.0,28.0,0.0,264.64285714285717,0
PRV57464,0.0,0.0,0.0,0.0,2.0,80.0,40.0,2.0,18.0,19,54.5,0.0,2,11.0,0.0,2.0,0.0,40.0,0
PRV57465,0.0,0.0,0.0,0.0,22.0,2730.0,124.0909090909091,19.0,18.473684210526315,22,69.3157894736842,0.05263157894736842,19,44.0,0.0,22.0,0.0,124.0909090909091,0
PRV57467,0.0,0.0,0.0,0.0,1.0,40.0,40.0,1.0,22.0,22,52.0,0.0,1,4.0,0.0,1.0,0.0,40.0,0
PRV57468,0.0,0.0,0.0,0.0,12.0,2300.0,191.66666666666666,8.0,17.0,20,79.375,0.0,8,41.0,0.0,12.0,0.0,191.66666666666666,0
PRV57469,0.0,0.0,0.0,0.0,58.0,22050.0,380.17241379310343,37.0,18.243243243243242,22,74.05405405405405,0.02702702702702703,37,126.0,0.0,58.0,0.0,380.17241379310343,0
PRV57470,0.0,0.0,0.0,0.0,12.0,1610.0,134.16666666666666,11.0,18.90909090909091,22,73.45454545454545,0.0,11,31.0,0.0,12.0,0.0,134.16666666666666,0
PRV57471,0.0,0.0,0.0,0.0,2.0,350.0,175.0,2.0,19.0,19,61.5,0.0,2,2.0,0.0,2.0,0.0,175.0,0
PRV57472,0.0,0.0,0.0,0.0,4.0,1700.0,425.0,4.0,15.75,21,81.75,0.0,4,9.0,0.0,4.0,0.0,425.0,0
PRV57473,0.0,0.0,0.0,0.0,1.0,90.0,90.0,1.0,20.0,20,37.0,0.0,1,1.0,0.0,1.0,0.0,90.0,0
PRV57474,0.0,0.0,0.0,0.0,4.0,830.0,207.5,4.0,18.5,22,72.25,0.0,4,9.0,0.0,4.0,0.0,207.5,0
PRV57475,0.0,0.0,0.0,0.0,23.0,9340.0,406.0869565217391,16.0,16.125,20,75.875,0.0625,16,61.0,0.0,23.0,0.0,406.0869565217391,0
PRV57476,0.0,0.0,0.0,0.0,145.0,47070.0,324.62068965517244,56.0,18.464285714285715,22,70.89285714285714,0.0,56,254.0,0.0,145.0,0.0,324.62068965517244,0
PRV57477,0.0,0.0,0.0,0.0,85.0,22740.0,267.52941176470586,42.0,18.19047619047619,22,74.28571428571429,0.023809523809523808,42,163.0,0.0,85.0,0.0,267.52941176470586,0
PRV57479,0.0,0.0,0.0,0.0,19.0,7220.0,380.0,17.0,17.705882352941178,22,73.11764705882354,0.058823529411764705,17,40.0,0.0,19.0,0.0,380.0,0
PRV57481,62.0,776000.0,12516.129032258064,52.0,0.0,0.0,0.0,0.0,16.596153846153847,21,75.96153846153847,0.0,52,296.0,45.0,62.0,1.0,12516.129032258064,1
PRV57484,0.0,0.0,0.0,0.0,9.0,1090.0,121.11111111111111,6.0,16.666666666666668,19,79.66666666666667,0.0,6,27.0,0.0,9.0,0.0,121.11111111111111,0
PRV57485,0.0,0.0,0.0,0.0,10.0,1670.0,167.0,10.0,18.1,20,62.3,0.1,10,20.0,0.0,10.0,0.0,167.0,0
PRV57486,0.0,0.0,0.0,0.0,35.0,4430.0,126.57142857142857,19.0,18.526315789473685,22,74.21052631578948,0.05263157894736842,19,81.0,0.0,35.0,0.0,126.57142857142857,0
PRV57487,15.0,140000.0,9333.333333333334,14.0,0.0,0.0,0.0,0.0,17.285714285714285,21,75.35714285714286,0.0,14,91.0,10.0,15.0,1.0,9333.333333333334,0
PRV57488,0.0,0.0,0.0,0.0,5.0,540.0,108.0,5.0,17.0,20,80.4,0.0,5,12.0,0.0,5.0,0.0,108.0,0
PRV57489,17.0,182000.0,10705.882352941177,17.0,0.0,0.0,0.0,0.0,17.41176470588235,22,70.11764705882354,0.0,17,101.0,7.0,17.0,1.0,10705.882352941177,0
PRV57490,21.0,201200.0,9580.952380952382,19.0,0.0,0.0,0.0,0.0,16.36842105263158,21,71.10526315789474,0.05263157894736842,19,103.0,18.0,21.0,1.0,9580.952380952382,0
PRV57491,0.0,0.0,0.0,0.0,116.0,30830.0,265.7758620689655,62.0,18.06451612903226,22,75.14516129032258,0.016129032258064516,62,220.0,0.0,116.0,0.0,265.7758620689655,0
PRV57492,36.0,332000.0,9222.222222222223,33.0,81.0,16030.0,197.90123456790124,66.0,17.49473684210526,22,73.5578947368421,0.0,95,310.0,23.0,117.0,0.3076923076923077,2974.6153846153848,0
PRV57495,37.0,387000.0,10459.45945945946,34.0,76.0,13530.0,178.02631578947367,68.0,17.545454545454547,22,73.97979797979798,0.0,99,331.0,20.0,113.0,0.3274336283185841,3544.5132743362833,1
PRV57496,0.0,0.0,0.0,0.0,38.0,7750.0,203.94736842105263,36.0,17.944444444444443,22,73.22222222222223,0.0,36,91.0,0.0,38.0,0.0,203.94736842105263,0
PRV57499,0.0,0.0,0.0,0.0,18.0,8940.0,496.6666666666667,18.0,17.27777777777778,22,66.94444444444444,0.0,18,40.0,0.0,18.0,0.0,496.6666666666667,0
PRV57500,0.0,0.0,0.0,0.0,79.0,26090.0,330.253164556962,78.0,17.705128205128204,22,74.28205128205128,0.0,78,158.0,0.0,79.0,0.0,330.253164556962,0
PRV57501,0.0,0.0,0.0,0.0,64.0,11740.0,183.4375,63.0,17.984126984126984,22,74.74603174603175,0.031746031746031744,63,121.0,0.0,64.0,0.0,183.4375,0
PRV57502,114.0,1149200.0,10080.701754385966,99.0,146.0,48350.0,331.16438356164383,140.0,17.327659574468086,22,73.76170212765958,0.00851063829787234,235,599.0,60.0,260.0,0.43846153846153846,4605.961538461538,1
PRV57504,0.0,0.0,0.0,0.0,28.0,5910.0,211.07142857142858,28.0,17.25,22,71.32142857142857,0.0,28,53.0,0.0,28.0,0.0,211.07142857142858,0
PRV57507,0.0,0.0,0.0,0.0,112.0,26740.0,238.75,96.0,17.625,22,75.98958333333333,0.010416666666666666,96,207.0,0.0,112.0,0.0,238.75,0
PRV57509,0.0,0.0,0.0,0.0,58.0,11690.0,201.55172413793105,53.0,17.90566037735849,22,75.0377358490566,0.0,53,143.0,0.0,58.0,0.0,201.55172413793105,0
PRV57510,43.0,422020.0,9814.418604651162,40.0,204.0,64970.0,318.48039215686276,179.0,17.733644859813083,22,75.32242990654206,0.0,214,517.0,27.0,247.0,0.17408906882591094,1971.6194331983806,0
PRV57512,0.0,0.0,0.0,0.0,108.0,24330.0,225.27777777777777,84.0,18.083333333333332,22,72.78571428571429,0.0,84,199.0,0.0,108.0,0.0,225.27777777777777,0
PRV57514,0.0,0.0,0.0,0.0,51.0,15030.0,294.70588235294116,44.0,18.0,22,74.72727272727273,0.0,44,126.0,0.0,51.0,0.0,294.70588235294116,0
PRV57515,19.0,146000.0,7684.210526315789,19.0,69.0,21970.0,318.40579710144925,63.0,17.275,22,73.5625,0.0,80,222.0,13.0,88.0,0.2159090909090909,1908.75,0
PRV57516,0.0,0.0,0.0,0.0,10.0,2290.0,229.0,10.0,17.7,21,79.5,0.0,10,20.0,0.0,10.0,0.0,229.0,0
PRV57517,0.0,0.0,0.0,0.0,60.0,20230.0,337.1666666666667,56.0,17.607142857142858,22,68.73214285714286,0.0,56,120.0,0.0,60.0,0.0,337.1666666666667,0
PRV57518,2.0,35000.0,17500.0,2.0,95.0,33130.0,348.7368421052632,45.0,17.148936170212767,22,72.97872340425532,0.0,47,185.0,2.0,97.0,0.020618556701030927,702.3711340206186,0
PRV57519,12.0,113000.0,9416.666666666666,11.0,145.0,30280.0,208.82758620689654,131.0,17.838028169014084,22,74.53521126760563,0.007042253521126761,142,302.0,6.0,157.0,0.07643312101910828,912.6114649681529,0
PRV57520,0.0,0.0,0.0,0.0,23.0,5740.0,249.56521739130434,23.0,17.17391304347826,20,71.30434782608695,0.043478260869565216,23,55.0,0.0,23.0,0.0,249.56521739130434,0
PRV57521,12.0,93000.0,7750.0,11.0,99.0,28150.0,284.34343434343435,94.0,17.78095238095238,22,73.96190476190476,0.02857142857142857,105,252.0,8.0,111.0,0.10810810810810811,1091.4414414414414,0
PRV57522,0.0,0.0,0.0,0.0,40.0,8310.0,207.75,40.0,17.775,22,73.45,0.0,40,76.0,0.0,40.0,0.0,207.75,0
PRV57523,15.0,130000.0,8666.666666666666,14.0,136.0,39960.0,293.8235294117647,116.0,17.813953488372093,22,75.56589147286822,0.015503875968992248,129,310.0,12.0,151.0,0.09933774834437085,1125.5629139072848,0
PRV57525,21.0,197000.0,9380.952380952382,20.0,86.0,16820.0,195.58139534883722,67.0,17.435897435897434,22,72.7051282051282,0.0,78,263.0,12.0,107.0,0.19626168224299065,1998.3177570093458,1
PRV57526,2.0,53000.0,26500.0,2.0,200.0,56310.0,281.55,152.0,17.714285714285715,22,75.26623376623377,0.006493506493506494,154,364.0,4.0,202.0,0.009900990099009901,541.1386138613861,0
PRV57527,51.0,628000.0,12313.725490196079,43.0,114.0,37500.0,328.94736842105266,98.0,17.607407407407408,22,73.93333333333334,0.014814814814814815,135,413.0,33.0,165.0,0.3090909090909091,4033.3333333333335,1
PRV57528,13.0,75600.0,5815.384615384615,12.0,388.0,125420.0,323.2474226804124,337.0,17.652173913043477,22,73.85217391304347,0.008695652173913044,345,605.0,7.0,401.0,0.032418952618453865,501.29675810473816,1
PRV57529,0.0,0.0,0.0,0.0,295.0,75340.0,255.38983050847457,188.0,18.19148936170213,22,74.19148936170212,0.005319148936170213,188,448.0,0.0,295.0,0.0,255.38983050847457,0
PRV57530,52.0,390100.0,7501.923076923077,51.0,426.0,115490.0,271.1032863849765,344.0,17.59846547314578,22,72.52685421994885,0.01278772378516624,391,746.0,22.0,478.0,0.1087866108786611,1057.7196652719665,0
PRV57531,0.0,0.0,0.0,0.0,68.0,16630.0,244.55882352941177,43.0,17.74418604651163,22,71.06976744186046,0.0,43,145.0,0.0,68.0,0.0,244.55882352941177,0
PRV57532,0.0,0.0,0.0,0.0,351.0,111560.0,317.83475783475785,157.0,17.993630573248407,22,75.5859872611465,0.0,157,555.0,0.0,351.0,0.0,317.83475783475785,0
PRV57533,22.0,279000.0,12681.818181818182,17.0,86.0,20560.0,239.06976744186048,67.0,17.120481927710845,22,74.25301204819277,0.0,83,266.0,19.0,108.0,0.2037037037037037,2773.703703703704,0
PRV57534,0.0,0.0,0.0,0.0,152.0,38820.0,255.39473684210526,117.0,17.581196581196583,22,73.35042735042735,0.0,117,277.0,0.0,152.0,0.0,255.39473684210526,0
PRV57536,0.0,0.0,0.0,0.0,79.0,18560.0,234.9367088607595,71.0,17.225352112676056,22,72.30985915492958,0.0,71,170.0,0.0,79.0,0.0,234.9367088607595,0
PRV57539,0.0,0.0,0.0,0.0,33.0,10630.0,322.1212121212121,32.0,17.625,22,73.28125,0.0,32,83.0,0.0,33.0,0.0,322.1212121212121,0
PRV57540,0.0,0.0,0.0,0.0,39.0,7460.0,191.28205128205127,32.0,18.5625,22,73.28125,0.0,32,80.0,0.0,39.0,0.0,191.28205128205127,0
PRV57541,0.0,0.0,0.0,0.0,31.0,9750.0,314.51612903225805,24.0,17.458333333333332,21,74.95833333333333,0.0,24,65.0,0.0,31.0,0.0,314.51612903225805,0
PRV57542,0.0,0.0,0.0,0.0,37.0,5330.0,144.05405405405406,35.0,17.34285714285714,21,72.34285714285714,0.0,35,97.0,0.0,37.0,0.0,144.05405405405406,0
PRV57543,46.0,433000.0,9413.04347826087,43.0,308.0,83360.0,270.64935064935065,285.0,17.69113149847095,22,73.45565749235475,0.0061162079510703364,327,644.0,30.0,354.0,0.12994350282485875,1458.6440677966102,1
PRV57544,0.0,0.0,0.0,0.0,52.0,10340.0,198.84615384615384,47.0,17.97872340425532,22,76.42553191489361,0.0,47,112.0,0.0,52.0,0.0,198.84615384615384,0
PRV57545,1.0,28000.0,28000.0,1.0,60.0,12430.0,207.16666666666666,53.0,17.703703703703702,22,71.64814814814815,0.0,54,132.0,1.0,61.0,0.01639344262295082,662.7868852459017,0
PRV57546,0.0,0.0,0.0,0.0,18.0,5310.0,295.0,18.0,17.166666666666668,21,73.5,0.0,18,49.0,0.0,18.0,0.0,295.0,0
PRV57547,18.0,215000.0,11944.444444444445,16.0,68.0,19080.0,280.5882352941176,63.0,17.70886075949367,22,74.78481012658227,0.0,79,247.0,13.0,86.0,0.20930232558139536,2721.860465116279,1
PRV57548,107.0,1038500.0,9705.607476635514,87.0,103.0,30550.0,296.6019417475728,95.0,17.016666666666666,22,72.55,0.005555555555555556,180,523.0,61.0,210.0,0.5095238095238095,5090.714285714285,1
PRV57549,0.0,0.0,0.0,0.0,518.0,161160.0,311.11969111969114,324.0,18.104938271604937,22,73.6141975308642,0.015432098765432098,324,718.0,0.0,518.0,0.0,311.11969111969114,0
PRV57550,0.0,0.0,0.0,0.0,29.0,6070.0,209.31034482758622,22.0,17.681818181818183,22,72.31818181818181,0.0,22,58.0,0.0,29.0,0.0,209.31034482758622,0
PRV57551,0.0,0.0,0.0,0.0,132.0,42330.0,320.6818181818182,100.0,17.68,22,72.07,0.0,100,248.0,0.0,132.0,0.0,320.6818181818182,0
PRV57552,0.0,0.0,0.0,0.0,11.0,2340.0,212.72727272727272,11.0,17.09090909090909,22,77.18181818181819,0.0,11,27.0,0.0,11.0,0.0,212.72727272727272,0
PRV57553,0.0,0.0,0.0,0.0,21.0,8460.0,402.85714285714283,20.0,17.1,20,76.8,0.0,20,48.0,0.0,21.0,0.0,402.85714285714283,0
PRV57555,27.0,326800.0,12103.703703703704,26.0,15.0,3980.0,265.3333333333333,15.0,17.0,21,73.71794871794872,0.02564102564102564,39,164.0,22.0,42.0,0.6428571428571429,7875.714285714285,0
PRV57557,0.0,0.0,0.0,0.0,97.0,20700.0,213.4020618556701,39.0,18.0,22,72.6923076923077,0.0,39,187.0,0.0,97.0,0.0,213.4020618556701,0
PRV57558,8.0,71000.0,8875.0,6.0,49.0,20590.0,420.2040816326531,36.0,17.825,22,73.0,0.0,40,130.0,7.0,57.0,0.14035087719298245,1606.842105263158,0
PRV57560,1.0,9000.0,9000.0,1.0,1.0,0.0,0.0,1.0,15.5,17,63.5,0.0,2,10.0,1.0,2.0,0.5,4500.0,0
PRV57561,1.0,11000.0,11000.0,1.0,16.0,5810.0,363.125,16.0,17.0,21,68.11764705882354,0.0,17,48.0,1.0,17.0,0.058823529411764705,988.8235294117648,0
PRV57563,0.0,0.0,0.0,0.0,6.0,830.0,138.33333333333334,6.0,16.666666666666668,20,64.5,0.0,6,17.0,0.0,6.0,0.0,138.33333333333334,0
PRV57564,0.0,0.0,0.0,0.0,7.0,280.0,40.0,7.0,18.142857142857142,20,74.42857142857143,0.0,7,20.0,0.0,7.0,0.0,40.0,0
PRV57565,0.0,0.0,0.0,0.0,6.0,6340.0,1056.6666666666667,6.0,17.166666666666668,19,76.83333333333333,0.0,6,14.0,0.0,6.0,0.0,1056.6666666666667,0
PRV57567,7.0,112000.0,16000.0,6.0,5.0,290.0,58.0,5.0,17.09090909090909,22,75.0909090909091,0.0,11,58.0,4.0,12.0,0.5833333333333334,9357.5,0
PRV57568,18.0,111900.0,6216.666666666667,18.0,29.0,8450.0,291.37931034482756,28.0,17.195652173913043,22,73.95652173913044,0.0,46,161.0,12.0,47.0,0.3829787234042553,2560.6382978723404,0
PRV57569,5.0,31000.0,6200.0,4.0,68.0,26940.0,396.1764705882353,58.0,17.451612903225808,22,76.04838709677419,0.0,62,171.0,3.0,73.0,0.0684931506849315,793.6986301369863,1
PRV57570,0.0,0.0,0.0,0.0,4.0,430.0,107.5,4.0,19.0,20,67.5,0.0,4,13.0,0.0,4.0,0.0,107.5,0
PRV57571,0.0,0.0,0.0,0.0,1.0,400.0,400.0,1.0,20.0,20,79.0,0.0,1,1.0,0.0,1.0,0.0,400.0,0
PRV57572,0.0,0.0,0.0,0.0,265.0,80050.0,302.07547169811323,207.0,17.806763285024154,22,75.71497584541063,0.00966183574879227,207,451.0,0.0,265.0,0.0,302.07547169811323,0
PRV57573,0.0,0.0,0.0,0.0,33.0,6180.0,187.27272727272728,16.0,18.25,21,70.9375,0.0625,16,63.0,0.0,33.0,0.0,187.27272727272728,0
PRV57574,0.0,0.0,0.0,0.0,58.0,19640.0,338.62068965517244,48.0,18.145833333333332,22,74.8125,0.0,48,118.0,0.0,58.0,0.0,338.62068965517244,0
PRV57575,0.0,0.0,0.0,0.0,24.0,5970.0,248.75,13.0,18.384615384615383,22,74.61538461538461,0.0,13,50.0,0.0,24.0,0.0,248.75,0
PRV57576,0.0,0.0,0.0,0.0,22.0,4320.0,196.36363636363637,21.0,17.714285714285715,21,71.52380952380952,0.0,21,53.0,0.0,22.0,0.0,196.36363636363637,0
PRV57577,0.0,0.0,0.0,0.0,73.0,29810.0,408.35616438356163,36.0,17.416666666666668,21,73.91666666666667,0.0,36,156.0,0.0,73.0,0.0,408.35616438356163,0
PRV57578,0.0,0.0,0.0,0.0,2.0,180.0,90.0,2.0,18.5,22,64.0,0.0,2,5.0,0.0,2.0,0.0,90.0,0
PRV57580,0.0,0.0,0.0,0.0,134.0,24650.0,183.955223880597,83.0,18.16867469879518,22,72.44578313253012,0.0,83,251.0,1.0,134.0,0.0,183.955223880597,0
PRV57581,0.0,0.0,0.0,0.0,15.0,2370.0,158.0,15.0,18.0,21,70.73333333333333,0.0,15,31.0,0.0,15.0,0.0,158.0,0
PRV57583,0.0,0.0,0.0,0.0,14.0,3080.0,220.0,12.0,18.0,21,77.75,0.0,12,36.0,0.0,14.0,0.0,220.0,0
PRV57584,3.0,21000.0,7000.0,3.0,40.0,7760.0,194.0,23.0,19.0,22,70.68,0.0,25,117.0,2.0,43.0,0.06976744186046512,668.8372093023256,0
PRV57585,0.0,0.0,0.0,0.0,140.0,44220.0,315.85714285714283,71.0,18.028169014084508,22,71.69014084507042,0.0,71,273.0,0.0,140.0,0.0,315.85714285714283,0
PRV57586,0.0,0.0,0.0,0.0,144.0,49710.0,345.2083333333333,51.0,17.705882352941178,22,74.23529411764706,0.0,51,279.0,0.0,144.0,0.0,345.2083333333333,0
PRV57588,0.0,0.0,0.0,0.0,2.0,530.0,265.0,2.0,17.0,19,76.0,0.0,2,5.0,0.0,2.0,0.0,265.0,0
PRV57590,3.0,14000.0,4666.666666666667,3.0,73.0,19520.0,267.3972602739726,57.0,17.783333333333335,22,74.35,0.016666666666666666,60,193.0,3.0,76.0,0.039473684210526314,441.05263157894734,0
PRV57592,0.0,0.0,0.0,0.0,79.0,16880.0,213.67088607594937,64.0,17.625,22,75.734375,0.0,64,155.0,0.0,79.0,0.0,213.67088607594937,0
PRV57593,6.0,77000.0,12833.333333333334,6.0,20.0,7910.0,395.5,17.0,17.952380952380953,22,70.33333333333333,0.0,21,86.0,6.0,26.0,0.23076923076923078,3265.769230769231,0
PRV57594,1.0,4000.0,4000.0,1.0,13.0,2300.0,176.92307692307693,13.0,17.928571428571427,22,71.5,0.0,14,38.0,0.0,14.0,0.07142857142857142,450.0,0
PRV57595,0.0,0.0,0.0,0.0,56.0,10250.0,183.03571428571428,24.0,17.791666666666668,22,73.79166666666667,0.0,24,133.0,0.0,56.0,0.0,183.03571428571428,0
PRV57596,0.0,0.0,0.0,0.0,160.0,38040.0,237.75,75.0,17.44,22,75.12,0.0,75,312.0,0.0,160.0,0.0,237.75,0
PRV57597,0.0,0.0,0.0,0.0,227.0,47000.0,207.04845814977975,107.0,17.710280373831775,22,73.82242990654206,0.0,107,382.0,0.0,227.0,0.0,207.04845814977975,0
PRV57598,0.0,0.0,0.0,0.0,23.0,2890.0,125.65217391304348,23.0,18.434782608695652,22,73.56521739130434,0.043478260869565216,23,55.0,0.0,23.0,0.0,125.65217391304348,0
PRV57599,0.0,0.0,0.0,0.0,5.0,510.0,102.0,5.0,16.8,20,76.6,0.0,5,11.0,0.0,5.0,0.0,102.0,0
PRV57600,9.0,57000.0,6333.333333333333,6.0,42.0,18000.0,428.57142857142856,40.0,17.956521739130434,22,72.06521739130434,0.0,46,128.0,3.0,51.0,0.17647058823529413,1470.5882352941176,0
PRV57601,0.0,0.0,0.0,0.0,62.0,21020.0,339.03225806451616,48.0,18.083333333333332,22,75.4375,0.020833333333333332,48,149.0,0.0,62.0,0.0,339.03225806451616,0
PRV57602,0.0,0.0,0.0,0.0,38.0,8970.0,236.05263157894737,30.0,17.366666666666667,22,67.8,0.0,30,92.0,0.0,38.0,0.0,236.05263157894737,0
PRV57603,0.0,0.0,0.0,0.0,169.0,49340.0,291.9526627218935,76.0,18.473684210526315,22,74.80263157894737,0.0,76,304.0,0.0,169.0,0.0,291.9526627218935,0
PRV57605,0.0,0.0,0.0,0.0,134.0,35590.0,265.5970149253731,91.0,17.46153846153846,22,72.67032967032966,0.01098901098901099,91,250.0,0.0,134.0,0.0,265.5970149253731,0
PRV57609,0.0,0.0,0.0,0.0,2.0,3000.0,1500.0,2.0,18.5,20,72.5,0.0,2,7.0,0.0,2.0,0.0,1500.0,0
PRV57610,0.0,0.0,0.0,0.0,32.0,7500.0,234.375,16.0,17.9375,22,72.125,0.0625,16,89.0,0.0,32.0,0.0,234.375,0
PRV57611,0.0,0.0,0.0,0.0,134.0,38520.0,287.46268656716416,74.0,18.18918918918919,22,73.10810810810811,0.0,74,294.0,2.0,134.0,0.0,287.46268656716416,0
PRV57612,3.0,31000.0,10333.333333333334,3.0,3.0,490.0,163.33333333333334,3.0,16.0,18,79.5,0.0,6,29.0,0.0,6.0,0.5,5248.333333333333,0
PRV57613,0.0,0.0,0.0,0.0,2.0,250.0,125.0,2.0,20.0,21,80.5,0.0,2,5.0,0.0,2.0,0.0,125.0,0
PRV57614,0.0,0.0,0.0,0.0,4.0,1700.0,425.0,2.0,15.0,16,61.5,0.0,2,17.0,0.0,4.0,0.0,425.0,0
PRV57615,0.0,0.0,0.0,0.0,2.0,110.0,55.0,2.0,17.0,19,79.5,0.0,2,4.0,0.0,2.0,0.0,55.0,0
PRV57616,0.0,0.0,0.0,0.0,7.0,640.0,91.42857142857143,7.0,16.428571428571427,20,61.857142857142854,0.0,7,12.0,0.0,7.0,0.0,91.42857142857143,0
PRV57617,0.0,0.0,0.0,0.0,3.0,130.0,43.333333333333336,3.0,16.333333333333332,18,73.0,0.0,3,14.0,0.0,3.0,0.0,43.333333333333336,0
PRV57618,0.0,0.0,0.0,0.0,220.0,55280.0,251.27272727272728,95.0,18.326315789473686,22,72.93684210526315,0.021052631578947368,95,383.0,0.0,220.0,0.0,251.27272727272728,0
PRV57619,0.0,0.0,0.0,0.0,21.0,2520.0,120.0,18.0,16.555555555555557,21,78.11111111111111,0.0,18,40.0,0.0,21.0,0.0,120.0,0
PRV57623,0.0,0.0,0.0,0.0,4.0,940.0,235.0,4.0,16.5,20,64.5,0.0,4,8.0,0.0,4.0,0.0,235.0,0
PRV57624,0.0,0.0,0.0,0.0,41.0,6930.0,169.02439024390245,26.0,17.5,22,76.88461538461539,0.0,26,83.0,0.0,41.0,0.0,169.02439024390245,0
PRV57625,0.0,0.0,0.0,0.0,44.0,7340.0,166.8181818181818,21.0,17.333333333333332,21,73.57142857142857,0.0,21,98.0,0.0,44.0,0.0,166.8181818181818,0
PRV57626,0.0,0.0,0.0,0.0,6.0,900.0,150.0,6.0,18.666666666666668,21,71.16666666666667,0.0,6,18.0,0.0,6.0,0.0,150.0,0
PRV57627,0.0,0.0,0.0,0.0,28.0,10360.0,370.0,28.0,18.5,22,74.35714285714286,0.0,28,58.0,0.0,28.0,0.0,370.0,0
PRV57629,10.0,122300.0,12230.0,9.0,0.0,0.0,0.0,0.0,16.555555555555557,20,69.22222222222223,0.0,9,65.0,5.0,10.0,1.0,12230.0,0
PRV57630,8.0,52000.0,6500.0,8.0,0.0,0.0,0.0,0.0,17.375,20,78.0,0.0,8,58.0,3.0,8.0,1.0,6500.0,0
PRV57631,18.0,227000.0,12611.111111111111,17.0,0.0,0.0,0.0,0.0,16.529411764705884,21,73.88235294117646,0.0,17,108.0,14.0,18.0,1.0,12611.111111111111,1
PRV57632,1.0,6000.0,6000.0,1.0,0.0,0.0,0.0,0.0,16.0,16,88.0,0.0,1,7.0,2.0,1.0,1.0,6000.0,0
PRV57633,4.0,31000.0,7750.0,3.0,0.0,0.0,0.0,0.0,16.0,17,80.66666666666667,0.0,3,24.0,5.0,4.0,1.0,7750.0,0
PRV57634,8.0,58000.0,7250.0,8.0,0.0,0.0,0.0,0.0,16.375,18,74.25,0.0,8,56.0,4.0,8.0,1.0,7250.0,0
PRV57635,18.0,275000.0,15277.777777777777,16.0,0.0,0.0,0.0,0.0,16.0,20,73.5625,0.0625,16,95.0,10.0,18.0,1.0,15277.777777777777,0
PRV57636,5.0,28000.0,5600.0,5.0,0.0,0.0,0.0,0.0,17.6,20,75.2,0.0,5,34.0,1.0,5.0,1.0,5600.0,0
PRV57638,9.0,72400.0,8044.444444444444,8.0,0.0,0.0,0.0,0.0,16.25,20,74.125,0.0,8,59.0,7.0,9.0,1.0,8044.444444444444,0
PRV57639,0.0,0.0,0.0,0.0,17.0,4890.0,287.6470588235294,14.0,17.428571428571427,21,74.5,0.07142857142857142,14,46.0,0.0,17.0,0.0,287.6470588235294,0
PRV57640,5.0,46000.0,9200.0,5.0,10.0,2130.0,213.0,9.0,17.357142857142858,22,72.0,0.0,14,53.0,2.0,15.0,0.3333333333333333,3208.6666666666665,0
PRV57641,3.0,16000.0,5333.333333333333,3.0,58.0,13470.0,232.24137931034483,24.0,18.44,22,72.96,0.0,25,132.0,3.0,61.0,0.04918032786885246,483.11475409836066,0
PRV57642,23.0,288000.0,12521.739130434782,17.0,197.0,33470.0,169.89847715736042,101.0,18.27777777777778,22,72.24074074074075,0.018518518518518517,108,414.0,18.0,220.0,0.10454545454545454,1461.2272727272727,1
PRV57643,7.0,56000.0,8000.0,6.0,102.0,22870.0,224.2156862745098,29.0,18.451612903225808,22,70.90322580645162,0.0,31,232.0,3.0,109.0,0.06422018348623854,723.5779816513761,0
PRV57645,0.0,0.0,0.0,0.0,6.0,390.0,65.0,6.0,17.333333333333332,21,69.16666666666667,0.0,6,8.0,0.0,6.0,0.0,65.0,0
PRV57646,0.0,0.0,0.0,0.0,25.0,8570.0,342.8,11.0,20.272727272727273,22,71.54545454545455,0.0,11,65.0,0.0,25.0,0.0,342.8,0
PRV57647,0.0,0.0,0.0,0.0,46.0,8530.0,185.43478260869566,16.0,18.5,22,70.6875,0.0,16,86.0,0.0,46.0,0.0,185.43478260869566,0
PRV57650,1.0,3000.0,3000.0,1.0,35.0,11210.0,320.2857142857143,10.0,17.8,21,70.2,0.0,10,72.0,1.0,36.0,0.027777777777777776,394.72222222222223,0
PRV57651,0.0,0.0,0.0,0.0,22.0,3180.0,144.54545454545453,14.0,18.642857142857142,22,76.21428571428571,0.0,14,44.0,0.0,22.0,0.0,144.54545454545453,0
PRV57652,0.0,0.0,0.0,0.0,15.0,4900.0,326.6666666666667,6.0,18.166666666666668,22,68.5,0.0,6,39.0,0.0,15.0,0.0,326.6666666666667,0
PRV57653,0.0,0.0,0.0,0.0,82.0,15920.0,194.14634146341464,46.0,19.217391304347824,22,75.08695652173913,0.0,46,151.0,0.0,82.0,0.0,194.14634146341464,0
PRV57654,0.0,0.0,0.0,0.0,72.0,16670.0,231.52777777777777,24.0,18.791666666666668,22,71.25,0.0,24,145.0,0.0,72.0,0.0,231.52777777777777,0
PRV57655,0.0,0.0,0.0,0.0,1.0,400.0,400.0,1.0,18.0,18,70.0,0.0,1,2.0,0.0,1.0,0.0,400.0,0
PRV57657,0.0,0.0,0.0,0.0,54.0,15930.0,295.0,20.0,18.3,22,73.6,0.0,20,109.0,0.0,54.0,0.0,295.0,0
PRV57658,0.0,0.0,0.0,0.0,51.0,16170.0,317.05882352941177,37.0,18.27027027027027,22,74.10810810810811,0.0,37,96.0,0.0,51.0,0.0,317.05882352941177,0
PRV57659,0.0,0.0,0.0,0.0,1.0,20.0,20.0,1.0,17.0,17,85.0,0.0,1,3.0,0.0,1.0,0.0,20.0,0
PRV57660,0.0,0.0,0.0,0.0,6.0,2420.0,403.3333333333333,5.0,17.0,20,66.8,0.2,5,14.0,0.0,6.0,0.0,403.3333333333333,0
PRV57662,0.0,0.0,0.0,0.0,3.0,2460.0,820.0,3.0,15.0,16,73.33333333333333,0.0,3,8.0,0.0,3.0,0.0,820.0,0
PRV57663,0.0,0.0,0.0,0.0,3.0,410.0,136.66666666666666,3.0,15.666666666666666,17,73.66666666666667,0.0,3,11.0,0.0,3.0,0.0,136.66666666666666,0
PRV57667,3.0,20000.0,6666.666666666667,2.0,0.0,0.0,0.0,0.0,14.0,15,78.5,0.0,2,24.0,2.0,3.0,1.0,6666.666666666667,1
PRV57668,0.0,0.0,0.0,0.0,23.0,6570.0,285.6521739130435,19.0,16.894736842105264,22,66.21052631578948,0.05263157894736842,19,57.0,0.0,23.0,0.0,285.6521739130435,0
PRV57669,0.0,0.0,0.0,0.0,3.0,250.0,83.33333333333333,3.0,16.666666666666668,19,65.33333333333333,0.0,3,15.0,0.0,3.0,0.0,83.33333333333333,0
PRV57670,0.0,0.0,0.0,0.0,1.0,20.0,20.0,1.0,17.0,17,67.0,0.0,1,5.0,0.0,1.0,0.0,20.0,0
PRV57671,0.0,0.0,0.0,0.0,6.0,730.0,121.66666666666667,6.0,16.666666666666668,18,72.83333333333333,0.0,6,13.0,0.0,6.0,0.0,121.66666666666667,0
PRV57672,0.0,0.0,0.0,0.0,425.0,118190.0,278.09411764705885,342.0,17.97953216374269,22,73.97076023391813,0.011695906432748537,342,645.0,0.0,425.0,0.0,278.09411764705885,1
PRV57673,0.0,0.0,0.0,0.0,217.0,51690.0,238.20276497695852,125.0,17.92,22,72.816,0.008,125,326.0,0.0,217.0,0.0,238.20276497695852,0
PRV57674,0.0,0.0,0.0,0.0,413.0,133220.0,322.5665859564165,158.0,17.835443037974684,22,72.79113924050633,0.0189873417721519,158,617.0,0.0,413.0,0.0,322.5665859564165,0
PRV57675,0.0,0.0,0.0,0.0,3.0,1650.0,550.0,3.0,17.333333333333332,20,65.33333333333333,0.0,3,8.0,0.0,3.0,0.0,550.0,0
PRV57676,0.0,0.0,0.0,0.0,15.0,3180.0,212.0,15.0,17.333333333333332,21,75.46666666666667,0.0,15,39.0,0.0,15.0,0.0,212.0,0
PRV57677,0.0,0.0,0.0,0.0,226.0,73900.0,326.9911504424779,206.0,17.674757281553397,22,73.63106796116504,0.009708737864077669,206,373.0,1.0,226.0,0.0,326.9911504424779,0
PRV57678,0.0,0.0,0.0,0.0,9.0,3970.0,441.1111111111111,9.0,17.444444444444443,20,74.66666666666667,0.0,9,31.0,0.0,9.0,0.0,441.1111111111111,0
PRV57679,0.0,0.0,0.0,0.0,1.0,400.0,400.0,1.0,17.0,17,76.0,0.0,1,9.0,0.0,1.0,0.0,400.0,0
PRV57680,0.0,0.0,0.0,0.0,19.0,9360.0,492.63157894736844,18.0,18.0,22,71.55555555555556,0.0,18,56.0,0.0,19.0,0.0,492.63157894736844,0
PRV57682,0.0,0.0,0.0,0.0,3.0,3100.0,1033.3333333333333,3.0,18.666666666666668,22,64.0,0.0,3,9.0,0.0,3.0,0.0,1033.3333333333333,0
PRV57683,0.0,0.0,0.0,0.0,15.0,7150.0,476.6666666666667,14.0,17.071428571428573,20,74.42857142857143,0.0,14,33.0,0.0,15.0,0.0,476.6666666666667,0
PRV57684,0.0,0.0,0.0,0.0,65.0,21110.0,324.7692307692308,58.0,17.96551724137931,22,71.37931034482759,0.017241379310344827,58,126.0,1.0,65.0,0.0,324.7692307692308,0
PRV57686,0.0,0.0,0.0,0.0,23.0,9110.0,396.0869565217391,22.0,18.181818181818183,22,74.0909090909091,0.0,22,44.0,0.0,23.0,0.0,396.0869565217391,0
PRV57687,0.0,0.0,0.0,0.0,6.0,1080.0,180.0,6.0,17.166666666666668,19,65.33333333333333,0.0,6,12.0,0.0,6.0,0.0,180.0,0
PRV57688,0.0,0.0,0.0,0.0,12.0,4230.0,352.5,12.0,17.666666666666668,21,74.41666666666667,0.0,12,29.0,0.0,12.0,0.0,352.5,0
PRV57689,0.0,0.0,0.0,0.0,53.0,15380.0,290.188679245283,41.0,17.73170731707317,22,74.09756097560975,0.0,41,118.0,0.0,53.0,0.0,290.188679245283,0
PRV57690,0.0,0.0,0.0,0.0,4.0,4480.0,1120.0,3.0,16.333333333333332,18,67.66666666666667,0.0,3,6.0,0.0,4.0,0.0,1120.0,0
PRV57691,0.0,0.0,0.0,0.0,51.0,11990.0,235.09803921568627,20.0,17.9,22,76.6,0.0,20,113.0,0.0,51.0,0.0,235.09803921568627,0
PRV57692,0.0,0.0,0.0,0.0,2.0,450.0,225.0,2.0,15.0,16,75.0,0.0,2,6.0,0.0,2.0,0.0,225.0,0
PRV57693,0.0,0.0,0.0,0.0,133.0,41250.0,310.1503759398496,117.0,17.77777777777778,22,74.42735042735043,0.0,117,258.0,0.0,133.0,0.0,310.1503759398496,0
PRV57694,0.0,0.0,0.0,0.0,18.0,3150.0,175.0,18.0,18.555555555555557,22,76.0,0.05555555555555555,18,38.0,0.0,18.0,0.0,175.0,0
PRV57696,0.0,0.0,0.0,0.0,3.0,100.0,33.333333333333336,3.0,17.666666666666668,18,77.66666666666667,0.0,3,3.0,0.0,3.0,0.0,33.333333333333336,0
PRV57697,48.0,503000.0,10479.166666666666,43.0,18.0,4650.0,258.3333333333333,17.0,17.166666666666668,22,72.93333333333334,0.0,60,254.0,25.0,66.0,0.7272727272727273,7691.666666666667,1
PRV57699,3.0,26000.0,8666.666666666666,3.0,0.0,0.0,0.0,0.0,17.666666666666668,19,66.66666666666667,0.0,3,27.0,4.0,3.0,1.0,8666.666666666666,0
PRV57700,0.0,0.0,0.0,0.0,1.0,60.0,60.0,1.0,14.0,14,83.0,0.0,1,1.0,0.0,1.0,0.0,60.0,0
PRV57701,0.0,0.0,0.0,0.0,4.0,620.0,155.0,4.0,18.25,20,72.75,0.0,4,7.0,0.0,4.0,0.0,155.0,0
PRV57702,7.0,78000.0,11142.857142857143,5.0,8.0,2830.0,353.75,8.0,17.384615384615383,22,68.46153846153847,0.0,13,76.0,9.0,15.0,0.4666666666666667,5388.666666666667,0
PRV57704,3.0,25000.0,8333.333333333334,3.0,4.0,1770.0,442.5,4.0,16.857142857142858,22,78.28571428571429,0.0,7,30.0,2.0,7.0,0.42857142857142855,3824.285714285714,0
PRV57705,0.0,0.0,0.0,0.0,2.0,400.0,200.0,2.0,17.5,18,55.5,0.0,2,11.0,0.0,2.0,0.0,200.0,0
PRV57706,0.0,0.0,0.0,0.0,5.0,3040.0,608.0,5.0,15.2,20,67.0,0.2,5,20.0,0.0,5.0,0.0,608.0,0
PRV57707,0.0,0.0,0.0,0.0,2.0,70.0,35.0,2.0,15.0,18,74.0,0.0,2,2.0,0.0,2.0,0.0,35.0,0
PRV57709,30.0,398000.0,13266.666666666666,27.0,187.0,43530.0,232.7807486631016,151.0,17.74705882352941,22,72.61176470588235,0.0,170,451.0,17.0,217.0,0.1382488479262673,2034.700460829493,1
PRV57710,0.0,0.0,0.0,0.0,409.0,111150.0,271.76039119804403,336.0,17.604166666666668,22,72.8125,0.017857142857142856,336,583.0,0.0,409.0,0.0,271.76039119804403,0
PRV57711,19.0,155000.0,8157.894736842105,19.0,4.0,1000.0,250.0,4.0,16.130434782608695,20,72.78260869565217,0.0,23,107.0,10.0,23.0,0.8260869565217391,6782.608695652174,0
PRV57712,2.0,11000.0,5500.0,2.0,7.0,770.0,110.0,7.0,17.11111111111111,22,69.66666666666667,0.0,9,28.0,1.0,9.0,0.2222222222222222,1307.7777777777778,0
PRV57714,0.0,0.0,0.0,0.0,4.0,480.0,120.0,4.0,18.0,20,80.5,0.0,4,11.0,0.0,4.0,0.0,120.0,0
PRV57715,42.0,472300.0,11245.238095238095,39.0,818.0,215900.0,263.9364303178484,370.0,17.85529715762274,22,73.16279069767442,0.007751937984496124,387,1133.0,35.0,860.0,0.04883720930232558,800.2325581395348,0
PRV57716,0.0,0.0,0.0,0.0,11.0,3540.0,321.8181818181818,11.0,16.636363636363637,21,71.18181818181819,0.0,11,33.0,0.0,11.0,0.0,321.8181818181818,0
PRV57717,15.0,176700.0,11780.0,13.0,99.0,21130.0,213.43434343434345,76.0,17.6046511627907,22,71.51162790697674,0.0,86,261.0,9.0,114.0,0.13157894736842105,1735.3508771929824,0
PRV57718,0.0,0.0,0.0,0.0,161.0,58290.0,362.0496894409938,61.0,17.852459016393443,22,73.37704918032787,0.0,61,309.0,0.0,161.0,0.0,362.0496894409938,0
PRV57719,4.0,76000.0,19000.0,4.0,19.0,2830.0,148.94736842105263,19.0,17.0,22,71.08695652173913,0.0,23,69.0,3.0,23.0,0.17391304347826086,3427.391304347826,0
PRV57720,0.0,0.0,0.0,0.0,14.0,4670.0,333.57142857142856,14.0,16.428571428571427,21,67.07142857142857,0.0,14,35.0,0.0,14.0,0.0,333.57142857142856,0
PRV57721,0.0,0.0,0.0,0.0,3.0,230.0,76.66666666666667,3.0,19.0,21,76.0,0.0,3,5.0,0.0,3.0,0.0,76.66666666666667,0
PRV57722,0.0,0.0,0.0,0.0,34.0,7490.0,220.2941176470588,32.0,17.625,21,71.53125,0.0,32,80.0,0.0,34.0,0.0,220.2941176470588,0
PRV57723,0.0,0.0,0.0,0.0,20.0,2590.0,129.5,19.0,17.57894736842105,21,73.42105263157895,0.0,19,46.0,0.0,20.0,0.0,129.5,0
PRV57724,0.0,0.0,0.0,0.0,2.0,80.0,40.0,2.0,16.0,17,74.5,0.0,2,3.0,0.0,2.0,0.0,40.0,0
PRV57725,0.0,0.0,0.0,0.0,7.0,1740.0,248.57142857142858,6.0,17.833333333333332,20,78.16666666666667,0.0,6,11.0,0.0,7.0,0.0,248.57142857142858,0
PRV57727,0.0,0.0,0.0,0.0,16.0,2670.0,166.875,16.0,17.25,20,74.6875,0.0,16,36.0,0.0,16.0,0.0,166.875,0
PRV57728,1.0,6000.0,6000.0,1.0,3.0,1310.0,436.6666666666667,3.0,19.25,22,76.5,0.0,4,12.0,0.0,4.0,0.25,1827.5,0
PRV57729,11.0,107000.0,9727.272727272728,10.0,12.0,7300.0,608.3333333333334,12.0,16.272727272727273,22,72.22727272727273,0.0,22,96.0,5.0,23.0,0.4782608695652174,4969.565217391304,0
PRV57730,0.0,0.0,0.0,0.0,40.0,8720.0,218.0,23.0,17.869565217391305,22,72.1304347826087,0.043478260869565216,23,106.0,0.0,40.0,0.0,218.0,0
PRV57731,0.0,0.0,0.0,0.0,2.0,150.0,75.0,2.0,18.0,20,81.5,0.0,2,1.0,0.0,2.0,0.0,75.0,0
PRV57732,11.0,76000.0,6909.090909090909,11.0,39.0,12140.0,311.28205128205127,36.0,17.47826086956522,22,74.06521739130434,0.0,46,140.0,8.0,50.0,0.22,1762.8,0
PRV57733,0.0,0.0,0.0,0.0,45.0,12480.0,277.3333333333333,25.0,17.4,22,75.64,0.0,25,91.0,0.0,45.0,0.0,277.3333333333333,0
PRV57734,0.0,0.0,0.0,0.0,19.0,11010.0,579.4736842105264,19.0,17.68421052631579,22,72.57894736842105,0.0,19,49.0,0.0,19.0,0.0,579.4736842105264,0
PRV57735,0.0,0.0,0.0,0.0,6.0,780.0,130.0,6.0,17.666666666666668,20,76.66666666666667,0.0,6,16.0,0.0,6.0,0.0,130.0,0
PRV57736,0.0,0.0,0.0,0.0,12.0,2990.0,249.16666666666666,12.0,17.75,22,75.66666666666667,0.0,12,32.0,0.0,12.0,0.0,249.16666666666666,0
PRV57737,0.0,0.0,0.0,0.0,2.0,130.0,65.0,2.0,16.0,17,83.5,0.0,2,7.0,0.0,2.0,0.0,65.0,0
PRV57738,0.0,0.0,0.0,0.0,1.0,10.0,10.0,1.0,20.0,20,71.0,0.0,1,2.0,0.0,1.0,0.0,10.0,0
PRV57739,0.0,0.0,0.0,0.0,11.0,7020.0,638.1818181818181,10.0,18.2,21,71.1,0.0,10,23.0,0.0,11.0,0.0,638.1818181818181,0
PRV57740,0.0,0.0,0.0,0.0,12.0,5500.0,458.3333333333333,12.0,18.0,20,71.91666666666667,0.0,12,35.0,0.0,12.0,0.0,458.3333333333333,0
PRV57741,0.0,0.0,0.0,0.0,15.0,2290.0,152.66666666666666,14.0,18.428571428571427,22,73.07142857142857,0.0,14,35.0,0.0,15.0,0.0,152.66666666666666,0
PRV57742,0.0,0.0,0.0,0.0,8.0,340.0,42.5,8.0,17.25,19,75.125,0.0,8,19.0,0.0,8.0,0.0,42.5,0
PRV57743,0.0,0.0,0.0,0.0,8.0,4350.0,543.75,8.0,17.125,21,78.75,0.0,8,16.0,0.0,8.0,0.0,543.75,0
PRV57744,0.0,0.0,0.0,0.0,19.0,8510.0,447.89473684210526,17.0,17.11764705882353,21,70.82352941176471,0.0,17,63.0,0.0,19.0,0.0,447.89473684210526,0
PRV57746,0.0,0.0,0.0,0.0,42.0,6100.0,145.23809523809524,41.0,17.585365853658537,22,73.63414634146342,0.0,41,95.0,1.0,42.0,0.0,145.23809523809524,0
PRV57747,0.0,0.0,0.0,0.0,2.0,110.0,55.0,2.0,20.5,22,79.0,0.0,2,5.0,0.0,2.0,0.0,55.0,0
PRV57748,0.0,0.0,0.0,0.0,45.0,16000.0,355.55555555555554,44.0,17.636363636363637,22,73.38636363636364,0.0,44,111.0,1.0,45.0,0.0,355.55555555555554,0
PRV57751,0.0,0.0,0.0,0.0,4.0,230.0,57.5,4.0,16.5,21,79.0,0.0,4,9.0,0.0,4.0,0.0,57.5,0
PRV57752,0.0,0.0,0.0,0.0,1.0,80.0,80.0,1.0,15.0,15,50.0,0.0,1,4.0,0.0,1.0,0.0,80.0,0
PRV57753,0.0,0.0,0.0,0.0,1.0,80.0,80.0,1.0,20.0,20,89.0,0.0,1,1.0,0.0,1.0,0.0,80.0,0
PRV57754,0.0,0.0,0.0,0.0,6.0,2070.0,345.0,6.0,17.166666666666668,22,75.33333333333333,0.0,6,11.0,0.0,6.0,0.0,345.0,0
PRV57755,0.0,0.0,0.0,0.0,1.0,300.0,300.0,1.0,18.0,18,69.0,0.0,1,9.0,0.0,1.0,0.0,300.0,0
PRV57756,0.0,0.0,0.0,0.0,27.0,3790.0,140.37037037037038,27.0,16.962962962962962,21,74.51851851851852,0.0,27,60.0,0.0,27.0,0.0,140.37037037037038,0
PRV57757,11.0,109000.0,9909.09090909091,11.0,0.0,0.0,0.0,0.0,15.545454545454545,20,71.81818181818181,0.0,11,65.0,7.0,11.0,1.0,9909.09090909091,0
PRV57758,0.0,0.0,0.0,0.0,2.0,110.0,55.0,2.0,16.5,18,64.5,0.0,2,6.0,0.0,2.0,0.0,55.0,0
PRV57759,0.0,0.0,0.0,0.0,28.0,10640.0,380.0,24.0,16.75,21,74.45833333333333,0.0,24,49.0,0.0,28.0,0.0,380.0,0
PRV57760,0.0,0.0,0.0,0.0,22.0,4770.0,216.8181818181818,9.0,18.22222222222222,20,65.11111111111111,0.0,9,47.0,0.0,22.0,0.0,216.8181818181818,0
PRV57761,0.0,0.0,0.0,0.0,82.0,18470.0,225.2439024390244,67.0,17.253731343283583,22,74.08955223880596,0.014925373134328358,67,182.0,0.0,82.0,0.0,225.2439024390244,0
PRV57762,0.0,0.0,0.0,0.0,1.0,1900.0,1900.0,1.0,17.0,17,67.0,0.0,1,1.0,0.0,1.0,0.0,1900.0,0
PRV57763,0.0,0.0,0.0,0.0,118.0,43610.0,369.5762711864407,70.0,17.87142857142857,22,73.02857142857142,0.0,70,218.0,0.0,118.0,0.0,369.5762711864407,0
